lead_id,company_name,company_website,prospect_name,prospect_title,prospect_email,country,industry,source,manual_context,action,status,approved,revision_instruction,import_batch_id,source_provider,source_type,file_name,created_by,created_at,total_rows,imported_count,duplicate_count,rejected_count,error_count,notes,candidate_id,source_record_id,source_url,company_domain,company_linkedin_url,prospect_linkedin_url,region,company_size,raw_headline,raw_company_description,raw_data_json,candidate_status,candidate_score,candidate_score_reason,dedupe_key,duplicate_of,reviewed_by,reviewed_at,manual_company_context,manual_person_context,manual_linkedin_notes,fit_score,fit_score_reason,quality_score,quality_issues,evidence_quality,manual_context_summary,message_angle,email_subject,email_draft,revision_instruction_hash,last_processed_revision_hash,revision_count,revised_draft,final_subject,final_message,gmail_draft_id,gmail_draft_url,export_ready,agent_note,error_message,run_id,locked_at,processed_at,last_updated_by_agent_at,enrichment_result,apollo_enrichment_status,apollo_enrichment_reason,apollo_enrichment_score,apollo_enrichment_confidence,apollo_email_enriched_at,apollo_credits_used,manual_company_linkedin_text,manual_person_linkedin_text,manual_company_linkedin_copied_at,manual_person_linkedin_copied_at,identity_validation_status,identity_validation_reason,icp_status,icp_score,icp_score_reason,ready_for_enrichment,ready_for_draft,enrichment_id,enrichment_status,company_summary,b2b_fit,operational_pain_hypothesis,possible_ai_use_case,personalization_angle,trigger_summary,risk_flags,review_required,review_category,review_summary,review_evidence,suggested_action,suggested_action_reason,user_decision,user_decision_notes,evidence_count,evidence_sources,evidence_summary,evidence_urls,confidence_score,recommended_action,finished_at
lead_good_001,Andes ERP Partners,https://andeserp.example.com,Camila Rojas,Founder,camila@andeserp.example.com,Peru,ERP implementation,manual,Consultora B2B de implementacion ERP. El equipo comercial parece pequeno y vende proyectos consultivos.,research_and_draft,insufficient_data,false,,,,,,,,,,,,,,,,,,,,,,,,,,,,,,,,,,,,,,,,,,,,,,,,,,,,,"Enrichment complete. Status: insufficient_data, confidence: 30, recommended_action: discard.",,,,,,"{""enrichment_id"": ""enr-lead_good_001"", ""run_id"": ""test-run"", ""lead_id"": ""lead_good_001"", ""company_name"": ""Andes ERP Partners"", ""company_website"": ""https://andeserp.example.com"", ""prospect_name"": ""Camila Rojas"", ""prospect_title"": ""Founder"", ""enrichment_status"": ""insufficient_data"", ""company_summary"": null, ""b2b_fit"": null, ""operational_pain_hypothesis"": null, ""possible_ai_use_case"": null, ""personalization_angle"": null, ""trigger_summary"": null, ""risk_flags"": [""insufficient_data"", ""insufficient_data"", ""score: 20"", ""baseline interest"", ""B2B fit unknown"", ""country is supported Spanish-speaking ICP"", ""company website present"", ""prospect is tier A buyer"", ""no evidence items"", ""insufficient data risk flag"", ""missing evidence reduces confidence""], ""evidence_count"": 0, ""evidence_sources"": null, ""confidence_score"": 30, ""recommended_action"": ""discard"", ""error_message"": null, ""created_at"": null, ""finished_at"": null, ""evidence_items"": []}",,,,,,,,,,,,,,,,,,,,,,,,,,,,,,,,,,,,,,,,,
lead_weak_001,Tienda La Esquina,,Luis Perez,Owner,luis@tiendalaesquina.example.com,Peru,Retail,manual,Negocio local B2C sin senales claras de venta consultiva B2B.,research_and_draft,insufficient_data,false,,,,,,,,,,,,,,,,,,,,,,,,,,,,,,,,,,,,,,,,,,,,,,,,,,,,,"Enrichment complete. Status: insufficient_data, confidence: 30, recommended_action: discard.",,,,,,"{""enrichment_id"": ""enr-lead_weak_001"", ""run_id"": ""test-run"", ""lead_id"": ""lead_weak_001"", ""company_name"": ""Tienda La Esquina"", ""company_website"": null, ""prospect_name"": ""Luis Perez"", ""prospect_title"": ""Owner"", ""enrichment_status"": ""insufficient_data"", ""company_summary"": null, ""b2b_fit"": null, ""operational_pain_hypothesis"": null, ""possible_ai_use_case"": null, ""personalization_angle"": null, ""trigger_summary"": null, ""risk_flags"": [""insufficient_data"", ""insufficient_data"", ""score: 0"", ""baseline interest"", ""B2B fit unknown"", ""country is supported Spanish-speaking ICP"", ""no company website"", ""no evidence items"", ""insufficient data risk flag"", ""missing evidence reduces confidence""], ""evidence_count"": 0, ""evidence_sources"": null, ""confidence_score"": 30, ""recommended_action"": ""discard"", ""error_message"": null, ""created_at"": null, ""finished_at"": null, ""evidence_items"": []}",,,,,,,,,,,,,,,,,,,,,,,,,,,,,,,,,,,,,,,,,
lead_failed_001,,https://missing-company.example.com,Ana Torres,Commercial Manager,ana@missing-company.example.com,Chile,B2B services,manual,Fila intencionalmente incompleta para validar errores de datos.,research_and_draft,new,false,,,,,,,,,,,,,,,,,,,,,,,,,,,,,,,,,,,,,,,,,,,,,,,,,,,,,,,,,,,,,,,,,,,,,,,,,,,,,,,,,,,,,,,,,,,,,,,,,,,,
lead_revision_001,Nova Cyber Advisors,https://novacyber.example.com,Martin Silva,Sales Director,martin@novacyber.example.com,Colombia,Cybersecurity,manual,Firma de ciberseguridad con servicios para empresas medianas. Draft previo demasiado generico.,revise,drafted,false,Hazlo mas directo y menciona trazabilidad de evidencia.,,,,,,,,,,,,,,,,,,,,,,,,,,,,,,,,,,,,,,,,,,,,,,,,,,,,,,,,,,,,,,,,,,,,,,,,,,,,,,,,,,,,,,,,,,,,,,,,,,,
,,,,,,,,,,,completed_with_errors,,,batch_4c736853b0ea,generic,csv,NonExistentTab,,2026-05-05T18:10:50.823447+00:00,3,2,0,0,1,"1 validation error for SourceCandidate
company_name
  Field required [type=missing, input_value={'company_website': 'http...': 'batch_4c736853b0ea'}, input_type=dict]
    For further information visit https://errors.pydantic.dev/2.13/v/missing",,,,,,,,,,,,,,,,,,,,,,,,,,,,,,,,,,,,,,,,,,,,,,,,,,,,,,,,,,,,,,,,,,,,,,,,,,,,,,,,,,,,,,,
,Tienda La Esquina,,Luis Perez,Owner,luis@tiendalaesquina.example.com,Peru,Retail,,,,,,,batch_4c736853b0ea,generic,,,,,,,,,,,cand_35decadb470b,,,tiendalaesquina.example.com,,,,,,,"{""lead_id"": ""lead_weak_001"", ""source"": ""manual"", ""manual_context"": ""Negocio local B2C sin senales claras de venta consultiva B2B."", ""action"": ""research_and_draft"", ""status"": ""new"", ""approved"": ""false""}",promoted_to_lead,,,email:luis@tiendalaesquina.example.com,,,,,,,,,,,,,,,,,,,,,,,,,,,,,,,,,,,,,,,,,,,,,,,,,,,,,,,,,,,,,,,,,,,,,,,,
,Nova Cyber Advisors,https://novacyber.example.com,Martin Silva,Sales Director,martin@novacyber.example.com,Colombia,Cybersecurity,,,,,,,batch_4c736853b0ea,generic,,,,,,,,,,,cand_87e73f1427bf,,,novacyber.example.com,,,,,,,"{""lead_id"": ""lead_revision_001"", ""source"": ""manual"", ""manual_context"": ""Firma de ciberseguridad con servicios para empresas medianas. Draft previo demasiado generico."", ""action"": ""revise"", ""status"": ""drafted"", ""approved"": ""false"", ""revision_instruction"": ""Hazlo mas directo y menciona trazabilidad de evidencia.""}",promoted_to_lead,,,email:martin@novacyber.example.com,,,,,,,,,,,,,,,,,,,,,,,,,,,,,,,,,,,,,,,,,,,,,,,,,,,,,,,,,,,,,,,,,,,,,,,,
cand_35decadb470b,Tienda La Esquina,,Luis Perez,Owner,luis@tiendalaesquina.example.com,Peru,Retail,generic,,research_and_draft,needs_manual_research,false,,,,,,,,,,,,,,,,,,,,,,,,,,,,,,,,,,,,,,,,,,,,,,0,,,,,,false,"Enrich-and-draft blocked before web research. missing_required_context: Missing required fields: company_linkedin_url, prospect_linkedin_url, manual_company_linkedin_text, manual_person_linkedin_text; not_evaluated: ICP not evaluated until required LinkedIn URLs and pasted LinkedIn content are present.",,,,,,,,,,,,,,,,,missing_required_context,"Missing required fields: company_linkedin_url, prospect_linkedin_url, manual_company_linkedin_text, manual_person_linkedin_text",not_evaluated,0,ICP not evaluated until required LinkedIn URLs and pasted LinkedIn content are present.,false,false,,,,,,,,,,,,,,,,,,,,,,,,
cand_87e73f1427bf,Nova Cyber Advisors,https://novacyber.example.com,Martin Silva,Sales Director,martin@novacyber.example.com,Colombia,Cybersecurity,generic,,research_and_draft,needs_manual_research,false,,,,,,,,,,,,,,,,,,,,,,,,,,,,,,,,,,,,,,,,,,,,,,0,,,,,,false,"Enrich-and-draft blocked before web research. missing_required_context: Missing required fields: company_linkedin_url, prospect_linkedin_url, manual_company_linkedin_text, manual_person_linkedin_text; not_evaluated: ICP not evaluated until required LinkedIn URLs and pasted LinkedIn content are present.",,,,,,,,,,,,,,,,,missing_required_context,"Missing required fields: company_linkedin_url, prospect_linkedin_url, manual_company_linkedin_text, manual_person_linkedin_text",not_evaluated,0,ICP not evaluated until required LinkedIn URLs and pasted LinkedIn content are present.,false,false,,,,,,,,,,,,,,,,,,,,,,,,
,,,,,,,,,,,completed_with_errors,,,batch_5e602cef72ae,generic,csv,NonExistentTab,,2026-05-05T18:11:46.534079+00:00,8,0,6,0,2,"1 validation error for SourceCandidate
company_name
  Field required [type=missing, input_value={'company_website': 'http...': 'batch_5e602cef72ae'}, input_type=dict]
    For further information visit https://errors.pydantic.dev/2.13/v/missing; 1 validation error for SourceCandidate
company_name
  Field required [type=missing, input_value={'import_batch_id': 'batc...0', 'error_count': '1'}}, input_type=dict]
    For further information visit https://errors.pydantic.dev/2.13/v/missing",,,,,,,,,,,,,,,,,,,,,,,,,,,,,,,,,,,,,,,,,,,,,,,,,,,,,,,,,,,,,,,,,,,,,,,,,,,,,,,,,,,,,,,
,Tienda La Esquina,,Luis Perez,Owner,luis@tiendalaesquina.example.com,Peru,Retail,,,,,,,batch_5e602cef72ae,generic,,,,,,,,,,,cand_e94e83e9d868,,,tiendalaesquina.example.com,,,,,,,"{""lead_id"": ""lead_weak_001"", ""source"": ""manual"", ""manual_context"": ""Negocio local B2C sin senales claras de venta consultiva B2B."", ""action"": ""research_and_draft"", ""status"": ""new"", ""approved"": ""false""}",duplicate,,,email:luis@tiendalaesquina.example.com,cand_35decadb470b,,,,,,,,,,,,,,,,,,,,,,,,,,,,,,,,,,,,,,,,,,,,,,,,,,,,,,,,,,,,,,,,,,,,,,,
,Nova Cyber Advisors,https://novacyber.example.com,Martin Silva,Sales Director,martin@novacyber.example.com,Colombia,Cybersecurity,,,,,,,batch_5e602cef72ae,generic,,,,,,,,,,,cand_7c190f3f0b72,,,novacyber.example.com,,,,,,,"{""lead_id"": ""lead_revision_001"", ""source"": ""manual"", ""manual_context"": ""Firma de ciberseguridad con servicios para empresas medianas. Draft previo demasiado generico."", ""action"": ""revise"", ""status"": ""drafted"", ""approved"": ""false"", ""revision_instruction"": ""Hazlo mas directo y menciona trazabilidad de evidencia.""}",duplicate,,,email:martin@novacyber.example.com,cand_87e73f1427bf,,,,,,,,,,,,,,,,,,,,,,,,,,,,,,,,,,,,,,,,,,,,,,,,,,,,,,,,,,,,,,,,,,,,,,,
,Tienda La Esquina,,Luis Perez,Owner,luis@tiendalaesquina.example.com,Peru,Retail,,,,,,,batch_5e602cef72ae,generic,,,,,,,,,,,cand_35decadb470b,,,tiendalaesquina.example.com,,,,,,,"{""source_provider"": ""generic"", ""raw_data_json"": ""{\""lead_id\"": \""lead_weak_001\"", \""source\"": \""manual\"", \""manual_context\"": \""Negocio local B2C sin senales claras de venta consultiva B2B.\"", \""action\"": \""research_and_draft\"", \""status\"": \""new\"", \""approved\"": \""false\""}""}",duplicate,,,email:luis@tiendalaesquina.example.com,cand_35decadb470b,,,,,,,,,,,,,,,,,,,,,,,,,,,,,,,,,,,,,,,,,,,,,,,,,,,,,,,,,,,,,,,,,,,,,,,
,Nova Cyber Advisors,https://novacyber.example.com,Martin Silva,Sales Director,martin@novacyber.example.com,Colombia,Cybersecurity,,,,,,,batch_5e602cef72ae,generic,,,,,,,,,,,cand_87e73f1427bf,,,novacyber.example.com,,,,,,,"{""source_provider"": ""generic"", ""raw_data_json"": ""{\""lead_id\"": \""lead_revision_001\"", \""source\"": \""manual\"", \""manual_context\"": \""Firma de ciberseguridad con servicios para empresas medianas. Draft previo demasiado generico.\"", \""action\"": \""revise\"", \""status\"": \""drafted\"", \""approved\"": \""false\"", \""revision_instruction\"": \""Hazlo mas directo y menciona trazabilidad de evidencia.\""}""}",duplicate,,,email:martin@novacyber.example.com,cand_87e73f1427bf,,,,,,,,,,,,,,,,,,,,,,,,,,,,,,,,,,,,,,,,,,,,,,,,,,,,,,,,,,,,,,,,,,,,,,,
,Tienda La Esquina,,Luis Perez,Owner,luis@tiendalaesquina.example.com,Peru,Retail,,,,,,,batch_5e602cef72ae,generic,,,,,,,,,,,cand_6c6b32d8d428,,,tiendalaesquina.example.com,,,,,,,"{""lead_id"": ""cand_35decadb470b"", ""source"": ""generic"", ""action"": ""research_and_draft"", ""status"": ""discard"", ""approved"": ""false"", ""revision_count"": ""0"", ""export_ready"": ""false"", ""agent_note"": ""Enrichment recommended discard. No draft generated.""}",duplicate,,,email:luis@tiendalaesquina.example.com,cand_35decadb470b,,,,,,,,,,,,,,,,,,,,,,,,,,,,,,,,,,,,,,,,,,,,,,,,,,,,,,,,,,,,,,,,,,,,,,,
,Nova Cyber Advisors,https://novacyber.example.com,Martin Silva,Sales Director,martin@novacyber.example.com,Colombia,Cybersecurity,,,,,,,batch_5e602cef72ae,generic,,,,,,,,,,,cand_fbfa53bb3252,,,novacyber.example.com,,,,,,,"{""lead_id"": ""cand_87e73f1427bf"", ""source"": ""generic"", ""action"": ""research_and_draft"", ""status"": ""discard"", ""approved"": ""false"", ""revision_count"": ""0"", ""export_ready"": ""false"", ""agent_note"": ""Enrichment recommended discard. No draft generated.""}",duplicate,,,email:martin@novacyber.example.com,cand_87e73f1427bf,,,,,,,,,,,,,,,,,,,,,,,,,,,,,,,,,,,,,,,,,,,,,,,,,,,,,,,,,,,,,,,,,,,,,,,
cand_35decadb470b,Tienda La Esquina,,Luis Perez,Owner,luis@tiendalaesquina.example.com,Peru,Retail,generic,,research_and_draft,needs_manual_research,false,,,,,,,,,,,,,,,,,,,,,,,,,,,,,,,,,,,,,,,,,,,,,,0,,,,,,false,"Enrich-and-draft blocked before web research. missing_required_context: Missing required fields: company_linkedin_url, prospect_linkedin_url, manual_company_linkedin_text, manual_person_linkedin_text; not_evaluated: ICP not evaluated until required LinkedIn URLs and pasted LinkedIn content are present.",,,,,,,,,,,,,,,,,missing_required_context,"Missing required fields: company_linkedin_url, prospect_linkedin_url, manual_company_linkedin_text, manual_person_linkedin_text",not_evaluated,0,ICP not evaluated until required LinkedIn URLs and pasted LinkedIn content are present.,false,false,,,,,,,,,,,,,,,,,,,,,,,,
cand_87e73f1427bf,Nova Cyber Advisors,https://novacyber.example.com,Martin Silva,Sales Director,martin@novacyber.example.com,Colombia,Cybersecurity,generic,,research_and_draft,needs_manual_research,false,,,,,,,,,,,,,,,,,,,,,,,,,,,,,,,,,,,,,,,,,,,,,,0,,,,,,false,"Enrich-and-draft blocked before web research. missing_required_context: Missing required fields: company_linkedin_url, prospect_linkedin_url, manual_company_linkedin_text, manual_person_linkedin_text; not_evaluated: ICP not evaluated until required LinkedIn URLs and pasted LinkedIn content are present.",,,,,,,,,,,,,,,,,missing_required_context,"Missing required fields: company_linkedin_url, prospect_linkedin_url, manual_company_linkedin_text, manual_person_linkedin_text",not_evaluated,0,ICP not evaluated until required LinkedIn URLs and pasted LinkedIn content are present.,false,false,,,,,,,,,,,,,,,,,,,,,,,,
,,,,,,,,,,,completed_with_errors,,,batch_58d45cf3b288,generic,csv,CSV Import Temp,,2026-05-05T18:13:07.232700+00:00,17,0,14,0,3,"1 validation error for SourceCandidate
company_name
  Field required [type=missing, input_value={'company_website': 'http...': 'batch_58d45cf3b288'}, input_type=dict]
    For further information visit https://errors.pydantic.dev/2.13/v/missing; 1 validation error for SourceCandidate
company_name
  Field required [type=missing, input_value={'import_batch_id': 'batc...0', 'error_count': '1'}}, input_type=dict]
    For further information visit https://errors.pydantic.dev/2.13/v/missing; 1 validation error for SourceCandidate
company_name
  Field required [type=missing, input_value={'import_batch_id': 'batc...0', 'error_count': '2'}}, input_type=dict]
    For further information visit https://errors.pydantic.dev/2.13/v/missing",,,,,,,,,,,,,,,,,,,,,,,,,,,,,,,,,,,,,,,,,,,,,,,,,,,,,,,,,,,,,,,,,,,,,,,,,,,,,,,,,,,,,,,
,Tienda La Esquina,,Luis Perez,Owner,luis@tiendalaesquina.example.com,Peru,Retail,,,,,,,batch_58d45cf3b288,generic,,,,,,,,,,,cand_645e73e151c6,,,tiendalaesquina.example.com,,,,,,,"{""lead_id"": ""lead_weak_001"", ""source"": ""manual"", ""manual_context"": ""Negocio local B2C sin senales claras de venta consultiva B2B."", ""action"": ""research_and_draft"", ""status"": ""new"", ""approved"": ""false""}",duplicate,,,email:luis@tiendalaesquina.example.com,cand_6c6b32d8d428,,,,,,,,,,,,,,,,,,,,,,,,,,,,,,,,,,,,,,,,,,,,,,,,,,,,,,,,,,,,,,,,,,,,,,,
,Nova Cyber Advisors,https://novacyber.example.com,Martin Silva,Sales Director,martin@novacyber.example.com,Colombia,Cybersecurity,,,,,,,batch_58d45cf3b288,generic,,,,,,,,,,,cand_51d2cbd0d029,,,novacyber.example.com,,,,,,,"{""lead_id"": ""lead_revision_001"", ""source"": ""manual"", ""manual_context"": ""Firma de ciberseguridad con servicios para empresas medianas. Draft previo demasiado generico."", ""action"": ""revise"", ""status"": ""drafted"", ""approved"": ""false"", ""revision_instruction"": ""Hazlo mas directo y menciona trazabilidad de evidencia.""}",duplicate,,,email:martin@novacyber.example.com,cand_fbfa53bb3252,,,,,,,,,,,,,,,,,,,,,,,,,,,,,,,,,,,,,,,,,,,,,,,,,,,,,,,,,,,,,,,,,,,,,,,
,Tienda La Esquina,,Luis Perez,Owner,luis@tiendalaesquina.example.com,Peru,Retail,,,,,,,batch_58d45cf3b288,generic,,,,,,,,,,,cand_35decadb470b,,,tiendalaesquina.example.com,,,,,,,"{""source_provider"": ""generic"", ""raw_data_json"": ""{\""lead_id\"": \""lead_weak_001\"", \""source\"": \""manual\"", \""manual_context\"": \""Negocio local B2C sin senales claras de venta consultiva B2B.\"", \""action\"": \""research_and_draft\"", \""status\"": \""new\"", \""approved\"": \""false\""}""}",duplicate,,,email:luis@tiendalaesquina.example.com,cand_6c6b32d8d428,,,,,,,,,,,,,,,,,,,,,,,,,,,,,,,,,,,,,,,,,,,,,,,,,,,,,,,,,,,,,,,,,,,,,,,
,Nova Cyber Advisors,https://novacyber.example.com,Martin Silva,Sales Director,martin@novacyber.example.com,Colombia,Cybersecurity,,,,,,,batch_58d45cf3b288,generic,,,,,,,,,,,cand_87e73f1427bf,,,novacyber.example.com,,,,,,,"{""source_provider"": ""generic"", ""raw_data_json"": ""{\""lead_id\"": \""lead_revision_001\"", \""source\"": \""manual\"", \""manual_context\"": \""Firma de ciberseguridad con servicios para empresas medianas. Draft previo demasiado generico.\"", \""action\"": \""revise\"", \""status\"": \""drafted\"", \""approved\"": \""false\"", \""revision_instruction\"": \""Hazlo mas directo y menciona trazabilidad de evidencia.\""}""}",duplicate,,,email:martin@novacyber.example.com,cand_fbfa53bb3252,,,,,,,,,,,,,,,,,,,,,,,,,,,,,,,,,,,,,,,,,,,,,,,,,,,,,,,,,,,,,,,,,,,,,,,
,Tienda La Esquina,,Luis Perez,Owner,luis@tiendalaesquina.example.com,Peru,Retail,,,,,,,batch_58d45cf3b288,generic,,,,,,,,,,,cand_3993f593326f,,,tiendalaesquina.example.com,,,,,,,"{""lead_id"": ""cand_35decadb470b"", ""source"": ""generic"", ""action"": ""research_and_draft"", ""status"": ""discard"", ""approved"": ""false"", ""revision_count"": ""0"", ""export_ready"": ""false"", ""agent_note"": ""Enrichment recommended discard. No draft generated.""}",duplicate,,,email:luis@tiendalaesquina.example.com,cand_6c6b32d8d428,,,,,,,,,,,,,,,,,,,,,,,,,,,,,,,,,,,,,,,,,,,,,,,,,,,,,,,,,,,,,,,,,,,,,,,
,Nova Cyber Advisors,https://novacyber.example.com,Martin Silva,Sales Director,martin@novacyber.example.com,Colombia,Cybersecurity,,,,,,,batch_58d45cf3b288,generic,,,,,,,,,,,cand_014e30539043,,,novacyber.example.com,,,,,,,"{""lead_id"": ""cand_87e73f1427bf"", ""source"": ""generic"", ""action"": ""research_and_draft"", ""status"": ""discard"", ""approved"": ""false"", ""revision_count"": ""0"", ""export_ready"": ""false"", ""agent_note"": ""Enrichment recommended discard. No draft generated.""}",duplicate,,,email:martin@novacyber.example.com,cand_fbfa53bb3252,,,,,,,,,,,,,,,,,,,,,,,,,,,,,,,,,,,,,,,,,,,,,,,,,,,,,,,,,,,,,,,,,,,,,,,
,Tienda La Esquina,,Luis Perez,Owner,luis@tiendalaesquina.example.com,Peru,Retail,,,,,,,batch_58d45cf3b288,generic,,,,,,,,,,,cand_e94e83e9d868,,,tiendalaesquina.example.com,,,,,,,"{""source_provider"": ""generic"", ""raw_data_json"": ""{\""lead_id\"": \""lead_weak_001\"", \""source\"": \""manual\"", \""manual_context\"": \""Negocio local B2C sin senales claras de venta consultiva B2B.\"", \""action\"": \""research_and_draft\"", \""status\"": \""new\"", \""approved\"": \""false\""}""}",duplicate,,,email:luis@tiendalaesquina.example.com,cand_6c6b32d8d428,,,,,,,,,,,,,,,,,,,,,,,,,,,,,,,,,,,,,,,,,,,,,,,,,,,,,,,,,,,,,,,,,,,,,,,
,Nova Cyber Advisors,https://novacyber.example.com,Martin Silva,Sales Director,martin@novacyber.example.com,Colombia,Cybersecurity,,,,,,,batch_58d45cf3b288,generic,,,,,,,,,,,cand_7c190f3f0b72,,,novacyber.example.com,,,,,,,"{""source_provider"": ""generic"", ""raw_data_json"": ""{\""lead_id\"": \""lead_revision_001\"", \""source\"": \""manual\"", \""manual_context\"": \""Firma de ciberseguridad con servicios para empresas medianas. Draft previo demasiado generico.\"", \""action\"": \""revise\"", \""status\"": \""drafted\"", \""approved\"": \""false\"", \""revision_instruction\"": \""Hazlo mas directo y menciona trazabilidad de evidencia.\""}""}",duplicate,,,email:martin@novacyber.example.com,cand_fbfa53bb3252,,,,,,,,,,,,,,,,,,,,,,,,,,,,,,,,,,,,,,,,,,,,,,,,,,,,,,,,,,,,,,,,,,,,,,,
,Tienda La Esquina,,Luis Perez,Owner,luis@tiendalaesquina.example.com,Peru,Retail,,,,,,,batch_58d45cf3b288,generic,,,,,,,,,,,cand_35decadb470b,,,tiendalaesquina.example.com,,,,,,,"{""source_provider"": ""generic"", ""raw_data_json"": ""{\""source_provider\"": \""generic\"", \""raw_data_json\"": \""{\\\""lead_id\\\"": \\\""lead_weak_001\\\"", \\\""source\\\"": \\\""manual\\\"", \\\""manual_context\\\"": \\\""Negocio local B2C sin senales claras de venta consultiva B2B.\\\"", \\\""action\\\"": \\\""research_and_draft\\\"", \\\""status\\\"": \\\""new\\\"", \\\""approved\\\"": \\\""false\\\""}\""}""}",duplicate,,,email:luis@tiendalaesquina.example.com,cand_6c6b32d8d428,,,,,,,,,,,,,,,,,,,,,,,,,,,,,,,,,,,,,,,,,,,,,,,,,,,,,,,,,,,,,,,,,,,,,,,
,Nova Cyber Advisors,https://novacyber.example.com,Martin Silva,Sales Director,martin@novacyber.example.com,Colombia,Cybersecurity,,,,,,,batch_58d45cf3b288,generic,,,,,,,,,,,cand_87e73f1427bf,,,novacyber.example.com,,,,,,,"{""source_provider"": ""generic"", ""raw_data_json"": ""{\""source_provider\"": \""generic\"", \""raw_data_json\"": \""{\\\""lead_id\\\"": \\\""lead_revision_001\\\"", \\\""source\\\"": \\\""manual\\\"", \\\""manual_context\\\"": \\\""Firma de ciberseguridad con servicios para empresas medianas. Draft previo demasiado generico.\\\"", \\\""action\\\"": \\\""revise\\\"", \\\""status\\\"": \\\""drafted\\\"", \\\""approved\\\"": \\\""false\\\"", \\\""revision_instruction\\\"": \\\""Hazlo mas directo y menciona trazabilidad de evidencia.\\\""}\""}""}",duplicate,,,email:martin@novacyber.example.com,cand_fbfa53bb3252,,,,,,,,,,,,,,,,,,,,,,,,,,,,,,,,,,,,,,,,,,,,,,,,,,,,,,,,,,,,,,,,,,,,,,,
,Tienda La Esquina,,Luis Perez,Owner,luis@tiendalaesquina.example.com,Peru,Retail,,,,,,,batch_58d45cf3b288,generic,,,,,,,,,,,cand_6c6b32d8d428,,,tiendalaesquina.example.com,,,,,,,"{""source_provider"": ""generic"", ""raw_data_json"": ""{\""lead_id\"": \""cand_35decadb470b\"", \""source\"": \""generic\"", \""action\"": \""research_and_draft\"", \""status\"": \""discard\"", \""approved\"": \""false\"", \""revision_count\"": \""0\"", \""export_ready\"": \""false\"", \""agent_note\"": \""Enrichment recommended discard. No draft generated.\""}""}",duplicate,,,email:luis@tiendalaesquina.example.com,cand_6c6b32d8d428,,,,,,,,,,,,,,,,,,,,,,,,,,,,,,,,,,,,,,,,,,,,,,,,,,,,,,,,,,,,,,,,,,,,,,,
,Nova Cyber Advisors,https://novacyber.example.com,Martin Silva,Sales Director,martin@novacyber.example.com,Colombia,Cybersecurity,,,,,,,batch_58d45cf3b288,generic,,,,,,,,,,,cand_fbfa53bb3252,,,novacyber.example.com,,,,,,,"{""source_provider"": ""generic"", ""raw_data_json"": ""{\""lead_id\"": \""cand_87e73f1427bf\"", \""source\"": \""generic\"", \""action\"": \""research_and_draft\"", \""status\"": \""discard\"", \""approved\"": \""false\"", \""revision_count\"": \""0\"", \""export_ready\"": \""false\"", \""agent_note\"": \""Enrichment recommended discard. No draft generated.\""}""}",duplicate,,,email:martin@novacyber.example.com,cand_fbfa53bb3252,,,,,,,,,,,,,,,,,,,,,,,,,,,,,,,,,,,,,,,,,,,,,,,,,,,,,,,,,,,,,,,,,,,,,,,
,Tienda La Esquina,,Luis Perez,Owner,luis@tiendalaesquina.example.com,Peru,Retail,,,,,,,batch_58d45cf3b288,generic,,,,,,,,,,,cand_55cee65905dd,,,tiendalaesquina.example.com,,,,,,,"{""lead_id"": ""cand_35decadb470b"", ""source"": ""generic"", ""action"": ""research_and_draft"", ""status"": ""insufficient_data"", ""approved"": ""false"", ""revision_count"": ""0"", ""export_ready"": ""false"", ""agent_note"": ""Enrichment complete. Status: insufficient_data, confidence: 30, recommended_action: discard.""}",duplicate,,,email:luis@tiendalaesquina.example.com,cand_6c6b32d8d428,,,,,,,,,,,,,,,,,,,,,,,,,,,,,,,,,,,,,,,,,,,,,,,,,,,,,,,,,,,,,,,,,,,,,,,
,Nova Cyber Advisors,https://novacyber.example.com,Martin Silva,Sales Director,martin@novacyber.example.com,Colombia,Cybersecurity,,,,,,,batch_58d45cf3b288,generic,,,,,,,,,,,cand_77abcc47aef5,,,novacyber.example.com,,,,,,,"{""lead_id"": ""cand_87e73f1427bf"", ""source"": ""generic"", ""action"": ""research_and_draft"", ""status"": ""insufficient_data"", ""approved"": ""false"", ""revision_count"": ""0"", ""export_ready"": ""false"", ""agent_note"": ""Enrichment complete. Status: insufficient_data, confidence: 30, recommended_action: discard.""}",duplicate,,,email:martin@novacyber.example.com,cand_fbfa53bb3252,,,,,,,,,,,,,,,,,,,,,,,,,,,,,,,,,,,,,,,,,,,,,,,,,,,,,,,,,,,,,,,,,,,,,,,
cand_35decadb470b,Tienda La Esquina,,Luis Perez,Owner,luis@tiendalaesquina.example.com,Peru,Retail,generic,,research_and_draft,needs_manual_research,false,,,,,,,,,,,,,,,,,,,,,,,,,,,,,,,,,,,,,,,,,,,,,,0,,,,,,false,"Enrich-and-draft blocked before web research. missing_required_context: Missing required fields: company_linkedin_url, prospect_linkedin_url, manual_company_linkedin_text, manual_person_linkedin_text; not_evaluated: ICP not evaluated until required LinkedIn URLs and pasted LinkedIn content are present.",,,,,,,,,,,,,,,,,missing_required_context,"Missing required fields: company_linkedin_url, prospect_linkedin_url, manual_company_linkedin_text, manual_person_linkedin_text",not_evaluated,0,ICP not evaluated until required LinkedIn URLs and pasted LinkedIn content are present.,false,false,,,,,,,,,,,,,,,,,,,,,,,,
cand_87e73f1427bf,Nova Cyber Advisors,https://novacyber.example.com,Martin Silva,Sales Director,martin@novacyber.example.com,Colombia,Cybersecurity,generic,,research_and_draft,needs_manual_research,false,,,,,,,,,,,,,,,,,,,,,,,,,,,,,,,,,,,,,,,,,,,,,,0,,,,,,false,"Enrich-and-draft blocked before web research. missing_required_context: Missing required fields: company_linkedin_url, prospect_linkedin_url, manual_company_linkedin_text, manual_person_linkedin_text; not_evaluated: ICP not evaluated until required LinkedIn URLs and pasted LinkedIn content are present.",,,,,,,,,,,,,,,,,missing_required_context,"Missing required fields: company_linkedin_url, prospect_linkedin_url, manual_company_linkedin_text, manual_person_linkedin_text",not_evaluated,0,ICP not evaluated until required LinkedIn URLs and pasted LinkedIn content are present.,false,false,,,,,,,,,,,,,,,,,,,,,,,,
,,,,,,,,,,,completed_with_errors,,,batch_05d2a732ca77,generic,csv,CSV Import Temp,,2026-05-05T18:13:26.668558+00:00,34,0,30,0,4,"1 validation error for SourceCandidate
company_name
  Field required [type=missing, input_value={'company_website': 'http...': 'batch_05d2a732ca77'}, input_type=dict]
    For further information visit https://errors.pydantic.dev/2.13/v/missing; 1 validation error for SourceCandidate
company_name
  Field required [type=missing, input_value={'import_batch_id': 'batc...0', 'error_count': '1'}}, input_type=dict]
    For further information visit https://errors.pydantic.dev/2.13/v/missing; 1 validation error for SourceCandidate
company_name
  Field required [type=missing, input_value={'import_batch_id': 'batc...0', 'error_count': '2'}}, input_type=dict]
    For further information visit https://errors.pydantic.dev/2.13/v/missing; 1 validation error for SourceCandidate
company_name
  Field required [type=missing, input_value={'import_batch_id': 'batc...0', 'error_count': '3'}}, input_type=dict]
    For further information visit https://errors.pydantic.dev/2.13/v/missing",,,,,,,,,,,,,,,,,,,,,,,,,,,,,,,,,,,,,,,,,,,,,,,,,,,,,,,,,,,,,,,,,,,,,,,,,,,,,,,,,,,,,,,
,Tienda La Esquina,,Luis Perez,Owner,luis@tiendalaesquina.example.com,Peru,Retail,,,,,,,batch_05d2a732ca77,generic,,,,,,,,,,,cand_d488e6938492,,,tiendalaesquina.example.com,,,,,,,"{""lead_id"": ""lead_weak_001"", ""source"": ""manual"", ""manual_context"": ""Negocio local B2C sin senales claras de venta consultiva B2B."", ""action"": ""research_and_draft"", ""status"": ""new"", ""approved"": ""false""}",duplicate,,,email:luis@tiendalaesquina.example.com,cand_55cee65905dd,,,,,,,,,,,,,,,,,,,,,,,,,,,,,,,,,,,,,,,,,,,,,,,,,,,,,,,,,,,,,,,,,,,,,,,
,Nova Cyber Advisors,https://novacyber.example.com,Martin Silva,Sales Director,martin@novacyber.example.com,Colombia,Cybersecurity,,,,,,,batch_05d2a732ca77,generic,,,,,,,,,,,cand_e54d225244b6,,,novacyber.example.com,,,,,,,"{""lead_id"": ""lead_revision_001"", ""source"": ""manual"", ""manual_context"": ""Firma de ciberseguridad con servicios para empresas medianas. Draft previo demasiado generico."", ""action"": ""revise"", ""status"": ""drafted"", ""approved"": ""false"", ""revision_instruction"": ""Hazlo mas directo y menciona trazabilidad de evidencia.""}",duplicate,,,email:martin@novacyber.example.com,cand_77abcc47aef5,,,,,,,,,,,,,,,,,,,,,,,,,,,,,,,,,,,,,,,,,,,,,,,,,,,,,,,,,,,,,,,,,,,,,,,
,Tienda La Esquina,,Luis Perez,Owner,luis@tiendalaesquina.example.com,Peru,Retail,,,,,,,batch_05d2a732ca77,generic,,,,,,,,,,,cand_35decadb470b,,,tiendalaesquina.example.com,,,,,,,"{""source_provider"": ""generic"", ""raw_data_json"": ""{\""lead_id\"": \""lead_weak_001\"", \""source\"": \""manual\"", \""manual_context\"": \""Negocio local B2C sin senales claras de venta consultiva B2B.\"", \""action\"": \""research_and_draft\"", \""status\"": \""new\"", \""approved\"": \""false\""}""}",duplicate,,,email:luis@tiendalaesquina.example.com,cand_55cee65905dd,,,,,,,,,,,,,,,,,,,,,,,,,,,,,,,,,,,,,,,,,,,,,,,,,,,,,,,,,,,,,,,,,,,,,,,
,Nova Cyber Advisors,https://novacyber.example.com,Martin Silva,Sales Director,martin@novacyber.example.com,Colombia,Cybersecurity,,,,,,,batch_05d2a732ca77,generic,,,,,,,,,,,cand_87e73f1427bf,,,novacyber.example.com,,,,,,,"{""source_provider"": ""generic"", ""raw_data_json"": ""{\""lead_id\"": \""lead_revision_001\"", \""source\"": \""manual\"", \""manual_context\"": \""Firma de ciberseguridad con servicios para empresas medianas. Draft previo demasiado generico.\"", \""action\"": \""revise\"", \""status\"": \""drafted\"", \""approved\"": \""false\"", \""revision_instruction\"": \""Hazlo mas directo y menciona trazabilidad de evidencia.\""}""}",duplicate,,,email:martin@novacyber.example.com,cand_77abcc47aef5,,,,,,,,,,,,,,,,,,,,,,,,,,,,,,,,,,,,,,,,,,,,,,,,,,,,,,,,,,,,,,,,,,,,,,,
,Tienda La Esquina,,Luis Perez,Owner,luis@tiendalaesquina.example.com,Peru,Retail,,,,,,,batch_05d2a732ca77,generic,,,,,,,,,,,cand_a109ff4d3d5d,,,tiendalaesquina.example.com,,,,,,,"{""lead_id"": ""cand_35decadb470b"", ""source"": ""generic"", ""action"": ""research_and_draft"", ""status"": ""discard"", ""approved"": ""false"", ""revision_count"": ""0"", ""export_ready"": ""false"", ""agent_note"": ""Enrichment recommended discard. No draft generated.""}",duplicate,,,email:luis@tiendalaesquina.example.com,cand_55cee65905dd,,,,,,,,,,,,,,,,,,,,,,,,,,,,,,,,,,,,,,,,,,,,,,,,,,,,,,,,,,,,,,,,,,,,,,,
,Nova Cyber Advisors,https://novacyber.example.com,Martin Silva,Sales Director,martin@novacyber.example.com,Colombia,Cybersecurity,,,,,,,batch_05d2a732ca77,generic,,,,,,,,,,,cand_45a0690b6cd7,,,novacyber.example.com,,,,,,,"{""lead_id"": ""cand_87e73f1427bf"", ""source"": ""generic"", ""action"": ""research_and_draft"", ""status"": ""discard"", ""approved"": ""false"", ""revision_count"": ""0"", ""export_ready"": ""false"", ""agent_note"": ""Enrichment recommended discard. No draft generated.""}",duplicate,,,email:martin@novacyber.example.com,cand_77abcc47aef5,,,,,,,,,,,,,,,,,,,,,,,,,,,,,,,,,,,,,,,,,,,,,,,,,,,,,,,,,,,,,,,,,,,,,,,
,Tienda La Esquina,,Luis Perez,Owner,luis@tiendalaesquina.example.com,Peru,Retail,,,,,,,batch_05d2a732ca77,generic,,,,,,,,,,,cand_e94e83e9d868,,,tiendalaesquina.example.com,,,,,,,"{""source_provider"": ""generic"", ""raw_data_json"": ""{\""lead_id\"": \""lead_weak_001\"", \""source\"": \""manual\"", \""manual_context\"": \""Negocio local B2C sin senales claras de venta consultiva B2B.\"", \""action\"": \""research_and_draft\"", \""status\"": \""new\"", \""approved\"": \""false\""}""}",duplicate,,,email:luis@tiendalaesquina.example.com,cand_55cee65905dd,,,,,,,,,,,,,,,,,,,,,,,,,,,,,,,,,,,,,,,,,,,,,,,,,,,,,,,,,,,,,,,,,,,,,,,
,Nova Cyber Advisors,https://novacyber.example.com,Martin Silva,Sales Director,martin@novacyber.example.com,Colombia,Cybersecurity,,,,,,,batch_05d2a732ca77,generic,,,,,,,,,,,cand_7c190f3f0b72,,,novacyber.example.com,,,,,,,"{""source_provider"": ""generic"", ""raw_data_json"": ""{\""lead_id\"": \""lead_revision_001\"", \""source\"": \""manual\"", \""manual_context\"": \""Firma de ciberseguridad con servicios para empresas medianas. Draft previo demasiado generico.\"", \""action\"": \""revise\"", \""status\"": \""drafted\"", \""approved\"": \""false\"", \""revision_instruction\"": \""Hazlo mas directo y menciona trazabilidad de evidencia.\""}""}",duplicate,,,email:martin@novacyber.example.com,cand_77abcc47aef5,,,,,,,,,,,,,,,,,,,,,,,,,,,,,,,,,,,,,,,,,,,,,,,,,,,,,,,,,,,,,,,,,,,,,,,
,Tienda La Esquina,,Luis Perez,Owner,luis@tiendalaesquina.example.com,Peru,Retail,,,,,,,batch_05d2a732ca77,generic,,,,,,,,,,,cand_35decadb470b,,,tiendalaesquina.example.com,,,,,,,"{""source_provider"": ""generic"", ""raw_data_json"": ""{\""source_provider\"": \""generic\"", \""raw_data_json\"": \""{\\\""lead_id\\\"": \\\""lead_weak_001\\\"", \\\""source\\\"": \\\""manual\\\"", \\\""manual_context\\\"": \\\""Negocio local B2C sin senales claras de venta consultiva B2B.\\\"", \\\""action\\\"": \\\""research_and_draft\\\"", \\\""status\\\"": \\\""new\\\"", \\\""approved\\\"": \\\""false\\\""}\""}""}",duplicate,,,email:luis@tiendalaesquina.example.com,cand_55cee65905dd,,,,,,,,,,,,,,,,,,,,,,,,,,,,,,,,,,,,,,,,,,,,,,,,,,,,,,,,,,,,,,,,,,,,,,,
,Nova Cyber Advisors,https://novacyber.example.com,Martin Silva,Sales Director,martin@novacyber.example.com,Colombia,Cybersecurity,,,,,,,batch_05d2a732ca77,generic,,,,,,,,,,,cand_87e73f1427bf,,,novacyber.example.com,,,,,,,"{""source_provider"": ""generic"", ""raw_data_json"": ""{\""source_provider\"": \""generic\"", \""raw_data_json\"": \""{\\\""lead_id\\\"": \\\""lead_revision_001\\\"", \\\""source\\\"": \\\""manual\\\"", \\\""manual_context\\\"": \\\""Firma de ciberseguridad con servicios para empresas medianas. Draft previo demasiado generico.\\\"", \\\""action\\\"": \\\""revise\\\"", \\\""status\\\"": \\\""drafted\\\"", \\\""approved\\\"": \\\""false\\\"", \\\""revision_instruction\\\"": \\\""Hazlo mas directo y menciona trazabilidad de evidencia.\\\""}\""}""}",duplicate,,,email:martin@novacyber.example.com,cand_77abcc47aef5,,,,,,,,,,,,,,,,,,,,,,,,,,,,,,,,,,,,,,,,,,,,,,,,,,,,,,,,,,,,,,,,,,,,,,,
,Tienda La Esquina,,Luis Perez,Owner,luis@tiendalaesquina.example.com,Peru,Retail,,,,,,,batch_05d2a732ca77,generic,,,,,,,,,,,cand_6c6b32d8d428,,,tiendalaesquina.example.com,,,,,,,"{""source_provider"": ""generic"", ""raw_data_json"": ""{\""lead_id\"": \""cand_35decadb470b\"", \""source\"": \""generic\"", \""action\"": \""research_and_draft\"", \""status\"": \""discard\"", \""approved\"": \""false\"", \""revision_count\"": \""0\"", \""export_ready\"": \""false\"", \""agent_note\"": \""Enrichment recommended discard. No draft generated.\""}""}",duplicate,,,email:luis@tiendalaesquina.example.com,cand_55cee65905dd,,,,,,,,,,,,,,,,,,,,,,,,,,,,,,,,,,,,,,,,,,,,,,,,,,,,,,,,,,,,,,,,,,,,,,,
,Nova Cyber Advisors,https://novacyber.example.com,Martin Silva,Sales Director,martin@novacyber.example.com,Colombia,Cybersecurity,,,,,,,batch_05d2a732ca77,generic,,,,,,,,,,,cand_fbfa53bb3252,,,novacyber.example.com,,,,,,,"{""source_provider"": ""generic"", ""raw_data_json"": ""{\""lead_id\"": \""cand_87e73f1427bf\"", \""source\"": \""generic\"", \""action\"": \""research_and_draft\"", \""status\"": \""discard\"", \""approved\"": \""false\"", \""revision_count\"": \""0\"", \""export_ready\"": \""false\"", \""agent_note\"": \""Enrichment recommended discard. No draft generated.\""}""}",duplicate,,,email:martin@novacyber.example.com,cand_77abcc47aef5,,,,,,,,,,,,,,,,,,,,,,,,,,,,,,,,,,,,,,,,,,,,,,,,,,,,,,,,,,,,,,,,,,,,,,,
,Tienda La Esquina,,Luis Perez,Owner,luis@tiendalaesquina.example.com,Peru,Retail,,,,,,,batch_05d2a732ca77,generic,,,,,,,,,,,cand_5a65114be3c1,,,tiendalaesquina.example.com,,,,,,,"{""lead_id"": ""cand_35decadb470b"", ""source"": ""generic"", ""action"": ""research_and_draft"", ""status"": ""insufficient_data"", ""approved"": ""false"", ""revision_count"": ""0"", ""export_ready"": ""false"", ""agent_note"": ""Enrichment complete. Status: insufficient_data, confidence: 30, recommended_action: discard.""}",duplicate,,,email:luis@tiendalaesquina.example.com,cand_55cee65905dd,,,,,,,,,,,,,,,,,,,,,,,,,,,,,,,,,,,,,,,,,,,,,,,,,,,,,,,,,,,,,,,,,,,,,,,
,Nova Cyber Advisors,https://novacyber.example.com,Martin Silva,Sales Director,martin@novacyber.example.com,Colombia,Cybersecurity,,,,,,,batch_05d2a732ca77,generic,,,,,,,,,,,cand_49f0cbe78bc8,,,novacyber.example.com,,,,,,,"{""lead_id"": ""cand_87e73f1427bf"", ""source"": ""generic"", ""action"": ""research_and_draft"", ""status"": ""insufficient_data"", ""approved"": ""false"", ""revision_count"": ""0"", ""export_ready"": ""false"", ""agent_note"": ""Enrichment complete. Status: insufficient_data, confidence: 30, recommended_action: discard.""}",duplicate,,,email:martin@novacyber.example.com,cand_77abcc47aef5,,,,,,,,,,,,,,,,,,,,,,,,,,,,,,,,,,,,,,,,,,,,,,,,,,,,,,,,,,,,,,,,,,,,,,,
,Tienda La Esquina,,Luis Perez,Owner,luis@tiendalaesquina.example.com,Peru,Retail,,,,,,,batch_05d2a732ca77,generic,,,,,,,,,,,cand_645e73e151c6,,,tiendalaesquina.example.com,,,,,,,"{""source_provider"": ""generic"", ""raw_data_json"": ""{\""lead_id\"": \""lead_weak_001\"", \""source\"": \""manual\"", \""manual_context\"": \""Negocio local B2C sin senales claras de venta consultiva B2B.\"", \""action\"": \""research_and_draft\"", \""status\"": \""new\"", \""approved\"": \""false\""}""}",duplicate,,,email:luis@tiendalaesquina.example.com,cand_55cee65905dd,,,,,,,,,,,,,,,,,,,,,,,,,,,,,,,,,,,,,,,,,,,,,,,,,,,,,,,,,,,,,,,,,,,,,,,
,Nova Cyber Advisors,https://novacyber.example.com,Martin Silva,Sales Director,martin@novacyber.example.com,Colombia,Cybersecurity,,,,,,,batch_05d2a732ca77,generic,,,,,,,,,,,cand_51d2cbd0d029,,,novacyber.example.com,,,,,,,"{""source_provider"": ""generic"", ""raw_data_json"": ""{\""lead_id\"": \""lead_revision_001\"", \""source\"": \""manual\"", \""manual_context\"": \""Firma de ciberseguridad con servicios para empresas medianas. Draft previo demasiado generico.\"", \""action\"": \""revise\"", \""status\"": \""drafted\"", \""approved\"": \""false\"", \""revision_instruction\"": \""Hazlo mas directo y menciona trazabilidad de evidencia.\""}""}",duplicate,,,email:martin@novacyber.example.com,cand_77abcc47aef5,,,,,,,,,,,,,,,,,,,,,,,,,,,,,,,,,,,,,,,,,,,,,,,,,,,,,,,,,,,,,,,,,,,,,,,
,Tienda La Esquina,,Luis Perez,Owner,luis@tiendalaesquina.example.com,Peru,Retail,,,,,,,batch_05d2a732ca77,generic,,,,,,,,,,,cand_35decadb470b,,,tiendalaesquina.example.com,,,,,,,"{""source_provider"": ""generic"", ""raw_data_json"": ""{\""source_provider\"": \""generic\"", \""raw_data_json\"": \""{\\\""lead_id\\\"": \\\""lead_weak_001\\\"", \\\""source\\\"": \\\""manual\\\"", \\\""manual_context\\\"": \\\""Negocio local B2C sin senales claras de venta consultiva B2B.\\\"", \\\""action\\\"": \\\""research_and_draft\\\"", \\\""status\\\"": \\\""new\\\"", \\\""approved\\\"": \\\""false\\\""}\""}""}",duplicate,,,email:luis@tiendalaesquina.example.com,cand_55cee65905dd,,,,,,,,,,,,,,,,,,,,,,,,,,,,,,,,,,,,,,,,,,,,,,,,,,,,,,,,,,,,,,,,,,,,,,,
,Nova Cyber Advisors,https://novacyber.example.com,Martin Silva,Sales Director,martin@novacyber.example.com,Colombia,Cybersecurity,,,,,,,batch_05d2a732ca77,generic,,,,,,,,,,,cand_87e73f1427bf,,,novacyber.example.com,,,,,,,"{""source_provider"": ""generic"", ""raw_data_json"": ""{\""source_provider\"": \""generic\"", \""raw_data_json\"": \""{\\\""lead_id\\\"": \\\""lead_revision_001\\\"", \\\""source\\\"": \\\""manual\\\"", \\\""manual_context\\\"": \\\""Firma de ciberseguridad con servicios para empresas medianas. Draft previo demasiado generico.\\\"", \\\""action\\\"": \\\""revise\\\"", \\\""status\\\"": \\\""drafted\\\"", \\\""approved\\\"": \\\""false\\\"", \\\""revision_instruction\\\"": \\\""Hazlo mas directo y menciona trazabilidad de evidencia.\\\""}\""}""}",duplicate,,,email:martin@novacyber.example.com,cand_77abcc47aef5,,,,,,,,,,,,,,,,,,,,,,,,,,,,,,,,,,,,,,,,,,,,,,,,,,,,,,,,,,,,,,,,,,,,,,,
,Tienda La Esquina,,Luis Perez,Owner,luis@tiendalaesquina.example.com,Peru,Retail,,,,,,,batch_05d2a732ca77,generic,,,,,,,,,,,cand_3993f593326f,,,tiendalaesquina.example.com,,,,,,,"{""source_provider"": ""generic"", ""raw_data_json"": ""{\""lead_id\"": \""cand_35decadb470b\"", \""source\"": \""generic\"", \""action\"": \""research_and_draft\"", \""status\"": \""discard\"", \""approved\"": \""false\"", \""revision_count\"": \""0\"", \""export_ready\"": \""false\"", \""agent_note\"": \""Enrichment recommended discard. No draft generated.\""}""}",duplicate,,,email:luis@tiendalaesquina.example.com,cand_55cee65905dd,,,,,,,,,,,,,,,,,,,,,,,,,,,,,,,,,,,,,,,,,,,,,,,,,,,,,,,,,,,,,,,,,,,,,,,
,Nova Cyber Advisors,https://novacyber.example.com,Martin Silva,Sales Director,martin@novacyber.example.com,Colombia,Cybersecurity,,,,,,,batch_05d2a732ca77,generic,,,,,,,,,,,cand_014e30539043,,,novacyber.example.com,,,,,,,"{""source_provider"": ""generic"", ""raw_data_json"": ""{\""lead_id\"": \""cand_87e73f1427bf\"", \""source\"": \""generic\"", \""action\"": \""research_and_draft\"", \""status\"": \""discard\"", \""approved\"": \""false\"", \""revision_count\"": \""0\"", \""export_ready\"": \""false\"", \""agent_note\"": \""Enrichment recommended discard. No draft generated.\""}""}",duplicate,,,email:martin@novacyber.example.com,cand_77abcc47aef5,,,,,,,,,,,,,,,,,,,,,,,,,,,,,,,,,,,,,,,,,,,,,,,,,,,,,,,,,,,,,,,,,,,,,,,
,Tienda La Esquina,,Luis Perez,Owner,luis@tiendalaesquina.example.com,Peru,Retail,,,,,,,batch_05d2a732ca77,generic,,,,,,,,,,,cand_e94e83e9d868,,,tiendalaesquina.example.com,,,,,,,"{""source_provider"": ""generic"", ""raw_data_json"": ""{\""source_provider\"": \""generic\"", \""raw_data_json\"": \""{\\\""lead_id\\\"": \\\""lead_weak_001\\\"", \\\""source\\\"": \\\""manual\\\"", \\\""manual_context\\\"": \\\""Negocio local B2C sin senales claras de venta consultiva B2B.\\\"", \\\""action\\\"": \\\""research_and_draft\\\"", \\\""status\\\"": \\\""new\\\"", \\\""approved\\\"": \\\""false\\\""}\""}""}",duplicate,,,email:luis@tiendalaesquina.example.com,cand_55cee65905dd,,,,,,,,,,,,,,,,,,,,,,,,,,,,,,,,,,,,,,,,,,,,,,,,,,,,,,,,,,,,,,,,,,,,,,,
,Nova Cyber Advisors,https://novacyber.example.com,Martin Silva,Sales Director,martin@novacyber.example.com,Colombia,Cybersecurity,,,,,,,batch_05d2a732ca77,generic,,,,,,,,,,,cand_7c190f3f0b72,,,novacyber.example.com,,,,,,,"{""source_provider"": ""generic"", ""raw_data_json"": ""{\""source_provider\"": \""generic\"", \""raw_data_json\"": \""{\\\""lead_id\\\"": \\\""lead_revision_001\\\"", \\\""source\\\"": \\\""manual\\\"", \\\""manual_context\\\"": \\\""Firma de ciberseguridad con servicios para empresas medianas. Draft previo demasiado generico.\\\"", \\\""action\\\"": \\\""revise\\\"", \\\""status\\\"": \\\""drafted\\\"", \\\""approved\\\"": \\\""false\\\"", \\\""revision_instruction\\\"": \\\""Hazlo mas directo y menciona trazabilidad de evidencia.\\\""}\""}""}",duplicate,,,email:martin@novacyber.example.com,cand_77abcc47aef5,,,,,,,,,,,,,,,,,,,,,,,,,,,,,,,,,,,,,,,,,,,,,,,,,,,,,,,,,,,,,,,,,,,,,,,
,Tienda La Esquina,,Luis Perez,Owner,luis@tiendalaesquina.example.com,Peru,Retail,,,,,,,batch_05d2a732ca77,generic,,,,,,,,,,,cand_35decadb470b,,,tiendalaesquina.example.com,,,,,,,"{""source_provider"": ""generic"", ""raw_data_json"": ""{\""source_provider\"": \""generic\"", \""raw_data_json\"": \""{\\\""source_provider\\\"": \\\""generic\\\"", \\\""raw_data_json\\\"": \\\""{\\\\\\\""lead_id\\\\\\\"": \\\\\\\""lead_weak_001\\\\\\\"", \\\\\\\""source\\\\\\\"": \\\\\\\""manual\\\\\\\"", \\\\\\\""manual_context\\\\\\\"": \\\\\\\""Negocio local B2C sin senales claras de venta consultiva B2B.\\\\\\\"", \\\\\\\""action\\\\\\\"": \\\\\\\""research_and_draft\\\\\\\"", \\\\\\\""status\\\\\\\"": \\\\\\\""new\\\\\\\"", \\\\\\\""approved\\\\\\\"": \\\\\\\""false\\\\\\\""}\\\""}\""}""}",duplicate,,,email:luis@tiendalaesquina.example.com,cand_55cee65905dd,,,,,,,,,,,,,,,,,,,,,,,,,,,,,,,,,,,,,,,,,,,,,,,,,,,,,,,,,,,,,,,,,,,,,,,
,Nova Cyber Advisors,https://novacyber.example.com,Martin Silva,Sales Director,martin@novacyber.example.com,Colombia,Cybersecurity,,,,,,,batch_05d2a732ca77,generic,,,,,,,,,,,cand_87e73f1427bf,,,novacyber.example.com,,,,,,,"{""source_provider"": ""generic"", ""raw_data_json"": ""{\""source_provider\"": \""generic\"", \""raw_data_json\"": \""{\\\""source_provider\\\"": \\\""generic\\\"", \\\""raw_data_json\\\"": \\\""{\\\\\\\""lead_id\\\\\\\"": \\\\\\\""lead_revision_001\\\\\\\"", \\\\\\\""source\\\\\\\"": \\\\\\\""manual\\\\\\\"", \\\\\\\""manual_context\\\\\\\"": \\\\\\\""Firma de ciberseguridad con servicios para empresas medianas. Draft previo demasiado generico.\\\\\\\"", \\\\\\\""action\\\\\\\"": \\\\\\\""revise\\\\\\\"", \\\\\\\""status\\\\\\\"": \\\\\\\""drafted\\\\\\\"", \\\\\\\""approved\\\\\\\"": \\\\\\\""false\\\\\\\"", \\\\\\\""revision_instruction\\\\\\\"": \\\\\\\""Hazlo mas directo y menciona trazabilidad de evidencia.\\\\\\\""}\\\""}\""}""}",duplicate,,,email:martin@novacyber.example.com,cand_77abcc47aef5,,,,,,,,,,,,,,,,,,,,,,,,,,,,,,,,,,,,,,,,,,,,,,,,,,,,,,,,,,,,,,,,,,,,,,,
,Tienda La Esquina,,Luis Perez,Owner,luis@tiendalaesquina.example.com,Peru,Retail,,,,,,,batch_05d2a732ca77,generic,,,,,,,,,,,cand_6c6b32d8d428,,,tiendalaesquina.example.com,,,,,,,"{""source_provider"": ""generic"", ""raw_data_json"": ""{\""source_provider\"": \""generic\"", \""raw_data_json\"": \""{\\\""lead_id\\\"": \\\""cand_35decadb470b\\\"", \\\""source\\\"": \\\""generic\\\"", \\\""action\\\"": \\\""research_and_draft\\\"", \\\""status\\\"": \\\""discard\\\"", \\\""approved\\\"": \\\""false\\\"", \\\""revision_count\\\"": \\\""0\\\"", \\\""export_ready\\\"": \\\""false\\\"", \\\""agent_note\\\"": \\\""Enrichment recommended discard. No draft generated.\\\""}\""}""}",duplicate,,,email:luis@tiendalaesquina.example.com,cand_55cee65905dd,,,,,,,,,,,,,,,,,,,,,,,,,,,,,,,,,,,,,,,,,,,,,,,,,,,,,,,,,,,,,,,,,,,,,,,
,Nova Cyber Advisors,https://novacyber.example.com,Martin Silva,Sales Director,martin@novacyber.example.com,Colombia,Cybersecurity,,,,,,,batch_05d2a732ca77,generic,,,,,,,,,,,cand_fbfa53bb3252,,,novacyber.example.com,,,,,,,"{""source_provider"": ""generic"", ""raw_data_json"": ""{\""source_provider\"": \""generic\"", \""raw_data_json\"": \""{\\\""lead_id\\\"": \\\""cand_87e73f1427bf\\\"", \\\""source\\\"": \\\""generic\\\"", \\\""action\\\"": \\\""research_and_draft\\\"", \\\""status\\\"": \\\""discard\\\"", \\\""approved\\\"": \\\""false\\\"", \\\""revision_count\\\"": \\\""0\\\"", \\\""export_ready\\\"": \\\""false\\\"", \\\""agent_note\\\"": \\\""Enrichment recommended discard. No draft generated.\\\""}\""}""}",duplicate,,,email:martin@novacyber.example.com,cand_77abcc47aef5,,,,,,,,,,,,,,,,,,,,,,,,,,,,,,,,,,,,,,,,,,,,,,,,,,,,,,,,,,,,,,,,,,,,,,,
,Tienda La Esquina,,Luis Perez,Owner,luis@tiendalaesquina.example.com,Peru,Retail,,,,,,,batch_05d2a732ca77,generic,,,,,,,,,,,cand_55cee65905dd,,,tiendalaesquina.example.com,,,,,,,"{""source_provider"": ""generic"", ""raw_data_json"": ""{\""lead_id\"": \""cand_35decadb470b\"", \""source\"": \""generic\"", \""action\"": \""research_and_draft\"", \""status\"": \""insufficient_data\"", \""approved\"": \""false\"", \""revision_count\"": \""0\"", \""export_ready\"": \""false\"", \""agent_note\"": \""Enrichment complete. Status: insufficient_data, confidence: 30, recommended_action: discard.\""}""}",duplicate,,,email:luis@tiendalaesquina.example.com,cand_55cee65905dd,,,,,,,,,,,,,,,,,,,,,,,,,,,,,,,,,,,,,,,,,,,,,,,,,,,,,,,,,,,,,,,,,,,,,,,
,Nova Cyber Advisors,https://novacyber.example.com,Martin Silva,Sales Director,martin@novacyber.example.com,Colombia,Cybersecurity,,,,,,,batch_05d2a732ca77,generic,,,,,,,,,,,cand_77abcc47aef5,,,novacyber.example.com,,,,,,,"{""source_provider"": ""generic"", ""raw_data_json"": ""{\""lead_id\"": \""cand_87e73f1427bf\"", \""source\"": \""generic\"", \""action\"": \""research_and_draft\"", \""status\"": \""insufficient_data\"", \""approved\"": \""false\"", \""revision_count\"": \""0\"", \""export_ready\"": \""false\"", \""agent_note\"": \""Enrichment complete. Status: insufficient_data, confidence: 30, recommended_action: discard.\""}""}",duplicate,,,email:martin@novacyber.example.com,cand_77abcc47aef5,,,,,,,,,,,,,,,,,,,,,,,,,,,,,,,,,,,,,,,,,,,,,,,,,,,,,,,,,,,,,,,,,,,,,,,
,Tienda La Esquina,,Luis Perez,Owner,luis@tiendalaesquina.example.com,Peru,Retail,,,,,,,batch_05d2a732ca77,generic,,,,,,,,,,,cand_c689cf698cdd,,,tiendalaesquina.example.com,,,,,,,"{""lead_id"": ""cand_35decadb470b"", ""source"": ""generic"", ""action"": ""research_and_draft"", ""status"": ""insufficient_data"", ""approved"": ""false"", ""revision_count"": ""0"", ""export_ready"": ""false"", ""agent_note"": ""Enrichment complete. Status: insufficient_data, confidence: 30, recommended_action: discard.""}",duplicate,,,email:luis@tiendalaesquina.example.com,cand_55cee65905dd,,,,,,,,,,,,,,,,,,,,,,,,,,,,,,,,,,,,,,,,,,,,,,,,,,,,,,,,,,,,,,,,,,,,,,,
,Nova Cyber Advisors,https://novacyber.example.com,Martin Silva,Sales Director,martin@novacyber.example.com,Colombia,Cybersecurity,,,,,,,batch_05d2a732ca77,generic,,,,,,,,,,,cand_9f52b4405054,,,novacyber.example.com,,,,,,,"{""lead_id"": ""cand_87e73f1427bf"", ""source"": ""generic"", ""action"": ""research_and_draft"", ""status"": ""insufficient_data"", ""approved"": ""false"", ""revision_count"": ""0"", ""export_ready"": ""false"", ""agent_note"": ""Enrichment complete. Status: insufficient_data, confidence: 30, recommended_action: discard.""}",duplicate,,,email:martin@novacyber.example.com,cand_77abcc47aef5,,,,,,,,,,,,,,,,,,,,,,,,,,,,,,,,,,,,,,,,,,,,,,,,,,,,,,,,,,,,,,,,,,,,,,,
cand_35decadb470b,Tienda La Esquina,,Luis Perez,Owner,luis@tiendalaesquina.example.com,Peru,Retail,generic,,research_and_draft,needs_manual_research,false,,,,,,,,,,,,,,,,,,,,,,,,,,,,,,,,,,,,,,,,,,,,,,0,,,,,,false,"Enrich-and-draft blocked before web research. missing_required_context: Missing required fields: company_linkedin_url, prospect_linkedin_url, manual_company_linkedin_text, manual_person_linkedin_text; not_evaluated: ICP not evaluated until required LinkedIn URLs and pasted LinkedIn content are present.",,,,,,,,,,,,,,,,,missing_required_context,"Missing required fields: company_linkedin_url, prospect_linkedin_url, manual_company_linkedin_text, manual_person_linkedin_text",not_evaluated,0,ICP not evaluated until required LinkedIn URLs and pasted LinkedIn content are present.,false,false,,,,,,,,,,,,,,,,,,,,,,,,
cand_87e73f1427bf,Nova Cyber Advisors,https://novacyber.example.com,Martin Silva,Sales Director,martin@novacyber.example.com,Colombia,Cybersecurity,generic,,research_and_draft,needs_manual_research,false,,,,,,,,,,,,,,,,,,,,,,,,,,,,,,,,,,,,,,,,,,,,,,0,,,,,,false,"Enrich-and-draft blocked before web research. missing_required_context: Missing required fields: company_linkedin_url, prospect_linkedin_url, manual_company_linkedin_text, manual_person_linkedin_text; not_evaluated: ICP not evaluated until required LinkedIn URLs and pasted LinkedIn content are present.",,,,,,,,,,,,,,,,,missing_required_context,"Missing required fields: company_linkedin_url, prospect_linkedin_url, manual_company_linkedin_text, manual_person_linkedin_text",not_evaluated,0,ICP not evaluated until required LinkedIn URLs and pasted LinkedIn content are present.,false,false,,,,,,,,,,,,,,,,,,,,,,,,
,,,,,,,,,,,completed_with_errors,,,batch_0eeef001cb9a,generic,csv,CSV Import Temp,,2026-05-05T18:18:51.984187+00:00,67,0,62,0,5,"1 validation error for SourceCandidate
company_name
  Field required [type=missing, input_value={'company_website': 'http...': 'batch_0eeef001cb9a'}, input_type=dict]
    For further information visit https://errors.pydantic.dev/2.13/v/missing; 1 validation error for SourceCandidate
company_name
  Field required [type=missing, input_value={'import_batch_id': 'batc...0', 'error_count': '1'}}, input_type=dict]
    For further information visit https://errors.pydantic.dev/2.13/v/missing; 1 validation error for SourceCandidate
company_name
  Field required [type=missing, input_value={'import_batch_id': 'batc...0', 'error_count': '2'}}, input_type=dict]
    For further information visit https://errors.pydantic.dev/2.13/v/missing; 1 validation error for SourceCandidate
company_name
  Field required [type=missing, input_value={'import_batch_id': 'batc...0', 'error_count': '3'}}, input_type=dict]
    For further information visit https://errors.pydantic.dev/2.13/v/missing; 1 validation error for SourceCandidate
company_name
  Field required [type=missing, input_value={'import_batch_id': 'batc...0', 'error_count': '4'}}, input_type=dict]
    For further information visit https://errors.pydantic.dev/2.13/v/missing",,,,,,,,,,,,,,,,,,,,,,,,,,,,,,,,,,,,,,,,,,,,,,,,,,,,,,,,,,,,,,,,,,,,,,,,,,,,,,,,,,,,,,,
,Tienda La Esquina,,Luis Perez,Owner,luis@tiendalaesquina.example.com,Peru,Retail,,,,,,,batch_0eeef001cb9a,generic,,,,,,,,,,,cand_00d34542042e,,,tiendalaesquina.example.com,,,,,,,"{""lead_id"": ""lead_weak_001"", ""source"": ""manual"", ""manual_context"": ""Negocio local B2C sin senales claras de venta consultiva B2B."", ""action"": ""research_and_draft"", ""status"": ""new"", ""approved"": ""false""}",duplicate,,,email:luis@tiendalaesquina.example.com,cand_c689cf698cdd,,,,,,,,,,,,,,,,,,,,,,,,,,,,,,,,,,,,,,,,,,,,,,,,,,,,,,,,,,,,,,,,,,,,,,,
,Nova Cyber Advisors,https://novacyber.example.com,Martin Silva,Sales Director,martin@novacyber.example.com,Colombia,Cybersecurity,,,,,,,batch_0eeef001cb9a,generic,,,,,,,,,,,cand_312e17ffe864,,,novacyber.example.com,,,,,,,"{""lead_id"": ""lead_revision_001"", ""source"": ""manual"", ""manual_context"": ""Firma de ciberseguridad con servicios para empresas medianas. Draft previo demasiado generico."", ""action"": ""revise"", ""status"": ""drafted"", ""approved"": ""false"", ""revision_instruction"": ""Hazlo mas directo y menciona trazabilidad de evidencia.""}",duplicate,,,email:martin@novacyber.example.com,cand_9f52b4405054,,,,,,,,,,,,,,,,,,,,,,,,,,,,,,,,,,,,,,,,,,,,,,,,,,,,,,,,,,,,,,,,,,,,,,,
,Tienda La Esquina,,Luis Perez,Owner,luis@tiendalaesquina.example.com,Peru,Retail,,,,,,,batch_0eeef001cb9a,generic,,,,,,,,,,,cand_35decadb470b,,,tiendalaesquina.example.com,,,,,,,"{""source_provider"": ""generic"", ""raw_data_json"": ""{\""lead_id\"": \""lead_weak_001\"", \""source\"": \""manual\"", \""manual_context\"": \""Negocio local B2C sin senales claras de venta consultiva B2B.\"", \""action\"": \""research_and_draft\"", \""status\"": \""new\"", \""approved\"": \""false\""}""}",duplicate,,,email:luis@tiendalaesquina.example.com,cand_c689cf698cdd,,,,,,,,,,,,,,,,,,,,,,,,,,,,,,,,,,,,,,,,,,,,,,,,,,,,,,,,,,,,,,,,,,,,,,,
,Nova Cyber Advisors,https://novacyber.example.com,Martin Silva,Sales Director,martin@novacyber.example.com,Colombia,Cybersecurity,,,,,,,batch_0eeef001cb9a,generic,,,,,,,,,,,cand_87e73f1427bf,,,novacyber.example.com,,,,,,,"{""source_provider"": ""generic"", ""raw_data_json"": ""{\""lead_id\"": \""lead_revision_001\"", \""source\"": \""manual\"", \""manual_context\"": \""Firma de ciberseguridad con servicios para empresas medianas. Draft previo demasiado generico.\"", \""action\"": \""revise\"", \""status\"": \""drafted\"", \""approved\"": \""false\"", \""revision_instruction\"": \""Hazlo mas directo y menciona trazabilidad de evidencia.\""}""}",duplicate,,,email:martin@novacyber.example.com,cand_9f52b4405054,,,,,,,,,,,,,,,,,,,,,,,,,,,,,,,,,,,,,,,,,,,,,,,,,,,,,,,,,,,,,,,,,,,,,,,
,Tienda La Esquina,,Luis Perez,Owner,luis@tiendalaesquina.example.com,Peru,Retail,,,,,,,batch_0eeef001cb9a,generic,,,,,,,,,,,cand_5b8b75a0fffc,,,tiendalaesquina.example.com,,,,,,,"{""lead_id"": ""cand_35decadb470b"", ""source"": ""generic"", ""action"": ""research_and_draft"", ""status"": ""discard"", ""approved"": ""false"", ""revision_count"": ""0"", ""export_ready"": ""false"", ""agent_note"": ""Enrichment recommended discard. No draft generated.""}",duplicate,,,email:luis@tiendalaesquina.example.com,cand_c689cf698cdd,,,,,,,,,,,,,,,,,,,,,,,,,,,,,,,,,,,,,,,,,,,,,,,,,,,,,,,,,,,,,,,,,,,,,,,
,Nova Cyber Advisors,https://novacyber.example.com,Martin Silva,Sales Director,martin@novacyber.example.com,Colombia,Cybersecurity,,,,,,,batch_0eeef001cb9a,generic,,,,,,,,,,,cand_b13535079bfc,,,novacyber.example.com,,,,,,,"{""lead_id"": ""cand_87e73f1427bf"", ""source"": ""generic"", ""action"": ""research_and_draft"", ""status"": ""discard"", ""approved"": ""false"", ""revision_count"": ""0"", ""export_ready"": ""false"", ""agent_note"": ""Enrichment recommended discard. No draft generated.""}",duplicate,,,email:martin@novacyber.example.com,cand_9f52b4405054,,,,,,,,,,,,,,,,,,,,,,,,,,,,,,,,,,,,,,,,,,,,,,,,,,,,,,,,,,,,,,,,,,,,,,,
,Tienda La Esquina,,Luis Perez,Owner,luis@tiendalaesquina.example.com,Peru,Retail,,,,,,,batch_0eeef001cb9a,generic,,,,,,,,,,,cand_e94e83e9d868,,,tiendalaesquina.example.com,,,,,,,"{""source_provider"": ""generic"", ""raw_data_json"": ""{\""lead_id\"": \""lead_weak_001\"", \""source\"": \""manual\"", \""manual_context\"": \""Negocio local B2C sin senales claras de venta consultiva B2B.\"", \""action\"": \""research_and_draft\"", \""status\"": \""new\"", \""approved\"": \""false\""}""}",duplicate,,,email:luis@tiendalaesquina.example.com,cand_c689cf698cdd,,,,,,,,,,,,,,,,,,,,,,,,,,,,,,,,,,,,,,,,,,,,,,,,,,,,,,,,,,,,,,,,,,,,,,,
,Nova Cyber Advisors,https://novacyber.example.com,Martin Silva,Sales Director,martin@novacyber.example.com,Colombia,Cybersecurity,,,,,,,batch_0eeef001cb9a,generic,,,,,,,,,,,cand_7c190f3f0b72,,,novacyber.example.com,,,,,,,"{""source_provider"": ""generic"", ""raw_data_json"": ""{\""lead_id\"": \""lead_revision_001\"", \""source\"": \""manual\"", \""manual_context\"": \""Firma de ciberseguridad con servicios para empresas medianas. Draft previo demasiado generico.\"", \""action\"": \""revise\"", \""status\"": \""drafted\"", \""approved\"": \""false\"", \""revision_instruction\"": \""Hazlo mas directo y menciona trazabilidad de evidencia.\""}""}",duplicate,,,email:martin@novacyber.example.com,cand_9f52b4405054,,,,,,,,,,,,,,,,,,,,,,,,,,,,,,,,,,,,,,,,,,,,,,,,,,,,,,,,,,,,,,,,,,,,,,,
,Tienda La Esquina,,Luis Perez,Owner,luis@tiendalaesquina.example.com,Peru,Retail,,,,,,,batch_0eeef001cb9a,generic,,,,,,,,,,,cand_35decadb470b,,,tiendalaesquina.example.com,,,,,,,"{""source_provider"": ""generic"", ""raw_data_json"": ""{\""source_provider\"": \""generic\"", \""raw_data_json\"": \""{\\\""lead_id\\\"": \\\""lead_weak_001\\\"", \\\""source\\\"": \\\""manual\\\"", \\\""manual_context\\\"": \\\""Negocio local B2C sin senales claras de venta consultiva B2B.\\\"", \\\""action\\\"": \\\""research_and_draft\\\"", \\\""status\\\"": \\\""new\\\"", \\\""approved\\\"": \\\""false\\\""}\""}""}",duplicate,,,email:luis@tiendalaesquina.example.com,cand_c689cf698cdd,,,,,,,,,,,,,,,,,,,,,,,,,,,,,,,,,,,,,,,,,,,,,,,,,,,,,,,,,,,,,,,,,,,,,,,
,Nova Cyber Advisors,https://novacyber.example.com,Martin Silva,Sales Director,martin@novacyber.example.com,Colombia,Cybersecurity,,,,,,,batch_0eeef001cb9a,generic,,,,,,,,,,,cand_87e73f1427bf,,,novacyber.example.com,,,,,,,"{""source_provider"": ""generic"", ""raw_data_json"": ""{\""source_provider\"": \""generic\"", \""raw_data_json\"": \""{\\\""lead_id\\\"": \\\""lead_revision_001\\\"", \\\""source\\\"": \\\""manual\\\"", \\\""manual_context\\\"": \\\""Firma de ciberseguridad con servicios para empresas medianas. Draft previo demasiado generico.\\\"", \\\""action\\\"": \\\""revise\\\"", \\\""status\\\"": \\\""drafted\\\"", \\\""approved\\\"": \\\""false\\\"", \\\""revision_instruction\\\"": \\\""Hazlo mas directo y menciona trazabilidad de evidencia.\\\""}\""}""}",duplicate,,,email:martin@novacyber.example.com,cand_9f52b4405054,,,,,,,,,,,,,,,,,,,,,,,,,,,,,,,,,,,,,,,,,,,,,,,,,,,,,,,,,,,,,,,,,,,,,,,
,Tienda La Esquina,,Luis Perez,Owner,luis@tiendalaesquina.example.com,Peru,Retail,,,,,,,batch_0eeef001cb9a,generic,,,,,,,,,,,cand_6c6b32d8d428,,,tiendalaesquina.example.com,,,,,,,"{""source_provider"": ""generic"", ""raw_data_json"": ""{\""lead_id\"": \""cand_35decadb470b\"", \""source\"": \""generic\"", \""action\"": \""research_and_draft\"", \""status\"": \""discard\"", \""approved\"": \""false\"", \""revision_count\"": \""0\"", \""export_ready\"": \""false\"", \""agent_note\"": \""Enrichment recommended discard. No draft generated.\""}""}",duplicate,,,email:luis@tiendalaesquina.example.com,cand_c689cf698cdd,,,,,,,,,,,,,,,,,,,,,,,,,,,,,,,,,,,,,,,,,,,,,,,,,,,,,,,,,,,,,,,,,,,,,,,
,Nova Cyber Advisors,https://novacyber.example.com,Martin Silva,Sales Director,martin@novacyber.example.com,Colombia,Cybersecurity,,,,,,,batch_0eeef001cb9a,generic,,,,,,,,,,,cand_fbfa53bb3252,,,novacyber.example.com,,,,,,,"{""source_provider"": ""generic"", ""raw_data_json"": ""{\""lead_id\"": \""cand_87e73f1427bf\"", \""source\"": \""generic\"", \""action\"": \""research_and_draft\"", \""status\"": \""discard\"", \""approved\"": \""false\"", \""revision_count\"": \""0\"", \""export_ready\"": \""false\"", \""agent_note\"": \""Enrichment recommended discard. No draft generated.\""}""}",duplicate,,,email:martin@novacyber.example.com,cand_9f52b4405054,,,,,,,,,,,,,,,,,,,,,,,,,,,,,,,,,,,,,,,,,,,,,,,,,,,,,,,,,,,,,,,,,,,,,,,
,Tienda La Esquina,,Luis Perez,Owner,luis@tiendalaesquina.example.com,Peru,Retail,,,,,,,batch_0eeef001cb9a,generic,,,,,,,,,,,cand_7c7c23133b9c,,,tiendalaesquina.example.com,,,,,,,"{""lead_id"": ""cand_35decadb470b"", ""source"": ""generic"", ""action"": ""research_and_draft"", ""status"": ""insufficient_data"", ""approved"": ""false"", ""revision_count"": ""0"", ""export_ready"": ""false"", ""agent_note"": ""Enrichment complete. Status: insufficient_data, confidence: 30, recommended_action: discard.""}",duplicate,,,email:luis@tiendalaesquina.example.com,cand_c689cf698cdd,,,,,,,,,,,,,,,,,,,,,,,,,,,,,,,,,,,,,,,,,,,,,,,,,,,,,,,,,,,,,,,,,,,,,,,
,Nova Cyber Advisors,https://novacyber.example.com,Martin Silva,Sales Director,martin@novacyber.example.com,Colombia,Cybersecurity,,,,,,,batch_0eeef001cb9a,generic,,,,,,,,,,,cand_4c5bef35d058,,,novacyber.example.com,,,,,,,"{""lead_id"": ""cand_87e73f1427bf"", ""source"": ""generic"", ""action"": ""research_and_draft"", ""status"": ""insufficient_data"", ""approved"": ""false"", ""revision_count"": ""0"", ""export_ready"": ""false"", ""agent_note"": ""Enrichment complete. Status: insufficient_data, confidence: 30, recommended_action: discard.""}",duplicate,,,email:martin@novacyber.example.com,cand_9f52b4405054,,,,,,,,,,,,,,,,,,,,,,,,,,,,,,,,,,,,,,,,,,,,,,,,,,,,,,,,,,,,,,,,,,,,,,,
,Tienda La Esquina,,Luis Perez,Owner,luis@tiendalaesquina.example.com,Peru,Retail,,,,,,,batch_0eeef001cb9a,generic,,,,,,,,,,,cand_645e73e151c6,,,tiendalaesquina.example.com,,,,,,,"{""source_provider"": ""generic"", ""raw_data_json"": ""{\""lead_id\"": \""lead_weak_001\"", \""source\"": \""manual\"", \""manual_context\"": \""Negocio local B2C sin senales claras de venta consultiva B2B.\"", \""action\"": \""research_and_draft\"", \""status\"": \""new\"", \""approved\"": \""false\""}""}",duplicate,,,email:luis@tiendalaesquina.example.com,cand_c689cf698cdd,,,,,,,,,,,,,,,,,,,,,,,,,,,,,,,,,,,,,,,,,,,,,,,,,,,,,,,,,,,,,,,,,,,,,,,
,Nova Cyber Advisors,https://novacyber.example.com,Martin Silva,Sales Director,martin@novacyber.example.com,Colombia,Cybersecurity,,,,,,,batch_0eeef001cb9a,generic,,,,,,,,,,,cand_51d2cbd0d029,,,novacyber.example.com,,,,,,,"{""source_provider"": ""generic"", ""raw_data_json"": ""{\""lead_id\"": \""lead_revision_001\"", \""source\"": \""manual\"", \""manual_context\"": \""Firma de ciberseguridad con servicios para empresas medianas. Draft previo demasiado generico.\"", \""action\"": \""revise\"", \""status\"": \""drafted\"", \""approved\"": \""false\"", \""revision_instruction\"": \""Hazlo mas directo y menciona trazabilidad de evidencia.\""}""}",duplicate,,,email:martin@novacyber.example.com,cand_9f52b4405054,,,,,,,,,,,,,,,,,,,,,,,,,,,,,,,,,,,,,,,,,,,,,,,,,,,,,,,,,,,,,,,,,,,,,,,
,Tienda La Esquina,,Luis Perez,Owner,luis@tiendalaesquina.example.com,Peru,Retail,,,,,,,batch_0eeef001cb9a,generic,,,,,,,,,,,cand_35decadb470b,,,tiendalaesquina.example.com,,,,,,,"{""source_provider"": ""generic"", ""raw_data_json"": ""{\""source_provider\"": \""generic\"", \""raw_data_json\"": \""{\\\""lead_id\\\"": \\\""lead_weak_001\\\"", \\\""source\\\"": \\\""manual\\\"", \\\""manual_context\\\"": \\\""Negocio local B2C sin senales claras de venta consultiva B2B.\\\"", \\\""action\\\"": \\\""research_and_draft\\\"", \\\""status\\\"": \\\""new\\\"", \\\""approved\\\"": \\\""false\\\""}\""}""}",duplicate,,,email:luis@tiendalaesquina.example.com,cand_c689cf698cdd,,,,,,,,,,,,,,,,,,,,,,,,,,,,,,,,,,,,,,,,,,,,,,,,,,,,,,,,,,,,,,,,,,,,,,,
,Nova Cyber Advisors,https://novacyber.example.com,Martin Silva,Sales Director,martin@novacyber.example.com,Colombia,Cybersecurity,,,,,,,batch_0eeef001cb9a,generic,,,,,,,,,,,cand_87e73f1427bf,,,novacyber.example.com,,,,,,,"{""source_provider"": ""generic"", ""raw_data_json"": ""{\""source_provider\"": \""generic\"", \""raw_data_json\"": \""{\\\""lead_id\\\"": \\\""lead_revision_001\\\"", \\\""source\\\"": \\\""manual\\\"", \\\""manual_context\\\"": \\\""Firma de ciberseguridad con servicios para empresas medianas. Draft previo demasiado generico.\\\"", \\\""action\\\"": \\\""revise\\\"", \\\""status\\\"": \\\""drafted\\\"", \\\""approved\\\"": \\\""false\\\"", \\\""revision_instruction\\\"": \\\""Hazlo mas directo y menciona trazabilidad de evidencia.\\\""}\""}""}",duplicate,,,email:martin@novacyber.example.com,cand_9f52b4405054,,,,,,,,,,,,,,,,,,,,,,,,,,,,,,,,,,,,,,,,,,,,,,,,,,,,,,,,,,,,,,,,,,,,,,,
,Tienda La Esquina,,Luis Perez,Owner,luis@tiendalaesquina.example.com,Peru,Retail,,,,,,,batch_0eeef001cb9a,generic,,,,,,,,,,,cand_3993f593326f,,,tiendalaesquina.example.com,,,,,,,"{""source_provider"": ""generic"", ""raw_data_json"": ""{\""lead_id\"": \""cand_35decadb470b\"", \""source\"": \""generic\"", \""action\"": \""research_and_draft\"", \""status\"": \""discard\"", \""approved\"": \""false\"", \""revision_count\"": \""0\"", \""export_ready\"": \""false\"", \""agent_note\"": \""Enrichment recommended discard. No draft generated.\""}""}",duplicate,,,email:luis@tiendalaesquina.example.com,cand_c689cf698cdd,,,,,,,,,,,,,,,,,,,,,,,,,,,,,,,,,,,,,,,,,,,,,,,,,,,,,,,,,,,,,,,,,,,,,,,
,Nova Cyber Advisors,https://novacyber.example.com,Martin Silva,Sales Director,martin@novacyber.example.com,Colombia,Cybersecurity,,,,,,,batch_0eeef001cb9a,generic,,,,,,,,,,,cand_014e30539043,,,novacyber.example.com,,,,,,,"{""source_provider"": ""generic"", ""raw_data_json"": ""{\""lead_id\"": \""cand_87e73f1427bf\"", \""source\"": \""generic\"", \""action\"": \""research_and_draft\"", \""status\"": \""discard\"", \""approved\"": \""false\"", \""revision_count\"": \""0\"", \""export_ready\"": \""false\"", \""agent_note\"": \""Enrichment recommended discard. No draft generated.\""}""}",duplicate,,,email:martin@novacyber.example.com,cand_9f52b4405054,,,,,,,,,,,,,,,,,,,,,,,,,,,,,,,,,,,,,,,,,,,,,,,,,,,,,,,,,,,,,,,,,,,,,,,
,Tienda La Esquina,,Luis Perez,Owner,luis@tiendalaesquina.example.com,Peru,Retail,,,,,,,batch_0eeef001cb9a,generic,,,,,,,,,,,cand_e94e83e9d868,,,tiendalaesquina.example.com,,,,,,,"{""source_provider"": ""generic"", ""raw_data_json"": ""{\""source_provider\"": \""generic\"", \""raw_data_json\"": \""{\\\""lead_id\\\"": \\\""lead_weak_001\\\"", \\\""source\\\"": \\\""manual\\\"", \\\""manual_context\\\"": \\\""Negocio local B2C sin senales claras de venta consultiva B2B.\\\"", \\\""action\\\"": \\\""research_and_draft\\\"", \\\""status\\\"": \\\""new\\\"", \\\""approved\\\"": \\\""false\\\""}\""}""}",duplicate,,,email:luis@tiendalaesquina.example.com,cand_c689cf698cdd,,,,,,,,,,,,,,,,,,,,,,,,,,,,,,,,,,,,,,,,,,,,,,,,,,,,,,,,,,,,,,,,,,,,,,,
,Nova Cyber Advisors,https://novacyber.example.com,Martin Silva,Sales Director,martin@novacyber.example.com,Colombia,Cybersecurity,,,,,,,batch_0eeef001cb9a,generic,,,,,,,,,,,cand_7c190f3f0b72,,,novacyber.example.com,,,,,,,"{""source_provider"": ""generic"", ""raw_data_json"": ""{\""source_provider\"": \""generic\"", \""raw_data_json\"": \""{\\\""lead_id\\\"": \\\""lead_revision_001\\\"", \\\""source\\\"": \\\""manual\\\"", \\\""manual_context\\\"": \\\""Firma de ciberseguridad con servicios para empresas medianas. Draft previo demasiado generico.\\\"", \\\""action\\\"": \\\""revise\\\"", \\\""status\\\"": \\\""drafted\\\"", \\\""approved\\\"": \\\""false\\\"", \\\""revision_instruction\\\"": \\\""Hazlo mas directo y menciona trazabilidad de evidencia.\\\""}\""}""}",duplicate,,,email:martin@novacyber.example.com,cand_9f52b4405054,,,,,,,,,,,,,,,,,,,,,,,,,,,,,,,,,,,,,,,,,,,,,,,,,,,,,,,,,,,,,,,,,,,,,,,
,Tienda La Esquina,,Luis Perez,Owner,luis@tiendalaesquina.example.com,Peru,Retail,,,,,,,batch_0eeef001cb9a,generic,,,,,,,,,,,cand_35decadb470b,,,tiendalaesquina.example.com,,,,,,,"{""source_provider"": ""generic"", ""raw_data_json"": ""{\""source_provider\"": \""generic\"", \""raw_data_json\"": \""{\\\""source_provider\\\"": \\\""generic\\\"", \\\""raw_data_json\\\"": \\\""{\\\\\\\""lead_id\\\\\\\"": \\\\\\\""lead_weak_001\\\\\\\"", \\\\\\\""source\\\\\\\"": \\\\\\\""manual\\\\\\\"", \\\\\\\""manual_context\\\\\\\"": \\\\\\\""Negocio local B2C sin senales claras de venta consultiva B2B.\\\\\\\"", \\\\\\\""action\\\\\\\"": \\\\\\\""research_and_draft\\\\\\\"", \\\\\\\""status\\\\\\\"": \\\\\\\""new\\\\\\\"", \\\\\\\""approved\\\\\\\"": \\\\\\\""false\\\\\\\""}\\\""}\""}""}",duplicate,,,email:luis@tiendalaesquina.example.com,cand_c689cf698cdd,,,,,,,,,,,,,,,,,,,,,,,,,,,,,,,,,,,,,,,,,,,,,,,,,,,,,,,,,,,,,,,,,,,,,,,
,Nova Cyber Advisors,https://novacyber.example.com,Martin Silva,Sales Director,martin@novacyber.example.com,Colombia,Cybersecurity,,,,,,,batch_0eeef001cb9a,generic,,,,,,,,,,,cand_87e73f1427bf,,,novacyber.example.com,,,,,,,"{""source_provider"": ""generic"", ""raw_data_json"": ""{\""source_provider\"": \""generic\"", \""raw_data_json\"": \""{\\\""source_provider\\\"": \\\""generic\\\"", \\\""raw_data_json\\\"": \\\""{\\\\\\\""lead_id\\\\\\\"": \\\\\\\""lead_revision_001\\\\\\\"", \\\\\\\""source\\\\\\\"": \\\\\\\""manual\\\\\\\"", \\\\\\\""manual_context\\\\\\\"": \\\\\\\""Firma de ciberseguridad con servicios para empresas medianas. Draft previo demasiado generico.\\\\\\\"", \\\\\\\""action\\\\\\\"": \\\\\\\""revise\\\\\\\"", \\\\\\\""status\\\\\\\"": \\\\\\\""drafted\\\\\\\"", \\\\\\\""approved\\\\\\\"": \\\\\\\""false\\\\\\\"", \\\\\\\""revision_instruction\\\\\\\"": \\\\\\\""Hazlo mas directo y menciona trazabilidad de evidencia.\\\\\\\""}\\\""}\""}""}",duplicate,,,email:martin@novacyber.example.com,cand_9f52b4405054,,,,,,,,,,,,,,,,,,,,,,,,,,,,,,,,,,,,,,,,,,,,,,,,,,,,,,,,,,,,,,,,,,,,,,,
,Tienda La Esquina,,Luis Perez,Owner,luis@tiendalaesquina.example.com,Peru,Retail,,,,,,,batch_0eeef001cb9a,generic,,,,,,,,,,,cand_6c6b32d8d428,,,tiendalaesquina.example.com,,,,,,,"{""source_provider"": ""generic"", ""raw_data_json"": ""{\""source_provider\"": \""generic\"", \""raw_data_json\"": \""{\\\""lead_id\\\"": \\\""cand_35decadb470b\\\"", \\\""source\\\"": \\\""generic\\\"", \\\""action\\\"": \\\""research_and_draft\\\"", \\\""status\\\"": \\\""discard\\\"", \\\""approved\\\"": \\\""false\\\"", \\\""revision_count\\\"": \\\""0\\\"", \\\""export_ready\\\"": \\\""false\\\"", \\\""agent_note\\\"": \\\""Enrichment recommended discard. No draft generated.\\\""}\""}""}",duplicate,,,email:luis@tiendalaesquina.example.com,cand_c689cf698cdd,,,,,,,,,,,,,,,,,,,,,,,,,,,,,,,,,,,,,,,,,,,,,,,,,,,,,,,,,,,,,,,,,,,,,,,
,Nova Cyber Advisors,https://novacyber.example.com,Martin Silva,Sales Director,martin@novacyber.example.com,Colombia,Cybersecurity,,,,,,,batch_0eeef001cb9a,generic,,,,,,,,,,,cand_fbfa53bb3252,,,novacyber.example.com,,,,,,,"{""source_provider"": ""generic"", ""raw_data_json"": ""{\""source_provider\"": \""generic\"", \""raw_data_json\"": \""{\\\""lead_id\\\"": \\\""cand_87e73f1427bf\\\"", \\\""source\\\"": \\\""generic\\\"", \\\""action\\\"": \\\""research_and_draft\\\"", \\\""status\\\"": \\\""discard\\\"", \\\""approved\\\"": \\\""false\\\"", \\\""revision_count\\\"": \\\""0\\\"", \\\""export_ready\\\"": \\\""false\\\"", \\\""agent_note\\\"": \\\""Enrichment recommended discard. No draft generated.\\\""}\""}""}",duplicate,,,email:martin@novacyber.example.com,cand_9f52b4405054,,,,,,,,,,,,,,,,,,,,,,,,,,,,,,,,,,,,,,,,,,,,,,,,,,,,,,,,,,,,,,,,,,,,,,,
,Tienda La Esquina,,Luis Perez,Owner,luis@tiendalaesquina.example.com,Peru,Retail,,,,,,,batch_0eeef001cb9a,generic,,,,,,,,,,,cand_55cee65905dd,,,tiendalaesquina.example.com,,,,,,,"{""source_provider"": ""generic"", ""raw_data_json"": ""{\""lead_id\"": \""cand_35decadb470b\"", \""source\"": \""generic\"", \""action\"": \""research_and_draft\"", \""status\"": \""insufficient_data\"", \""approved\"": \""false\"", \""revision_count\"": \""0\"", \""export_ready\"": \""false\"", \""agent_note\"": \""Enrichment complete. Status: insufficient_data, confidence: 30, recommended_action: discard.\""}""}",duplicate,,,email:luis@tiendalaesquina.example.com,cand_c689cf698cdd,,,,,,,,,,,,,,,,,,,,,,,,,,,,,,,,,,,,,,,,,,,,,,,,,,,,,,,,,,,,,,,,,,,,,,,
,Nova Cyber Advisors,https://novacyber.example.com,Martin Silva,Sales Director,martin@novacyber.example.com,Colombia,Cybersecurity,,,,,,,batch_0eeef001cb9a,generic,,,,,,,,,,,cand_77abcc47aef5,,,novacyber.example.com,,,,,,,"{""source_provider"": ""generic"", ""raw_data_json"": ""{\""lead_id\"": \""cand_87e73f1427bf\"", \""source\"": \""generic\"", \""action\"": \""research_and_draft\"", \""status\"": \""insufficient_data\"", \""approved\"": \""false\"", \""revision_count\"": \""0\"", \""export_ready\"": \""false\"", \""agent_note\"": \""Enrichment complete. Status: insufficient_data, confidence: 30, recommended_action: discard.\""}""}",duplicate,,,email:martin@novacyber.example.com,cand_9f52b4405054,,,,,,,,,,,,,,,,,,,,,,,,,,,,,,,,,,,,,,,,,,,,,,,,,,,,,,,,,,,,,,,,,,,,,,,
,Tienda La Esquina,,Luis Perez,Owner,luis@tiendalaesquina.example.com,Peru,Retail,,,,,,,batch_0eeef001cb9a,generic,,,,,,,,,,,cand_b9753e329c8f,,,tiendalaesquina.example.com,,,,,,,"{""lead_id"": ""cand_35decadb470b"", ""source"": ""generic"", ""action"": ""research_and_draft"", ""status"": ""insufficient_data"", ""approved"": ""false"", ""revision_count"": ""0"", ""export_ready"": ""false"", ""agent_note"": ""Enrichment complete. Status: insufficient_data, confidence: 30, recommended_action: discard.""}",duplicate,,,email:luis@tiendalaesquina.example.com,cand_c689cf698cdd,,,,,,,,,,,,,,,,,,,,,,,,,,,,,,,,,,,,,,,,,,,,,,,,,,,,,,,,,,,,,,,,,,,,,,,
,Nova Cyber Advisors,https://novacyber.example.com,Martin Silva,Sales Director,martin@novacyber.example.com,Colombia,Cybersecurity,,,,,,,batch_0eeef001cb9a,generic,,,,,,,,,,,cand_72a3bb1d42dc,,,novacyber.example.com,,,,,,,"{""lead_id"": ""cand_87e73f1427bf"", ""source"": ""generic"", ""action"": ""research_and_draft"", ""status"": ""insufficient_data"", ""approved"": ""false"", ""revision_count"": ""0"", ""export_ready"": ""false"", ""agent_note"": ""Enrichment complete. Status: insufficient_data, confidence: 30, recommended_action: discard.""}",duplicate,,,email:martin@novacyber.example.com,cand_9f52b4405054,,,,,,,,,,,,,,,,,,,,,,,,,,,,,,,,,,,,,,,,,,,,,,,,,,,,,,,,,,,,,,,,,,,,,,,
,Tienda La Esquina,,Luis Perez,Owner,luis@tiendalaesquina.example.com,Peru,Retail,,,,,,,batch_0eeef001cb9a,generic,,,,,,,,,,,cand_d488e6938492,,,tiendalaesquina.example.com,,,,,,,"{""source_provider"": ""generic"", ""raw_data_json"": ""{\""lead_id\"": \""lead_weak_001\"", \""source\"": \""manual\"", \""manual_context\"": \""Negocio local B2C sin senales claras de venta consultiva B2B.\"", \""action\"": \""research_and_draft\"", \""status\"": \""new\"", \""approved\"": \""false\""}""}",duplicate,,,email:luis@tiendalaesquina.example.com,cand_c689cf698cdd,,,,,,,,,,,,,,,,,,,,,,,,,,,,,,,,,,,,,,,,,,,,,,,,,,,,,,,,,,,,,,,,,,,,,,,
,Nova Cyber Advisors,https://novacyber.example.com,Martin Silva,Sales Director,martin@novacyber.example.com,Colombia,Cybersecurity,,,,,,,batch_0eeef001cb9a,generic,,,,,,,,,,,cand_e54d225244b6,,,novacyber.example.com,,,,,,,"{""source_provider"": ""generic"", ""raw_data_json"": ""{\""lead_id\"": \""lead_revision_001\"", \""source\"": \""manual\"", \""manual_context\"": \""Firma de ciberseguridad con servicios para empresas medianas. Draft previo demasiado generico.\"", \""action\"": \""revise\"", \""status\"": \""drafted\"", \""approved\"": \""false\"", \""revision_instruction\"": \""Hazlo mas directo y menciona trazabilidad de evidencia.\""}""}",duplicate,,,email:martin@novacyber.example.com,cand_9f52b4405054,,,,,,,,,,,,,,,,,,,,,,,,,,,,,,,,,,,,,,,,,,,,,,,,,,,,,,,,,,,,,,,,,,,,,,,
,Tienda La Esquina,,Luis Perez,Owner,luis@tiendalaesquina.example.com,Peru,Retail,,,,,,,batch_0eeef001cb9a,generic,,,,,,,,,,,cand_35decadb470b,,,tiendalaesquina.example.com,,,,,,,"{""source_provider"": ""generic"", ""raw_data_json"": ""{\""source_provider\"": \""generic\"", \""raw_data_json\"": \""{\\\""lead_id\\\"": \\\""lead_weak_001\\\"", \\\""source\\\"": \\\""manual\\\"", \\\""manual_context\\\"": \\\""Negocio local B2C sin senales claras de venta consultiva B2B.\\\"", \\\""action\\\"": \\\""research_and_draft\\\"", \\\""status\\\"": \\\""new\\\"", \\\""approved\\\"": \\\""false\\\""}\""}""}",duplicate,,,email:luis@tiendalaesquina.example.com,cand_c689cf698cdd,,,,,,,,,,,,,,,,,,,,,,,,,,,,,,,,,,,,,,,,,,,,,,,,,,,,,,,,,,,,,,,,,,,,,,,
,Nova Cyber Advisors,https://novacyber.example.com,Martin Silva,Sales Director,martin@novacyber.example.com,Colombia,Cybersecurity,,,,,,,batch_0eeef001cb9a,generic,,,,,,,,,,,cand_87e73f1427bf,,,novacyber.example.com,,,,,,,"{""source_provider"": ""generic"", ""raw_data_json"": ""{\""source_provider\"": \""generic\"", \""raw_data_json\"": \""{\\\""lead_id\\\"": \\\""lead_revision_001\\\"", \\\""source\\\"": \\\""manual\\\"", \\\""manual_context\\\"": \\\""Firma de ciberseguridad con servicios para empresas medianas. Draft previo demasiado generico.\\\"", \\\""action\\\"": \\\""revise\\\"", \\\""status\\\"": \\\""drafted\\\"", \\\""approved\\\"": \\\""false\\\"", \\\""revision_instruction\\\"": \\\""Hazlo mas directo y menciona trazabilidad de evidencia.\\\""}\""}""}",duplicate,,,email:martin@novacyber.example.com,cand_9f52b4405054,,,,,,,,,,,,,,,,,,,,,,,,,,,,,,,,,,,,,,,,,,,,,,,,,,,,,,,,,,,,,,,,,,,,,,,
,Tienda La Esquina,,Luis Perez,Owner,luis@tiendalaesquina.example.com,Peru,Retail,,,,,,,batch_0eeef001cb9a,generic,,,,,,,,,,,cand_a109ff4d3d5d,,,tiendalaesquina.example.com,,,,,,,"{""source_provider"": ""generic"", ""raw_data_json"": ""{\""lead_id\"": \""cand_35decadb470b\"", \""source\"": \""generic\"", \""action\"": \""research_and_draft\"", \""status\"": \""discard\"", \""approved\"": \""false\"", \""revision_count\"": \""0\"", \""export_ready\"": \""false\"", \""agent_note\"": \""Enrichment recommended discard. No draft generated.\""}""}",duplicate,,,email:luis@tiendalaesquina.example.com,cand_c689cf698cdd,,,,,,,,,,,,,,,,,,,,,,,,,,,,,,,,,,,,,,,,,,,,,,,,,,,,,,,,,,,,,,,,,,,,,,,
,Nova Cyber Advisors,https://novacyber.example.com,Martin Silva,Sales Director,martin@novacyber.example.com,Colombia,Cybersecurity,,,,,,,batch_0eeef001cb9a,generic,,,,,,,,,,,cand_45a0690b6cd7,,,novacyber.example.com,,,,,,,"{""source_provider"": ""generic"", ""raw_data_json"": ""{\""lead_id\"": \""cand_87e73f1427bf\"", \""source\"": \""generic\"", \""action\"": \""research_and_draft\"", \""status\"": \""discard\"", \""approved\"": \""false\"", \""revision_count\"": \""0\"", \""export_ready\"": \""false\"", \""agent_note\"": \""Enrichment recommended discard. No draft generated.\""}""}",duplicate,,,email:martin@novacyber.example.com,cand_9f52b4405054,,,,,,,,,,,,,,,,,,,,,,,,,,,,,,,,,,,,,,,,,,,,,,,,,,,,,,,,,,,,,,,,,,,,,,,
,Tienda La Esquina,,Luis Perez,Owner,luis@tiendalaesquina.example.com,Peru,Retail,,,,,,,batch_0eeef001cb9a,generic,,,,,,,,,,,cand_e94e83e9d868,,,tiendalaesquina.example.com,,,,,,,"{""source_provider"": ""generic"", ""raw_data_json"": ""{\""source_provider\"": \""generic\"", \""raw_data_json\"": \""{\\\""lead_id\\\"": \\\""lead_weak_001\\\"", \\\""source\\\"": \\\""manual\\\"", \\\""manual_context\\\"": \\\""Negocio local B2C sin senales claras de venta consultiva B2B.\\\"", \\\""action\\\"": \\\""research_and_draft\\\"", \\\""status\\\"": \\\""new\\\"", \\\""approved\\\"": \\\""false\\\""}\""}""}",duplicate,,,email:luis@tiendalaesquina.example.com,cand_c689cf698cdd,,,,,,,,,,,,,,,,,,,,,,,,,,,,,,,,,,,,,,,,,,,,,,,,,,,,,,,,,,,,,,,,,,,,,,,
,Nova Cyber Advisors,https://novacyber.example.com,Martin Silva,Sales Director,martin@novacyber.example.com,Colombia,Cybersecurity,,,,,,,batch_0eeef001cb9a,generic,,,,,,,,,,,cand_7c190f3f0b72,,,novacyber.example.com,,,,,,,"{""source_provider"": ""generic"", ""raw_data_json"": ""{\""source_provider\"": \""generic\"", \""raw_data_json\"": \""{\\\""lead_id\\\"": \\\""lead_revision_001\\\"", \\\""source\\\"": \\\""manual\\\"", \\\""manual_context\\\"": \\\""Firma de ciberseguridad con servicios para empresas medianas. Draft previo demasiado generico.\\\"", \\\""action\\\"": \\\""revise\\\"", \\\""status\\\"": \\\""drafted\\\"", \\\""approved\\\"": \\\""false\\\"", \\\""revision_instruction\\\"": \\\""Hazlo mas directo y menciona trazabilidad de evidencia.\\\""}\""}""}",duplicate,,,email:martin@novacyber.example.com,cand_9f52b4405054,,,,,,,,,,,,,,,,,,,,,,,,,,,,,,,,,,,,,,,,,,,,,,,,,,,,,,,,,,,,,,,,,,,,,,,
,Tienda La Esquina,,Luis Perez,Owner,luis@tiendalaesquina.example.com,Peru,Retail,,,,,,,batch_0eeef001cb9a,generic,,,,,,,,,,,cand_35decadb470b,,,tiendalaesquina.example.com,,,,,,,"{""source_provider"": ""generic"", ""raw_data_json"": ""{\""source_provider\"": \""generic\"", \""raw_data_json\"": \""{\\\""source_provider\\\"": \\\""generic\\\"", \\\""raw_data_json\\\"": \\\""{\\\\\\\""lead_id\\\\\\\"": \\\\\\\""lead_weak_001\\\\\\\"", \\\\\\\""source\\\\\\\"": \\\\\\\""manual\\\\\\\"", \\\\\\\""manual_context\\\\\\\"": \\\\\\\""Negocio local B2C sin senales claras de venta consultiva B2B.\\\\\\\"", \\\\\\\""action\\\\\\\"": \\\\\\\""research_and_draft\\\\\\\"", \\\\\\\""status\\\\\\\"": \\\\\\\""new\\\\\\\"", \\\\\\\""approved\\\\\\\"": \\\\\\\""false\\\\\\\""}\\\""}\""}""}",duplicate,,,email:luis@tiendalaesquina.example.com,cand_c689cf698cdd,,,,,,,,,,,,,,,,,,,,,,,,,,,,,,,,,,,,,,,,,,,,,,,,,,,,,,,,,,,,,,,,,,,,,,,
,Nova Cyber Advisors,https://novacyber.example.com,Martin Silva,Sales Director,martin@novacyber.example.com,Colombia,Cybersecurity,,,,,,,batch_0eeef001cb9a,generic,,,,,,,,,,,cand_87e73f1427bf,,,novacyber.example.com,,,,,,,"{""source_provider"": ""generic"", ""raw_data_json"": ""{\""source_provider\"": \""generic\"", \""raw_data_json\"": \""{\\\""source_provider\\\"": \\\""generic\\\"", \\\""raw_data_json\\\"": \\\""{\\\\\\\""lead_id\\\\\\\"": \\\\\\\""lead_revision_001\\\\\\\"", \\\\\\\""source\\\\\\\"": \\\\\\\""manual\\\\\\\"", \\\\\\\""manual_context\\\\\\\"": \\\\\\\""Firma de ciberseguridad con servicios para empresas medianas. Draft previo demasiado generico.\\\\\\\"", \\\\\\\""action\\\\\\\"": \\\\\\\""revise\\\\\\\"", \\\\\\\""status\\\\\\\"": \\\\\\\""drafted\\\\\\\"", \\\\\\\""approved\\\\\\\"": \\\\\\\""false\\\\\\\"", \\\\\\\""revision_instruction\\\\\\\"": \\\\\\\""Hazlo mas directo y menciona trazabilidad de evidencia.\\\\\\\""}\\\""}\""}""}",duplicate,,,email:martin@novacyber.example.com,cand_9f52b4405054,,,,,,,,,,,,,,,,,,,,,,,,,,,,,,,,,,,,,,,,,,,,,,,,,,,,,,,,,,,,,,,,,,,,,,,
,Tienda La Esquina,,Luis Perez,Owner,luis@tiendalaesquina.example.com,Peru,Retail,,,,,,,batch_0eeef001cb9a,generic,,,,,,,,,,,cand_6c6b32d8d428,,,tiendalaesquina.example.com,,,,,,,"{""source_provider"": ""generic"", ""raw_data_json"": ""{\""source_provider\"": \""generic\"", \""raw_data_json\"": \""{\\\""lead_id\\\"": \\\""cand_35decadb470b\\\"", \\\""source\\\"": \\\""generic\\\"", \\\""action\\\"": \\\""research_and_draft\\\"", \\\""status\\\"": \\\""discard\\\"", \\\""approved\\\"": \\\""false\\\"", \\\""revision_count\\\"": \\\""0\\\"", \\\""export_ready\\\"": \\\""false\\\"", \\\""agent_note\\\"": \\\""Enrichment recommended discard. No draft generated.\\\""}\""}""}",duplicate,,,email:luis@tiendalaesquina.example.com,cand_c689cf698cdd,,,,,,,,,,,,,,,,,,,,,,,,,,,,,,,,,,,,,,,,,,,,,,,,,,,,,,,,,,,,,,,,,,,,,,,
,Nova Cyber Advisors,https://novacyber.example.com,Martin Silva,Sales Director,martin@novacyber.example.com,Colombia,Cybersecurity,,,,,,,batch_0eeef001cb9a,generic,,,,,,,,,,,cand_fbfa53bb3252,,,novacyber.example.com,,,,,,,"{""source_provider"": ""generic"", ""raw_data_json"": ""{\""source_provider\"": \""generic\"", \""raw_data_json\"": \""{\\\""lead_id\\\"": \\\""cand_87e73f1427bf\\\"", \\\""source\\\"": \\\""generic\\\"", \\\""action\\\"": \\\""research_and_draft\\\"", \\\""status\\\"": \\\""discard\\\"", \\\""approved\\\"": \\\""false\\\"", \\\""revision_count\\\"": \\\""0\\\"", \\\""export_ready\\\"": \\\""false\\\"", \\\""agent_note\\\"": \\\""Enrichment recommended discard. No draft generated.\\\""}\""}""}",duplicate,,,email:martin@novacyber.example.com,cand_9f52b4405054,,,,,,,,,,,,,,,,,,,,,,,,,,,,,,,,,,,,,,,,,,,,,,,,,,,,,,,,,,,,,,,,,,,,,,,
,Tienda La Esquina,,Luis Perez,Owner,luis@tiendalaesquina.example.com,Peru,Retail,,,,,,,batch_0eeef001cb9a,generic,,,,,,,,,,,cand_5a65114be3c1,,,tiendalaesquina.example.com,,,,,,,"{""source_provider"": ""generic"", ""raw_data_json"": ""{\""lead_id\"": \""cand_35decadb470b\"", \""source\"": \""generic\"", \""action\"": \""research_and_draft\"", \""status\"": \""insufficient_data\"", \""approved\"": \""false\"", \""revision_count\"": \""0\"", \""export_ready\"": \""false\"", \""agent_note\"": \""Enrichment complete. Status: insufficient_data, confidence: 30, recommended_action: discard.\""}""}",duplicate,,,email:luis@tiendalaesquina.example.com,cand_c689cf698cdd,,,,,,,,,,,,,,,,,,,,,,,,,,,,,,,,,,,,,,,,,,,,,,,,,,,,,,,,,,,,,,,,,,,,,,,
,Nova Cyber Advisors,https://novacyber.example.com,Martin Silva,Sales Director,martin@novacyber.example.com,Colombia,Cybersecurity,,,,,,,batch_0eeef001cb9a,generic,,,,,,,,,,,cand_49f0cbe78bc8,,,novacyber.example.com,,,,,,,"{""source_provider"": ""generic"", ""raw_data_json"": ""{\""lead_id\"": \""cand_87e73f1427bf\"", \""source\"": \""generic\"", \""action\"": \""research_and_draft\"", \""status\"": \""insufficient_data\"", \""approved\"": \""false\"", \""revision_count\"": \""0\"", \""export_ready\"": \""false\"", \""agent_note\"": \""Enrichment complete. Status: insufficient_data, confidence: 30, recommended_action: discard.\""}""}",duplicate,,,email:martin@novacyber.example.com,cand_9f52b4405054,,,,,,,,,,,,,,,,,,,,,,,,,,,,,,,,,,,,,,,,,,,,,,,,,,,,,,,,,,,,,,,,,,,,,,,
,Tienda La Esquina,,Luis Perez,Owner,luis@tiendalaesquina.example.com,Peru,Retail,,,,,,,batch_0eeef001cb9a,generic,,,,,,,,,,,cand_645e73e151c6,,,tiendalaesquina.example.com,,,,,,,"{""source_provider"": ""generic"", ""raw_data_json"": ""{\""source_provider\"": \""generic\"", \""raw_data_json\"": \""{\\\""lead_id\\\"": \\\""lead_weak_001\\\"", \\\""source\\\"": \\\""manual\\\"", \\\""manual_context\\\"": \\\""Negocio local B2C sin senales claras de venta consultiva B2B.\\\"", \\\""action\\\"": \\\""research_and_draft\\\"", \\\""status\\\"": \\\""new\\\"", \\\""approved\\\"": \\\""false\\\""}\""}""}",duplicate,,,email:luis@tiendalaesquina.example.com,cand_c689cf698cdd,,,,,,,,,,,,,,,,,,,,,,,,,,,,,,,,,,,,,,,,,,,,,,,,,,,,,,,,,,,,,,,,,,,,,,,
,Nova Cyber Advisors,https://novacyber.example.com,Martin Silva,Sales Director,martin@novacyber.example.com,Colombia,Cybersecurity,,,,,,,batch_0eeef001cb9a,generic,,,,,,,,,,,cand_51d2cbd0d029,,,novacyber.example.com,,,,,,,"{""source_provider"": ""generic"", ""raw_data_json"": ""{\""source_provider\"": \""generic\"", \""raw_data_json\"": \""{\\\""lead_id\\\"": \\\""lead_revision_001\\\"", \\\""source\\\"": \\\""manual\\\"", \\\""manual_context\\\"": \\\""Firma de ciberseguridad con servicios para empresas medianas. Draft previo demasiado generico.\\\"", \\\""action\\\"": \\\""revise\\\"", \\\""status\\\"": \\\""drafted\\\"", \\\""approved\\\"": \\\""false\\\"", \\\""revision_instruction\\\"": \\\""Hazlo mas directo y menciona trazabilidad de evidencia.\\\""}\""}""}",duplicate,,,email:martin@novacyber.example.com,cand_9f52b4405054,,,,,,,,,,,,,,,,,,,,,,,,,,,,,,,,,,,,,,,,,,,,,,,,,,,,,,,,,,,,,,,,,,,,,,,
,Tienda La Esquina,,Luis Perez,Owner,luis@tiendalaesquina.example.com,Peru,Retail,,,,,,,batch_0eeef001cb9a,generic,,,,,,,,,,,cand_35decadb470b,,,tiendalaesquina.example.com,,,,,,,"{""source_provider"": ""generic"", ""raw_data_json"": ""{\""source_provider\"": \""generic\"", \""raw_data_json\"": \""{\\\""source_provider\\\"": \\\""generic\\\"", \\\""raw_data_json\\\"": \\\""{\\\\\\\""lead_id\\\\\\\"": \\\\\\\""lead_weak_001\\\\\\\"", \\\\\\\""source\\\\\\\"": \\\\\\\""manual\\\\\\\"", \\\\\\\""manual_context\\\\\\\"": \\\\\\\""Negocio local B2C sin senales claras de venta consultiva B2B.\\\\\\\"", \\\\\\\""action\\\\\\\"": \\\\\\\""research_and_draft\\\\\\\"", \\\\\\\""status\\\\\\\"": \\\\\\\""new\\\\\\\"", \\\\\\\""approved\\\\\\\"": \\\\\\\""false\\\\\\\""}\\\""}\""}""}",duplicate,,,email:luis@tiendalaesquina.example.com,cand_c689cf698cdd,,,,,,,,,,,,,,,,,,,,,,,,,,,,,,,,,,,,,,,,,,,,,,,,,,,,,,,,,,,,,,,,,,,,,,,
,Nova Cyber Advisors,https://novacyber.example.com,Martin Silva,Sales Director,martin@novacyber.example.com,Colombia,Cybersecurity,,,,,,,batch_0eeef001cb9a,generic,,,,,,,,,,,cand_87e73f1427bf,,,novacyber.example.com,,,,,,,"{""source_provider"": ""generic"", ""raw_data_json"": ""{\""source_provider\"": \""generic\"", \""raw_data_json\"": \""{\\\""source_provider\\\"": \\\""generic\\\"", \\\""raw_data_json\\\"": \\\""{\\\\\\\""lead_id\\\\\\\"": \\\\\\\""lead_revision_001\\\\\\\"", \\\\\\\""source\\\\\\\"": \\\\\\\""manual\\\\\\\"", \\\\\\\""manual_context\\\\\\\"": \\\\\\\""Firma de ciberseguridad con servicios para empresas medianas. Draft previo demasiado generico.\\\\\\\"", \\\\\\\""action\\\\\\\"": \\\\\\\""revise\\\\\\\"", \\\\\\\""status\\\\\\\"": \\\\\\\""drafted\\\\\\\"", \\\\\\\""approved\\\\\\\"": \\\\\\\""false\\\\\\\"", \\\\\\\""revision_instruction\\\\\\\"": \\\\\\\""Hazlo mas directo y menciona trazabilidad de evidencia.\\\\\\\""}\\\""}\""}""}",duplicate,,,email:martin@novacyber.example.com,cand_9f52b4405054,,,,,,,,,,,,,,,,,,,,,,,,,,,,,,,,,,,,,,,,,,,,,,,,,,,,,,,,,,,,,,,,,,,,,,,
,Tienda La Esquina,,Luis Perez,Owner,luis@tiendalaesquina.example.com,Peru,Retail,,,,,,,batch_0eeef001cb9a,generic,,,,,,,,,,,cand_3993f593326f,,,tiendalaesquina.example.com,,,,,,,"{""source_provider"": ""generic"", ""raw_data_json"": ""{\""source_provider\"": \""generic\"", \""raw_data_json\"": \""{\\\""lead_id\\\"": \\\""cand_35decadb470b\\\"", \\\""source\\\"": \\\""generic\\\"", \\\""action\\\"": \\\""research_and_draft\\\"", \\\""status\\\"": \\\""discard\\\"", \\\""approved\\\"": \\\""false\\\"", \\\""revision_count\\\"": \\\""0\\\"", \\\""export_ready\\\"": \\\""false\\\"", \\\""agent_note\\\"": \\\""Enrichment recommended discard. No draft generated.\\\""}\""}""}",duplicate,,,email:luis@tiendalaesquina.example.com,cand_c689cf698cdd,,,,,,,,,,,,,,,,,,,,,,,,,,,,,,,,,,,,,,,,,,,,,,,,,,,,,,,,,,,,,,,,,,,,,,,
,Nova Cyber Advisors,https://novacyber.example.com,Martin Silva,Sales Director,martin@novacyber.example.com,Colombia,Cybersecurity,,,,,,,batch_0eeef001cb9a,generic,,,,,,,,,,,cand_014e30539043,,,novacyber.example.com,,,,,,,"{""source_provider"": ""generic"", ""raw_data_json"": ""{\""source_provider\"": \""generic\"", \""raw_data_json\"": \""{\\\""lead_id\\\"": \\\""cand_87e73f1427bf\\\"", \\\""source\\\"": \\\""generic\\\"", \\\""action\\\"": \\\""research_and_draft\\\"", \\\""status\\\"": \\\""discard\\\"", \\\""approved\\\"": \\\""false\\\"", \\\""revision_count\\\"": \\\""0\\\"", \\\""export_ready\\\"": \\\""false\\\"", \\\""agent_note\\\"": \\\""Enrichment recommended discard. No draft generated.\\\""}\""}""}",duplicate,,,email:martin@novacyber.example.com,cand_9f52b4405054,,,,,,,,,,,,,,,,,,,,,,,,,,,,,,,,,,,,,,,,,,,,,,,,,,,,,,,,,,,,,,,,,,,,,,,
,Tienda La Esquina,,Luis Perez,Owner,luis@tiendalaesquina.example.com,Peru,Retail,,,,,,,batch_0eeef001cb9a,generic,,,,,,,,,,,cand_e94e83e9d868,,,tiendalaesquina.example.com,,,,,,,"{""source_provider"": ""generic"", ""raw_data_json"": ""{\""source_provider\"": \""generic\"", \""raw_data_json\"": \""{\\\""source_provider\\\"": \\\""generic\\\"", \\\""raw_data_json\\\"": \\\""{\\\\\\\""lead_id\\\\\\\"": \\\\\\\""lead_weak_001\\\\\\\"", \\\\\\\""source\\\\\\\"": \\\\\\\""manual\\\\\\\"", \\\\\\\""manual_context\\\\\\\"": \\\\\\\""Negocio local B2C sin senales claras de venta consultiva B2B.\\\\\\\"", \\\\\\\""action\\\\\\\"": \\\\\\\""research_and_draft\\\\\\\"", \\\\\\\""status\\\\\\\"": \\\\\\\""new\\\\\\\"", \\\\\\\""approved\\\\\\\"": \\\\\\\""false\\\\\\\""}\\\""}\""}""}",duplicate,,,email:luis@tiendalaesquina.example.com,cand_c689cf698cdd,,,,,,,,,,,,,,,,,,,,,,,,,,,,,,,,,,,,,,,,,,,,,,,,,,,,,,,,,,,,,,,,,,,,,,,
,Nova Cyber Advisors,https://novacyber.example.com,Martin Silva,Sales Director,martin@novacyber.example.com,Colombia,Cybersecurity,,,,,,,batch_0eeef001cb9a,generic,,,,,,,,,,,cand_7c190f3f0b72,,,novacyber.example.com,,,,,,,"{""source_provider"": ""generic"", ""raw_data_json"": ""{\""source_provider\"": \""generic\"", \""raw_data_json\"": \""{\\\""source_provider\\\"": \\\""generic\\\"", \\\""raw_data_json\\\"": \\\""{\\\\\\\""lead_id\\\\\\\"": \\\\\\\""lead_revision_001\\\\\\\"", \\\\\\\""source\\\\\\\"": \\\\\\\""manual\\\\\\\"", \\\\\\\""manual_context\\\\\\\"": \\\\\\\""Firma de ciberseguridad con servicios para empresas medianas. Draft previo demasiado generico.\\\\\\\"", \\\\\\\""action\\\\\\\"": \\\\\\\""revise\\\\\\\"", \\\\\\\""status\\\\\\\"": \\\\\\\""drafted\\\\\\\"", \\\\\\\""approved\\\\\\\"": \\\\\\\""false\\\\\\\"", \\\\\\\""revision_instruction\\\\\\\"": \\\\\\\""Hazlo mas directo y menciona trazabilidad de evidencia.\\\\\\\""}\\\""}\""}""}",duplicate,,,email:martin@novacyber.example.com,cand_9f52b4405054,,,,,,,,,,,,,,,,,,,,,,,,,,,,,,,,,,,,,,,,,,,,,,,,,,,,,,,,,,,,,,,,,,,,,,,
,Tienda La Esquina,,Luis Perez,Owner,luis@tiendalaesquina.example.com,Peru,Retail,,,,,,,batch_0eeef001cb9a,generic,,,,,,,,,,,cand_35decadb470b,,,tiendalaesquina.example.com,,,,,,,"{""source_provider"": ""generic"", ""raw_data_json"": ""{\""source_provider\"": \""generic\"", \""raw_data_json\"": \""{\\\""source_provider\\\"": \\\""generic\\\"", \\\""raw_data_json\\\"": \\\""{\\\\\\\""source_provider\\\\\\\"": \\\\\\\""generic\\\\\\\"", \\\\\\\""raw_data_json\\\\\\\"": \\\\\\\""{\\\\\\\\\\\\\\\""lead_id\\\\\\\\\\\\\\\"": \\\\\\\\\\\\\\\""lead_weak_001\\\\\\\\\\\\\\\"", \\\\\\\\\\\\\\\""source\\\\\\\\\\\\\\\"": \\\\\\\\\\\\\\\""manual\\\\\\\\\\\\\\\"", \\\\\\\\\\\\\\\""manual_context\\\\\\\\\\\\\\\"": \\\\\\\\\\\\\\\""Negocio local B2C sin senales claras de venta consultiva B2B.\\\\\\\\\\\\\\\"", \\\\\\\\\\\\\\\""action\\\\\\\\\\\\\\\"": \\\\\\\\\\\\\\\""research_and_draft\\\\\\\\\\\\\\\"", \\\\\\\\\\\\\\\""status\\\\\\\\\\\\\\\"": \\\\\\\\\\\\\\\""new\\\\\\\\\\\\\\\"", \\\\\\\\\\\\\\\""approved\\\\\\\\\\\\\\\"": \\\\\\\\\\\\\\\""false\\\\\\\\\\\\\\\""}\\\\\\\""}\\\""}\""}""}",duplicate,,,email:luis@tiendalaesquina.example.com,cand_c689cf698cdd,,,,,,,,,,,,,,,,,,,,,,,,,,,,,,,,,,,,,,,,,,,,,,,,,,,,,,,,,,,,,,,,,,,,,,,
,Nova Cyber Advisors,https://novacyber.example.com,Martin Silva,Sales Director,martin@novacyber.example.com,Colombia,Cybersecurity,,,,,,,batch_0eeef001cb9a,generic,,,,,,,,,,,cand_87e73f1427bf,,,novacyber.example.com,,,,,,,"{""source_provider"": ""generic"", ""raw_data_json"": ""{\""source_provider\"": \""generic\"", \""raw_data_json\"": \""{\\\""source_provider\\\"": \\\""generic\\\"", \\\""raw_data_json\\\"": \\\""{\\\\\\\""source_provider\\\\\\\"": \\\\\\\""generic\\\\\\\"", \\\\\\\""raw_data_json\\\\\\\"": \\\\\\\""{\\\\\\\\\\\\\\\""lead_id\\\\\\\\\\\\\\\"": \\\\\\\\\\\\\\\""lead_revision_001\\\\\\\\\\\\\\\"", \\\\\\\\\\\\\\\""source\\\\\\\\\\\\\\\"": \\\\\\\\\\\\\\\""manual\\\\\\\\\\\\\\\"", \\\\\\\\\\\\\\\""manual_context\\\\\\\\\\\\\\\"": \\\\\\\\\\\\\\\""Firma de ciberseguridad con servicios para empresas medianas. Draft previo demasiado generico.\\\\\\\\\\\\\\\"", \\\\\\\\\\\\\\\""action\\\\\\\\\\\\\\\"": \\\\\\\\\\\\\\\""revise\\\\\\\\\\\\\\\"", \\\\\\\\\\\\\\\""status\\\\\\\\\\\\\\\"": \\\\\\\\\\\\\\\""drafted\\\\\\\\\\\\\\\"", \\\\\\\\\\\\\\\""approved\\\\\\\\\\\\\\\"": \\\\\\\\\\\\\\\""false\\\\\\\\\\\\\\\"", \\\\\\\\\\\\\\\""revision_instruction\\\\\\\\\\\\\\\"": \\\\\\\\\\\\\\\""Hazlo mas directo y menciona trazabilidad de evidencia.\\\\\\\\\\\\\\\""}\\\\\\\""}\\\""}\""}""}",duplicate,,,email:martin@novacyber.example.com,cand_9f52b4405054,,,,,,,,,,,,,,,,,,,,,,,,,,,,,,,,,,,,,,,,,,,,,,,,,,,,,,,,,,,,,,,,,,,,,,,
,Tienda La Esquina,,Luis Perez,Owner,luis@tiendalaesquina.example.com,Peru,Retail,,,,,,,batch_0eeef001cb9a,generic,,,,,,,,,,,cand_6c6b32d8d428,,,tiendalaesquina.example.com,,,,,,,"{""source_provider"": ""generic"", ""raw_data_json"": ""{\""source_provider\"": \""generic\"", \""raw_data_json\"": \""{\\\""source_provider\\\"": \\\""generic\\\"", \\\""raw_data_json\\\"": \\\""{\\\\\\\""lead_id\\\\\\\"": \\\\\\\""cand_35decadb470b\\\\\\\"", \\\\\\\""source\\\\\\\"": \\\\\\\""generic\\\\\\\"", \\\\\\\""action\\\\\\\"": \\\\\\\""research_and_draft\\\\\\\"", \\\\\\\""status\\\\\\\"": \\\\\\\""discard\\\\\\\"", \\\\\\\""approved\\\\\\\"": \\\\\\\""false\\\\\\\"", \\\\\\\""revision_count\\\\\\\"": \\\\\\\""0\\\\\\\"", \\\\\\\""export_ready\\\\\\\"": \\\\\\\""false\\\\\\\"", \\\\\\\""agent_note\\\\\\\"": \\\\\\\""Enrichment recommended discard. No draft generated.\\\\\\\""}\\\""}\""}""}",duplicate,,,email:luis@tiendalaesquina.example.com,cand_c689cf698cdd,,,,,,,,,,,,,,,,,,,,,,,,,,,,,,,,,,,,,,,,,,,,,,,,,,,,,,,,,,,,,,,,,,,,,,,
,Nova Cyber Advisors,https://novacyber.example.com,Martin Silva,Sales Director,martin@novacyber.example.com,Colombia,Cybersecurity,,,,,,,batch_0eeef001cb9a,generic,,,,,,,,,,,cand_fbfa53bb3252,,,novacyber.example.com,,,,,,,"{""source_provider"": ""generic"", ""raw_data_json"": ""{\""source_provider\"": \""generic\"", \""raw_data_json\"": \""{\\\""source_provider\\\"": \\\""generic\\\"", \\\""raw_data_json\\\"": \\\""{\\\\\\\""lead_id\\\\\\\"": \\\\\\\""cand_87e73f1427bf\\\\\\\"", \\\\\\\""source\\\\\\\"": \\\\\\\""generic\\\\\\\"", \\\\\\\""action\\\\\\\"": \\\\\\\""research_and_draft\\\\\\\"", \\\\\\\""status\\\\\\\"": \\\\\\\""discard\\\\\\\"", \\\\\\\""approved\\\\\\\"": \\\\\\\""false\\\\\\\"", \\\\\\\""revision_count\\\\\\\"": \\\\\\\""0\\\\\\\"", \\\\\\\""export_ready\\\\\\\"": \\\\\\\""false\\\\\\\"", \\\\\\\""agent_note\\\\\\\"": \\\\\\\""Enrichment recommended discard. No draft generated.\\\\\\\""}\\\""}\""}""}",duplicate,,,email:martin@novacyber.example.com,cand_9f52b4405054,,,,,,,,,,,,,,,,,,,,,,,,,,,,,,,,,,,,,,,,,,,,,,,,,,,,,,,,,,,,,,,,,,,,,,,
,Tienda La Esquina,,Luis Perez,Owner,luis@tiendalaesquina.example.com,Peru,Retail,,,,,,,batch_0eeef001cb9a,generic,,,,,,,,,,,cand_55cee65905dd,,,tiendalaesquina.example.com,,,,,,,"{""source_provider"": ""generic"", ""raw_data_json"": ""{\""source_provider\"": \""generic\"", \""raw_data_json\"": \""{\\\""lead_id\\\"": \\\""cand_35decadb470b\\\"", \\\""source\\\"": \\\""generic\\\"", \\\""action\\\"": \\\""research_and_draft\\\"", \\\""status\\\"": \\\""insufficient_data\\\"", \\\""approved\\\"": \\\""false\\\"", \\\""revision_count\\\"": \\\""0\\\"", \\\""export_ready\\\"": \\\""false\\\"", \\\""agent_note\\\"": \\\""Enrichment complete. Status: insufficient_data, confidence: 30, recommended_action: discard.\\\""}\""}""}",duplicate,,,email:luis@tiendalaesquina.example.com,cand_c689cf698cdd,,,,,,,,,,,,,,,,,,,,,,,,,,,,,,,,,,,,,,,,,,,,,,,,,,,,,,,,,,,,,,,,,,,,,,,
,Nova Cyber Advisors,https://novacyber.example.com,Martin Silva,Sales Director,martin@novacyber.example.com,Colombia,Cybersecurity,,,,,,,batch_0eeef001cb9a,generic,,,,,,,,,,,cand_77abcc47aef5,,,novacyber.example.com,,,,,,,"{""source_provider"": ""generic"", ""raw_data_json"": ""{\""source_provider\"": \""generic\"", \""raw_data_json\"": \""{\\\""lead_id\\\"": \\\""cand_87e73f1427bf\\\"", \\\""source\\\"": \\\""generic\\\"", \\\""action\\\"": \\\""research_and_draft\\\"", \\\""status\\\"": \\\""insufficient_data\\\"", \\\""approved\\\"": \\\""false\\\"", \\\""revision_count\\\"": \\\""0\\\"", \\\""export_ready\\\"": \\\""false\\\"", \\\""agent_note\\\"": \\\""Enrichment complete. Status: insufficient_data, confidence: 30, recommended_action: discard.\\\""}\""}""}",duplicate,,,email:martin@novacyber.example.com,cand_9f52b4405054,,,,,,,,,,,,,,,,,,,,,,,,,,,,,,,,,,,,,,,,,,,,,,,,,,,,,,,,,,,,,,,,,,,,,,,
,Tienda La Esquina,,Luis Perez,Owner,luis@tiendalaesquina.example.com,Peru,Retail,,,,,,,batch_0eeef001cb9a,generic,,,,,,,,,,,cand_c689cf698cdd,,,tiendalaesquina.example.com,,,,,,,"{""source_provider"": ""generic"", ""raw_data_json"": ""{\""lead_id\"": \""cand_35decadb470b\"", \""source\"": \""generic\"", \""action\"": \""research_and_draft\"", \""status\"": \""insufficient_data\"", \""approved\"": \""false\"", \""revision_count\"": \""0\"", \""export_ready\"": \""false\"", \""agent_note\"": \""Enrichment complete. Status: insufficient_data, confidence: 30, recommended_action: discard.\""}""}",duplicate,,,email:luis@tiendalaesquina.example.com,cand_c689cf698cdd,,,,,,,,,,,,,,,,,,,,,,,,,,,,,,,,,,,,,,,,,,,,,,,,,,,,,,,,,,,,,,,,,,,,,,,
,Nova Cyber Advisors,https://novacyber.example.com,Martin Silva,Sales Director,martin@novacyber.example.com,Colombia,Cybersecurity,,,,,,,batch_0eeef001cb9a,generic,,,,,,,,,,,cand_9f52b4405054,,,novacyber.example.com,,,,,,,"{""source_provider"": ""generic"", ""raw_data_json"": ""{\""lead_id\"": \""cand_87e73f1427bf\"", \""source\"": \""generic\"", \""action\"": \""research_and_draft\"", \""status\"": \""insufficient_data\"", \""approved\"": \""false\"", \""revision_count\"": \""0\"", \""export_ready\"": \""false\"", \""agent_note\"": \""Enrichment complete. Status: insufficient_data, confidence: 30, recommended_action: discard.\""}""}",duplicate,,,email:martin@novacyber.example.com,cand_9f52b4405054,,,,,,,,,,,,,,,,,,,,,,,,,,,,,,,,,,,,,,,,,,,,,,,,,,,,,,,,,,,,,,,,,,,,,,,
,Tienda La Esquina,,Luis Perez,Owner,luis@tiendalaesquina.example.com,Peru,Retail,,,,,,,batch_0eeef001cb9a,generic,,,,,,,,,,,cand_1470c800cfef,,,tiendalaesquina.example.com,,,,,,,"{""lead_id"": ""cand_35decadb470b"", ""source"": ""generic"", ""action"": ""research_and_draft"", ""status"": ""insufficient_data"", ""approved"": ""false"", ""revision_count"": ""0"", ""export_ready"": ""false"", ""agent_note"": ""Enrichment complete. Status: insufficient_data, confidence: 30, recommended_action: discard.""}",duplicate,,,email:luis@tiendalaesquina.example.com,cand_c689cf698cdd,,,,,,,,,,,,,,,,,,,,,,,,,,,,,,,,,,,,,,,,,,,,,,,,,,,,,,,,,,,,,,,,,,,,,,,
,Nova Cyber Advisors,https://novacyber.example.com,Martin Silva,Sales Director,martin@novacyber.example.com,Colombia,Cybersecurity,,,,,,,batch_0eeef001cb9a,generic,,,,,,,,,,,cand_11153cac7c2a,,,novacyber.example.com,,,,,,,"{""lead_id"": ""cand_87e73f1427bf"", ""source"": ""generic"", ""action"": ""research_and_draft"", ""status"": ""insufficient_data"", ""approved"": ""false"", ""revision_count"": ""0"", ""export_ready"": ""false"", ""agent_note"": ""Enrichment complete. Status: insufficient_data, confidence: 30, recommended_action: discard.""}",duplicate,,,email:martin@novacyber.example.com,cand_9f52b4405054,,,,,,,,,,,,,,,,,,,,,,,,,,,,,,,,,,,,,,,,,,,,,,,,,,,,,,,,,,,,,,,,,,,,,,,
cand_35decadb470b,Tienda La Esquina,,Luis Perez,Owner,luis@tiendalaesquina.example.com,Peru,Retail,generic,,research_and_draft,needs_manual_research,false,,,,,,,,,,,,,,,,,,,,,,,,,,,,,,,,,,,,,,,,,,,,,,0,,,,,,false,"Enrich-and-draft blocked before web research. missing_required_context: Missing required fields: company_linkedin_url, prospect_linkedin_url, manual_company_linkedin_text, manual_person_linkedin_text; not_evaluated: ICP not evaluated until required LinkedIn URLs and pasted LinkedIn content are present.",,,,,,,,,,,,,,,,,missing_required_context,"Missing required fields: company_linkedin_url, prospect_linkedin_url, manual_company_linkedin_text, manual_person_linkedin_text",not_evaluated,0,ICP not evaluated until required LinkedIn URLs and pasted LinkedIn content are present.,false,false,,,,,,,,,,,,,,,,,,,,,,,,
cand_87e73f1427bf,Nova Cyber Advisors,https://novacyber.example.com,Martin Silva,Sales Director,martin@novacyber.example.com,Colombia,Cybersecurity,generic,,research_and_draft,needs_manual_research,false,,,,,,,,,,,,,,,,,,,,,,,,,,,,,,,,,,,,,,,,,,,,,,0,,,,,,false,"Enrich-and-draft blocked before web research. missing_required_context: Missing required fields: company_linkedin_url, prospect_linkedin_url, manual_company_linkedin_text, manual_person_linkedin_text; not_evaluated: ICP not evaluated until required LinkedIn URLs and pasted LinkedIn content are present.",,,,,,,,,,,,,,,,,missing_required_context,"Missing required fields: company_linkedin_url, prospect_linkedin_url, manual_company_linkedin_text, manual_person_linkedin_text",not_evaluated,0,ICP not evaluated until required LinkedIn URLs and pasted LinkedIn content are present.,false,false,,,,,,,,,,,,,,,,,,,,,,,,
,Acme Corp,https://acme.com,Juan Perez,CEO,,,,,,,,,,,apollo,,,,,,,,,,,apollo_person_1_0,person_1_0,,acme.com,,https://linkedin.com/in/juanperez0,,,,,"{""id"": ""person_1_0"", ""first_name"": ""Juan"", ""last_name"": ""Perez"", ""name"": ""Juan Perez"", ""title"": ""CEO"", ""email"": ""juan0@example.com"", ""organization"": {""id"": ""org_0"", ""name"": ""Acme Corp"", ""website_url"": ""https://acme.com""}, ""phone_numbers"": [], ""linkedin_url"": ""https://linkedin.com/in/juanperez0""}",needs_review,,,linkedin:https://linkedin.com/in/juanperez0,,,,,,,,,,,,,,,,,,,,,,,,,,,,,,,,,,,,,,,,,,,,,,,,,,,,,,,,,,,,,,,,,,,,,,,,
,Acme Corp,https://acme.com,Juan Perez,CEO,,,,,,,,,,,apollo,,,,,,,,,,,apollo_person_1_1,person_1_1,,acme.com,,https://linkedin.com/in/juanperez1,,,,,"{""id"": ""person_1_1"", ""first_name"": ""Juan"", ""last_name"": ""Perez"", ""name"": ""Juan Perez"", ""title"": ""CEO"", ""email"": ""juan1@example.com"", ""organization"": {""id"": ""org_1"", ""name"": ""Acme Corp"", ""website_url"": ""https://acme.com""}, ""phone_numbers"": [], ""linkedin_url"": ""https://linkedin.com/in/juanperez1""}",needs_review,,,linkedin:https://linkedin.com/in/juanperez1,,,,,,,,,,,,,,,,,,,,,,,,,,,,,,,,,,,,,,,,,,,,,,,,,,,,,,,,,,,,,,,,,,,,,,,,
,Acme Corp,https://acme.com,Juan Perez,CEO,,,,,,,,,,,apollo,,,,,,,,,,,apollo_person_1_2,person_1_2,,acme.com,,https://linkedin.com/in/juanperez2,,,,,"{""id"": ""person_1_2"", ""first_name"": ""Juan"", ""last_name"": ""Perez"", ""name"": ""Juan Perez"", ""title"": ""CEO"", ""email"": ""juan2@example.com"", ""organization"": {""id"": ""org_2"", ""name"": ""Acme Corp"", ""website_url"": ""https://acme.com""}, ""phone_numbers"": [], ""linkedin_url"": ""https://linkedin.com/in/juanperez2""}",needs_review,,,linkedin:https://linkedin.com/in/juanperez2,,,,,,,,,,,,,,,,,,,,,,,,,,,,,,,,,,,,,,,,,,,,,,,,,,,,,,,,,,,,,,,,,,,,,,,,
,,,,,,,,,,,completed_with_errors,,,batch_c9396ac21c09,generic,csv,CSV Import Temp,,2026-05-05T19:00:45.567510+00:00,135,0,129,0,6,"1 validation error for SourceCandidate
company_name
  Field required [type=missing, input_value={'company_website': 'http...': 'batch_c9396ac21c09'}, input_type=dict]
    For further information visit https://errors.pydantic.dev/2.13/v/missing; 1 validation error for SourceCandidate
company_name
  Field required [type=missing, input_value={'import_batch_id': 'batc...0', 'error_count': '1'}}, input_type=dict]
    For further information visit https://errors.pydantic.dev/2.13/v/missing; 1 validation error for SourceCandidate
company_name
  Field required [type=missing, input_value={'import_batch_id': 'batc...0', 'error_count': '2'}}, input_type=dict]
    For further information visit https://errors.pydantic.dev/2.13/v/missing; 1 validation error for SourceCandidate
company_name
  Field required [type=missing, input_value={'import_batch_id': 'batc...0', 'error_count': '3'}}, input_type=dict]
    For further information visit https://errors.pydantic.dev/2.13/v/missing; 1 validation error for SourceCandidate
company_name
  Field required [type=missing, input_value={'import_batch_id': 'batc...0', 'error_count': '4'}}, input_type=dict]
    For further information visit https://errors.pydantic.dev/2.13/v/missing; 1 validation error for SourceCandidate
company_name
  Field required [type=missing, input_value={'import_batch_id': 'batc...0', 'error_count': '5'}}, input_type=dict]
    For further information visit https://errors.pydantic.dev/2.13/v/missing",,,,,,,,,,,,,,,,,,,,,,,,,,,,,,,,,,,,,,,,,,,,,,,,,,,,,,,,,,,,,,,,,,,,,,,,,,,,,,,,,,,,,,,
,Tienda La Esquina,,Luis Perez,Owner,luis@tiendalaesquina.example.com,Peru,Retail,,,,,,,batch_c9396ac21c09,generic,,,,,,,,,,,cand_3ef888a7529f,,,tiendalaesquina.example.com,,,,,,,"{""lead_id"": ""lead_weak_001"", ""source"": ""manual"", ""manual_context"": ""Negocio local B2C sin senales claras de venta consultiva B2B."", ""action"": ""research_and_draft"", ""status"": ""new"", ""approved"": ""false""}",duplicate,,,email:luis@tiendalaesquina.example.com,cand_1470c800cfef,,,,,,,,,,,,,,,,,,,,,,,,,,,,,,,,,,,,,,,,,,,,,,,,,,,,,,,,,,,,,,,,,,,,,,,
,Nova Cyber Advisors,https://novacyber.example.com,Martin Silva,Sales Director,martin@novacyber.example.com,Colombia,Cybersecurity,,,,,,,batch_c9396ac21c09,generic,,,,,,,,,,,cand_190f2bc7e76c,,,novacyber.example.com,,,,,,,"{""lead_id"": ""lead_revision_001"", ""source"": ""manual"", ""manual_context"": ""Firma de ciberseguridad con servicios para empresas medianas. Draft previo demasiado generico."", ""action"": ""revise"", ""status"": ""drafted"", ""approved"": ""false"", ""revision_instruction"": ""Hazlo mas directo y menciona trazabilidad de evidencia.""}",duplicate,,,email:martin@novacyber.example.com,cand_11153cac7c2a,,,,,,,,,,,,,,,,,,,,,,,,,,,,,,,,,,,,,,,,,,,,,,,,,,,,,,,,,,,,,,,,,,,,,,,
,Tienda La Esquina,,Luis Perez,Owner,luis@tiendalaesquina.example.com,Peru,Retail,,,,,,,batch_c9396ac21c09,generic,,,,,,,,,,,cand_35decadb470b,,,tiendalaesquina.example.com,,,,,,,"{""source_provider"": ""generic"", ""raw_data_json"": ""{\""lead_id\"": \""lead_weak_001\"", \""source\"": \""manual\"", \""manual_context\"": \""Negocio local B2C sin senales claras de venta consultiva B2B.\"", \""action\"": \""research_and_draft\"", \""status\"": \""new\"", \""approved\"": \""false\""}""}",duplicate,,,email:luis@tiendalaesquina.example.com,cand_1470c800cfef,,,,,,,,,,,,,,,,,,,,,,,,,,,,,,,,,,,,,,,,,,,,,,,,,,,,,,,,,,,,,,,,,,,,,,,
,Nova Cyber Advisors,https://novacyber.example.com,Martin Silva,Sales Director,martin@novacyber.example.com,Colombia,Cybersecurity,,,,,,,batch_c9396ac21c09,generic,,,,,,,,,,,cand_87e73f1427bf,,,novacyber.example.com,,,,,,,"{""source_provider"": ""generic"", ""raw_data_json"": ""{\""lead_id\"": \""lead_revision_001\"", \""source\"": \""manual\"", \""manual_context\"": \""Firma de ciberseguridad con servicios para empresas medianas. Draft previo demasiado generico.\"", \""action\"": \""revise\"", \""status\"": \""drafted\"", \""approved\"": \""false\"", \""revision_instruction\"": \""Hazlo mas directo y menciona trazabilidad de evidencia.\""}""}",duplicate,,,email:martin@novacyber.example.com,cand_11153cac7c2a,,,,,,,,,,,,,,,,,,,,,,,,,,,,,,,,,,,,,,,,,,,,,,,,,,,,,,,,,,,,,,,,,,,,,,,
,Tienda La Esquina,,Luis Perez,Owner,luis@tiendalaesquina.example.com,Peru,Retail,,,,,,,batch_c9396ac21c09,generic,,,,,,,,,,,cand_d94463fe5a1a,,,tiendalaesquina.example.com,,,,,,,"{""lead_id"": ""cand_35decadb470b"", ""source"": ""generic"", ""action"": ""research_and_draft"", ""status"": ""discard"", ""approved"": ""false"", ""revision_count"": ""0"", ""export_ready"": ""false"", ""agent_note"": ""Enrichment recommended discard. No draft generated.""}",duplicate,,,email:luis@tiendalaesquina.example.com,cand_1470c800cfef,,,,,,,,,,,,,,,,,,,,,,,,,,,,,,,,,,,,,,,,,,,,,,,,,,,,,,,,,,,,,,,,,,,,,,,
,Nova Cyber Advisors,https://novacyber.example.com,Martin Silva,Sales Director,martin@novacyber.example.com,Colombia,Cybersecurity,,,,,,,batch_c9396ac21c09,generic,,,,,,,,,,,cand_e95e49945c62,,,novacyber.example.com,,,,,,,"{""lead_id"": ""cand_87e73f1427bf"", ""source"": ""generic"", ""action"": ""research_and_draft"", ""status"": ""discard"", ""approved"": ""false"", ""revision_count"": ""0"", ""export_ready"": ""false"", ""agent_note"": ""Enrichment recommended discard. No draft generated.""}",duplicate,,,email:martin@novacyber.example.com,cand_11153cac7c2a,,,,,,,,,,,,,,,,,,,,,,,,,,,,,,,,,,,,,,,,,,,,,,,,,,,,,,,,,,,,,,,,,,,,,,,
,Tienda La Esquina,,Luis Perez,Owner,luis@tiendalaesquina.example.com,Peru,Retail,,,,,,,batch_c9396ac21c09,generic,,,,,,,,,,,cand_e94e83e9d868,,,tiendalaesquina.example.com,,,,,,,"{""source_provider"": ""generic"", ""raw_data_json"": ""{\""lead_id\"": \""lead_weak_001\"", \""source\"": \""manual\"", \""manual_context\"": \""Negocio local B2C sin senales claras de venta consultiva B2B.\"", \""action\"": \""research_and_draft\"", \""status\"": \""new\"", \""approved\"": \""false\""}""}",duplicate,,,email:luis@tiendalaesquina.example.com,cand_1470c800cfef,,,,,,,,,,,,,,,,,,,,,,,,,,,,,,,,,,,,,,,,,,,,,,,,,,,,,,,,,,,,,,,,,,,,,,,
,Nova Cyber Advisors,https://novacyber.example.com,Martin Silva,Sales Director,martin@novacyber.example.com,Colombia,Cybersecurity,,,,,,,batch_c9396ac21c09,generic,,,,,,,,,,,cand_7c190f3f0b72,,,novacyber.example.com,,,,,,,"{""source_provider"": ""generic"", ""raw_data_json"": ""{\""lead_id\"": \""lead_revision_001\"", \""source\"": \""manual\"", \""manual_context\"": \""Firma de ciberseguridad con servicios para empresas medianas. Draft previo demasiado generico.\"", \""action\"": \""revise\"", \""status\"": \""drafted\"", \""approved\"": \""false\"", \""revision_instruction\"": \""Hazlo mas directo y menciona trazabilidad de evidencia.\""}""}",duplicate,,,email:martin@novacyber.example.com,cand_11153cac7c2a,,,,,,,,,,,,,,,,,,,,,,,,,,,,,,,,,,,,,,,,,,,,,,,,,,,,,,,,,,,,,,,,,,,,,,,
,Tienda La Esquina,,Luis Perez,Owner,luis@tiendalaesquina.example.com,Peru,Retail,,,,,,,batch_c9396ac21c09,generic,,,,,,,,,,,cand_35decadb470b,,,tiendalaesquina.example.com,,,,,,,"{""source_provider"": ""generic"", ""raw_data_json"": ""{\""source_provider\"": \""generic\"", \""raw_data_json\"": \""{\\\""lead_id\\\"": \\\""lead_weak_001\\\"", \\\""source\\\"": \\\""manual\\\"", \\\""manual_context\\\"": \\\""Negocio local B2C sin senales claras de venta consultiva B2B.\\\"", \\\""action\\\"": \\\""research_and_draft\\\"", \\\""status\\\"": \\\""new\\\"", \\\""approved\\\"": \\\""false\\\""}\""}""}",duplicate,,,email:luis@tiendalaesquina.example.com,cand_1470c800cfef,,,,,,,,,,,,,,,,,,,,,,,,,,,,,,,,,,,,,,,,,,,,,,,,,,,,,,,,,,,,,,,,,,,,,,,
,Nova Cyber Advisors,https://novacyber.example.com,Martin Silva,Sales Director,martin@novacyber.example.com,Colombia,Cybersecurity,,,,,,,batch_c9396ac21c09,generic,,,,,,,,,,,cand_87e73f1427bf,,,novacyber.example.com,,,,,,,"{""source_provider"": ""generic"", ""raw_data_json"": ""{\""source_provider\"": \""generic\"", \""raw_data_json\"": \""{\\\""lead_id\\\"": \\\""lead_revision_001\\\"", \\\""source\\\"": \\\""manual\\\"", \\\""manual_context\\\"": \\\""Firma de ciberseguridad con servicios para empresas medianas. Draft previo demasiado generico.\\\"", \\\""action\\\"": \\\""revise\\\"", \\\""status\\\"": \\\""drafted\\\"", \\\""approved\\\"": \\\""false\\\"", \\\""revision_instruction\\\"": \\\""Hazlo mas directo y menciona trazabilidad de evidencia.\\\""}\""}""}",duplicate,,,email:martin@novacyber.example.com,cand_11153cac7c2a,,,,,,,,,,,,,,,,,,,,,,,,,,,,,,,,,,,,,,,,,,,,,,,,,,,,,,,,,,,,,,,,,,,,,,,
,Tienda La Esquina,,Luis Perez,Owner,luis@tiendalaesquina.example.com,Peru,Retail,,,,,,,batch_c9396ac21c09,generic,,,,,,,,,,,cand_6c6b32d8d428,,,tiendalaesquina.example.com,,,,,,,"{""source_provider"": ""generic"", ""raw_data_json"": ""{\""lead_id\"": \""cand_35decadb470b\"", \""source\"": \""generic\"", \""action\"": \""research_and_draft\"", \""status\"": \""discard\"", \""approved\"": \""false\"", \""revision_count\"": \""0\"", \""export_ready\"": \""false\"", \""agent_note\"": \""Enrichment recommended discard. No draft generated.\""}""}",duplicate,,,email:luis@tiendalaesquina.example.com,cand_1470c800cfef,,,,,,,,,,,,,,,,,,,,,,,,,,,,,,,,,,,,,,,,,,,,,,,,,,,,,,,,,,,,,,,,,,,,,,,
,Nova Cyber Advisors,https://novacyber.example.com,Martin Silva,Sales Director,martin@novacyber.example.com,Colombia,Cybersecurity,,,,,,,batch_c9396ac21c09,generic,,,,,,,,,,,cand_fbfa53bb3252,,,novacyber.example.com,,,,,,,"{""source_provider"": ""generic"", ""raw_data_json"": ""{\""lead_id\"": \""cand_87e73f1427bf\"", \""source\"": \""generic\"", \""action\"": \""research_and_draft\"", \""status\"": \""discard\"", \""approved\"": \""false\"", \""revision_count\"": \""0\"", \""export_ready\"": \""false\"", \""agent_note\"": \""Enrichment recommended discard. No draft generated.\""}""}",duplicate,,,email:martin@novacyber.example.com,cand_11153cac7c2a,,,,,,,,,,,,,,,,,,,,,,,,,,,,,,,,,,,,,,,,,,,,,,,,,,,,,,,,,,,,,,,,,,,,,,,
,Tienda La Esquina,,Luis Perez,Owner,luis@tiendalaesquina.example.com,Peru,Retail,,,,,,,batch_c9396ac21c09,generic,,,,,,,,,,,cand_d85f2b8acc96,,,tiendalaesquina.example.com,,,,,,,"{""lead_id"": ""cand_35decadb470b"", ""source"": ""generic"", ""action"": ""research_and_draft"", ""status"": ""insufficient_data"", ""approved"": ""false"", ""revision_count"": ""0"", ""export_ready"": ""false"", ""agent_note"": ""Enrichment complete. Status: insufficient_data, confidence: 30, recommended_action: discard.""}",duplicate,,,email:luis@tiendalaesquina.example.com,cand_1470c800cfef,,,,,,,,,,,,,,,,,,,,,,,,,,,,,,,,,,,,,,,,,,,,,,,,,,,,,,,,,,,,,,,,,,,,,,,
,Nova Cyber Advisors,https://novacyber.example.com,Martin Silva,Sales Director,martin@novacyber.example.com,Colombia,Cybersecurity,,,,,,,batch_c9396ac21c09,generic,,,,,,,,,,,cand_55af66508f78,,,novacyber.example.com,,,,,,,"{""lead_id"": ""cand_87e73f1427bf"", ""source"": ""generic"", ""action"": ""research_and_draft"", ""status"": ""insufficient_data"", ""approved"": ""false"", ""revision_count"": ""0"", ""export_ready"": ""false"", ""agent_note"": ""Enrichment complete. Status: insufficient_data, confidence: 30, recommended_action: discard.""}",duplicate,,,email:martin@novacyber.example.com,cand_11153cac7c2a,,,,,,,,,,,,,,,,,,,,,,,,,,,,,,,,,,,,,,,,,,,,,,,,,,,,,,,,,,,,,,,,,,,,,,,
,Tienda La Esquina,,Luis Perez,Owner,luis@tiendalaesquina.example.com,Peru,Retail,,,,,,,batch_c9396ac21c09,generic,,,,,,,,,,,cand_645e73e151c6,,,tiendalaesquina.example.com,,,,,,,"{""source_provider"": ""generic"", ""raw_data_json"": ""{\""lead_id\"": \""lead_weak_001\"", \""source\"": \""manual\"", \""manual_context\"": \""Negocio local B2C sin senales claras de venta consultiva B2B.\"", \""action\"": \""research_and_draft\"", \""status\"": \""new\"", \""approved\"": \""false\""}""}",duplicate,,,email:luis@tiendalaesquina.example.com,cand_1470c800cfef,,,,,,,,,,,,,,,,,,,,,,,,,,,,,,,,,,,,,,,,,,,,,,,,,,,,,,,,,,,,,,,,,,,,,,,
,Nova Cyber Advisors,https://novacyber.example.com,Martin Silva,Sales Director,martin@novacyber.example.com,Colombia,Cybersecurity,,,,,,,batch_c9396ac21c09,generic,,,,,,,,,,,cand_51d2cbd0d029,,,novacyber.example.com,,,,,,,"{""source_provider"": ""generic"", ""raw_data_json"": ""{\""lead_id\"": \""lead_revision_001\"", \""source\"": \""manual\"", \""manual_context\"": \""Firma de ciberseguridad con servicios para empresas medianas. Draft previo demasiado generico.\"", \""action\"": \""revise\"", \""status\"": \""drafted\"", \""approved\"": \""false\"", \""revision_instruction\"": \""Hazlo mas directo y menciona trazabilidad de evidencia.\""}""}",duplicate,,,email:martin@novacyber.example.com,cand_11153cac7c2a,,,,,,,,,,,,,,,,,,,,,,,,,,,,,,,,,,,,,,,,,,,,,,,,,,,,,,,,,,,,,,,,,,,,,,,
,Tienda La Esquina,,Luis Perez,Owner,luis@tiendalaesquina.example.com,Peru,Retail,,,,,,,batch_c9396ac21c09,generic,,,,,,,,,,,cand_35decadb470b,,,tiendalaesquina.example.com,,,,,,,"{""source_provider"": ""generic"", ""raw_data_json"": ""{\""source_provider\"": \""generic\"", \""raw_data_json\"": \""{\\\""lead_id\\\"": \\\""lead_weak_001\\\"", \\\""source\\\"": \\\""manual\\\"", \\\""manual_context\\\"": \\\""Negocio local B2C sin senales claras de venta consultiva B2B.\\\"", \\\""action\\\"": \\\""research_and_draft\\\"", \\\""status\\\"": \\\""new\\\"", \\\""approved\\\"": \\\""false\\\""}\""}""}",duplicate,,,email:luis@tiendalaesquina.example.com,cand_1470c800cfef,,,,,,,,,,,,,,,,,,,,,,,,,,,,,,,,,,,,,,,,,,,,,,,,,,,,,,,,,,,,,,,,,,,,,,,
,Nova Cyber Advisors,https://novacyber.example.com,Martin Silva,Sales Director,martin@novacyber.example.com,Colombia,Cybersecurity,,,,,,,batch_c9396ac21c09,generic,,,,,,,,,,,cand_87e73f1427bf,,,novacyber.example.com,,,,,,,"{""source_provider"": ""generic"", ""raw_data_json"": ""{\""source_provider\"": \""generic\"", \""raw_data_json\"": \""{\\\""lead_id\\\"": \\\""lead_revision_001\\\"", \\\""source\\\"": \\\""manual\\\"", \\\""manual_context\\\"": \\\""Firma de ciberseguridad con servicios para empresas medianas. Draft previo demasiado generico.\\\"", \\\""action\\\"": \\\""revise\\\"", \\\""status\\\"": \\\""drafted\\\"", \\\""approved\\\"": \\\""false\\\"", \\\""revision_instruction\\\"": \\\""Hazlo mas directo y menciona trazabilidad de evidencia.\\\""}\""}""}",duplicate,,,email:martin@novacyber.example.com,cand_11153cac7c2a,,,,,,,,,,,,,,,,,,,,,,,,,,,,,,,,,,,,,,,,,,,,,,,,,,,,,,,,,,,,,,,,,,,,,,,
,Tienda La Esquina,,Luis Perez,Owner,luis@tiendalaesquina.example.com,Peru,Retail,,,,,,,batch_c9396ac21c09,generic,,,,,,,,,,,cand_3993f593326f,,,tiendalaesquina.example.com,,,,,,,"{""source_provider"": ""generic"", ""raw_data_json"": ""{\""lead_id\"": \""cand_35decadb470b\"", \""source\"": \""generic\"", \""action\"": \""research_and_draft\"", \""status\"": \""discard\"", \""approved\"": \""false\"", \""revision_count\"": \""0\"", \""export_ready\"": \""false\"", \""agent_note\"": \""Enrichment recommended discard. No draft generated.\""}""}",duplicate,,,email:luis@tiendalaesquina.example.com,cand_1470c800cfef,,,,,,,,,,,,,,,,,,,,,,,,,,,,,,,,,,,,,,,,,,,,,,,,,,,,,,,,,,,,,,,,,,,,,,,
,Nova Cyber Advisors,https://novacyber.example.com,Martin Silva,Sales Director,martin@novacyber.example.com,Colombia,Cybersecurity,,,,,,,batch_c9396ac21c09,generic,,,,,,,,,,,cand_014e30539043,,,novacyber.example.com,,,,,,,"{""source_provider"": ""generic"", ""raw_data_json"": ""{\""lead_id\"": \""cand_87e73f1427bf\"", \""source\"": \""generic\"", \""action\"": \""research_and_draft\"", \""status\"": \""discard\"", \""approved\"": \""false\"", \""revision_count\"": \""0\"", \""export_ready\"": \""false\"", \""agent_note\"": \""Enrichment recommended discard. No draft generated.\""}""}",duplicate,,,email:martin@novacyber.example.com,cand_11153cac7c2a,,,,,,,,,,,,,,,,,,,,,,,,,,,,,,,,,,,,,,,,,,,,,,,,,,,,,,,,,,,,,,,,,,,,,,,
,Tienda La Esquina,,Luis Perez,Owner,luis@tiendalaesquina.example.com,Peru,Retail,,,,,,,batch_c9396ac21c09,generic,,,,,,,,,,,cand_e94e83e9d868,,,tiendalaesquina.example.com,,,,,,,"{""source_provider"": ""generic"", ""raw_data_json"": ""{\""source_provider\"": \""generic\"", \""raw_data_json\"": \""{\\\""lead_id\\\"": \\\""lead_weak_001\\\"", \\\""source\\\"": \\\""manual\\\"", \\\""manual_context\\\"": \\\""Negocio local B2C sin senales claras de venta consultiva B2B.\\\"", \\\""action\\\"": \\\""research_and_draft\\\"", \\\""status\\\"": \\\""new\\\"", \\\""approved\\\"": \\\""false\\\""}\""}""}",duplicate,,,email:luis@tiendalaesquina.example.com,cand_1470c800cfef,,,,,,,,,,,,,,,,,,,,,,,,,,,,,,,,,,,,,,,,,,,,,,,,,,,,,,,,,,,,,,,,,,,,,,,
,Nova Cyber Advisors,https://novacyber.example.com,Martin Silva,Sales Director,martin@novacyber.example.com,Colombia,Cybersecurity,,,,,,,batch_c9396ac21c09,generic,,,,,,,,,,,cand_7c190f3f0b72,,,novacyber.example.com,,,,,,,"{""source_provider"": ""generic"", ""raw_data_json"": ""{\""source_provider\"": \""generic\"", \""raw_data_json\"": \""{\\\""lead_id\\\"": \\\""lead_revision_001\\\"", \\\""source\\\"": \\\""manual\\\"", \\\""manual_context\\\"": \\\""Firma de ciberseguridad con servicios para empresas medianas. Draft previo demasiado generico.\\\"", \\\""action\\\"": \\\""revise\\\"", \\\""status\\\"": \\\""drafted\\\"", \\\""approved\\\"": \\\""false\\\"", \\\""revision_instruction\\\"": \\\""Hazlo mas directo y menciona trazabilidad de evidencia.\\\""}\""}""}",duplicate,,,email:martin@novacyber.example.com,cand_11153cac7c2a,,,,,,,,,,,,,,,,,,,,,,,,,,,,,,,,,,,,,,,,,,,,,,,,,,,,,,,,,,,,,,,,,,,,,,,
,Tienda La Esquina,,Luis Perez,Owner,luis@tiendalaesquina.example.com,Peru,Retail,,,,,,,batch_c9396ac21c09,generic,,,,,,,,,,,cand_35decadb470b,,,tiendalaesquina.example.com,,,,,,,"{""source_provider"": ""generic"", ""raw_data_json"": ""{\""source_provider\"": \""generic\"", \""raw_data_json\"": \""{\\\""source_provider\\\"": \\\""generic\\\"", \\\""raw_data_json\\\"": \\\""{\\\\\\\""lead_id\\\\\\\"": \\\\\\\""lead_weak_001\\\\\\\"", \\\\\\\""source\\\\\\\"": \\\\\\\""manual\\\\\\\"", \\\\\\\""manual_context\\\\\\\"": \\\\\\\""Negocio local B2C sin senales claras de venta consultiva B2B.\\\\\\\"", \\\\\\\""action\\\\\\\"": \\\\\\\""research_and_draft\\\\\\\"", \\\\\\\""status\\\\\\\"": \\\\\\\""new\\\\\\\"", \\\\\\\""approved\\\\\\\"": \\\\\\\""false\\\\\\\""}\\\""}\""}""}",duplicate,,,email:luis@tiendalaesquina.example.com,cand_1470c800cfef,,,,,,,,,,,,,,,,,,,,,,,,,,,,,,,,,,,,,,,,,,,,,,,,,,,,,,,,,,,,,,,,,,,,,,,
,Nova Cyber Advisors,https://novacyber.example.com,Martin Silva,Sales Director,martin@novacyber.example.com,Colombia,Cybersecurity,,,,,,,batch_c9396ac21c09,generic,,,,,,,,,,,cand_87e73f1427bf,,,novacyber.example.com,,,,,,,"{""source_provider"": ""generic"", ""raw_data_json"": ""{\""source_provider\"": \""generic\"", \""raw_data_json\"": \""{\\\""source_provider\\\"": \\\""generic\\\"", \\\""raw_data_json\\\"": \\\""{\\\\\\\""lead_id\\\\\\\"": \\\\\\\""lead_revision_001\\\\\\\"", \\\\\\\""source\\\\\\\"": \\\\\\\""manual\\\\\\\"", \\\\\\\""manual_context\\\\\\\"": \\\\\\\""Firma de ciberseguridad con servicios para empresas medianas. Draft previo demasiado generico.\\\\\\\"", \\\\\\\""action\\\\\\\"": \\\\\\\""revise\\\\\\\"", \\\\\\\""status\\\\\\\"": \\\\\\\""drafted\\\\\\\"", \\\\\\\""approved\\\\\\\"": \\\\\\\""false\\\\\\\"", \\\\\\\""revision_instruction\\\\\\\"": \\\\\\\""Hazlo mas directo y menciona trazabilidad de evidencia.\\\\\\\""}\\\""}\""}""}",duplicate,,,email:martin@novacyber.example.com,cand_11153cac7c2a,,,,,,,,,,,,,,,,,,,,,,,,,,,,,,,,,,,,,,,,,,,,,,,,,,,,,,,,,,,,,,,,,,,,,,,
,Tienda La Esquina,,Luis Perez,Owner,luis@tiendalaesquina.example.com,Peru,Retail,,,,,,,batch_c9396ac21c09,generic,,,,,,,,,,,cand_6c6b32d8d428,,,tiendalaesquina.example.com,,,,,,,"{""source_provider"": ""generic"", ""raw_data_json"": ""{\""source_provider\"": \""generic\"", \""raw_data_json\"": \""{\\\""lead_id\\\"": \\\""cand_35decadb470b\\\"", \\\""source\\\"": \\\""generic\\\"", \\\""action\\\"": \\\""research_and_draft\\\"", \\\""status\\\"": \\\""discard\\\"", \\\""approved\\\"": \\\""false\\\"", \\\""revision_count\\\"": \\\""0\\\"", \\\""export_ready\\\"": \\\""false\\\"", \\\""agent_note\\\"": \\\""Enrichment recommended discard. No draft generated.\\\""}\""}""}",duplicate,,,email:luis@tiendalaesquina.example.com,cand_1470c800cfef,,,,,,,,,,,,,,,,,,,,,,,,,,,,,,,,,,,,,,,,,,,,,,,,,,,,,,,,,,,,,,,,,,,,,,,
,Nova Cyber Advisors,https://novacyber.example.com,Martin Silva,Sales Director,martin@novacyber.example.com,Colombia,Cybersecurity,,,,,,,batch_c9396ac21c09,generic,,,,,,,,,,,cand_fbfa53bb3252,,,novacyber.example.com,,,,,,,"{""source_provider"": ""generic"", ""raw_data_json"": ""{\""source_provider\"": \""generic\"", \""raw_data_json\"": \""{\\\""lead_id\\\"": \\\""cand_87e73f1427bf\\\"", \\\""source\\\"": \\\""generic\\\"", \\\""action\\\"": \\\""research_and_draft\\\"", \\\""status\\\"": \\\""discard\\\"", \\\""approved\\\"": \\\""false\\\"", \\\""revision_count\\\"": \\\""0\\\"", \\\""export_ready\\\"": \\\""false\\\"", \\\""agent_note\\\"": \\\""Enrichment recommended discard. No draft generated.\\\""}\""}""}",duplicate,,,email:martin@novacyber.example.com,cand_11153cac7c2a,,,,,,,,,,,,,,,,,,,,,,,,,,,,,,,,,,,,,,,,,,,,,,,,,,,,,,,,,,,,,,,,,,,,,,,
,Tienda La Esquina,,Luis Perez,Owner,luis@tiendalaesquina.example.com,Peru,Retail,,,,,,,batch_c9396ac21c09,generic,,,,,,,,,,,cand_55cee65905dd,,,tiendalaesquina.example.com,,,,,,,"{""source_provider"": ""generic"", ""raw_data_json"": ""{\""lead_id\"": \""cand_35decadb470b\"", \""source\"": \""generic\"", \""action\"": \""research_and_draft\"", \""status\"": \""insufficient_data\"", \""approved\"": \""false\"", \""revision_count\"": \""0\"", \""export_ready\"": \""false\"", \""agent_note\"": \""Enrichment complete. Status: insufficient_data, confidence: 30, recommended_action: discard.\""}""}",duplicate,,,email:luis@tiendalaesquina.example.com,cand_1470c800cfef,,,,,,,,,,,,,,,,,,,,,,,,,,,,,,,,,,,,,,,,,,,,,,,,,,,,,,,,,,,,,,,,,,,,,,,
,Nova Cyber Advisors,https://novacyber.example.com,Martin Silva,Sales Director,martin@novacyber.example.com,Colombia,Cybersecurity,,,,,,,batch_c9396ac21c09,generic,,,,,,,,,,,cand_77abcc47aef5,,,novacyber.example.com,,,,,,,"{""source_provider"": ""generic"", ""raw_data_json"": ""{\""lead_id\"": \""cand_87e73f1427bf\"", \""source\"": \""generic\"", \""action\"": \""research_and_draft\"", \""status\"": \""insufficient_data\"", \""approved\"": \""false\"", \""revision_count\"": \""0\"", \""export_ready\"": \""false\"", \""agent_note\"": \""Enrichment complete. Status: insufficient_data, confidence: 30, recommended_action: discard.\""}""}",duplicate,,,email:martin@novacyber.example.com,cand_11153cac7c2a,,,,,,,,,,,,,,,,,,,,,,,,,,,,,,,,,,,,,,,,,,,,,,,,,,,,,,,,,,,,,,,,,,,,,,,
,Tienda La Esquina,,Luis Perez,Owner,luis@tiendalaesquina.example.com,Peru,Retail,,,,,,,batch_c9396ac21c09,generic,,,,,,,,,,,cand_cdcf40a79092,,,tiendalaesquina.example.com,,,,,,,"{""lead_id"": ""cand_35decadb470b"", ""source"": ""generic"", ""action"": ""research_and_draft"", ""status"": ""insufficient_data"", ""approved"": ""false"", ""revision_count"": ""0"", ""export_ready"": ""false"", ""agent_note"": ""Enrichment complete. Status: insufficient_data, confidence: 30, recommended_action: discard.""}",duplicate,,,email:luis@tiendalaesquina.example.com,cand_1470c800cfef,,,,,,,,,,,,,,,,,,,,,,,,,,,,,,,,,,,,,,,,,,,,,,,,,,,,,,,,,,,,,,,,,,,,,,,
,Nova Cyber Advisors,https://novacyber.example.com,Martin Silva,Sales Director,martin@novacyber.example.com,Colombia,Cybersecurity,,,,,,,batch_c9396ac21c09,generic,,,,,,,,,,,cand_be3b19d6bde0,,,novacyber.example.com,,,,,,,"{""lead_id"": ""cand_87e73f1427bf"", ""source"": ""generic"", ""action"": ""research_and_draft"", ""status"": ""insufficient_data"", ""approved"": ""false"", ""revision_count"": ""0"", ""export_ready"": ""false"", ""agent_note"": ""Enrichment complete. Status: insufficient_data, confidence: 30, recommended_action: discard.""}",duplicate,,,email:martin@novacyber.example.com,cand_11153cac7c2a,,,,,,,,,,,,,,,,,,,,,,,,,,,,,,,,,,,,,,,,,,,,,,,,,,,,,,,,,,,,,,,,,,,,,,,
,Tienda La Esquina,,Luis Perez,Owner,luis@tiendalaesquina.example.com,Peru,Retail,,,,,,,batch_c9396ac21c09,generic,,,,,,,,,,,cand_d488e6938492,,,tiendalaesquina.example.com,,,,,,,"{""source_provider"": ""generic"", ""raw_data_json"": ""{\""lead_id\"": \""lead_weak_001\"", \""source\"": \""manual\"", \""manual_context\"": \""Negocio local B2C sin senales claras de venta consultiva B2B.\"", \""action\"": \""research_and_draft\"", \""status\"": \""new\"", \""approved\"": \""false\""}""}",duplicate,,,email:luis@tiendalaesquina.example.com,cand_1470c800cfef,,,,,,,,,,,,,,,,,,,,,,,,,,,,,,,,,,,,,,,,,,,,,,,,,,,,,,,,,,,,,,,,,,,,,,,
,Nova Cyber Advisors,https://novacyber.example.com,Martin Silva,Sales Director,martin@novacyber.example.com,Colombia,Cybersecurity,,,,,,,batch_c9396ac21c09,generic,,,,,,,,,,,cand_e54d225244b6,,,novacyber.example.com,,,,,,,"{""source_provider"": ""generic"", ""raw_data_json"": ""{\""lead_id\"": \""lead_revision_001\"", \""source\"": \""manual\"", \""manual_context\"": \""Firma de ciberseguridad con servicios para empresas medianas. Draft previo demasiado generico.\"", \""action\"": \""revise\"", \""status\"": \""drafted\"", \""approved\"": \""false\"", \""revision_instruction\"": \""Hazlo mas directo y menciona trazabilidad de evidencia.\""}""}",duplicate,,,email:martin@novacyber.example.com,cand_11153cac7c2a,,,,,,,,,,,,,,,,,,,,,,,,,,,,,,,,,,,,,,,,,,,,,,,,,,,,,,,,,,,,,,,,,,,,,,,
,Tienda La Esquina,,Luis Perez,Owner,luis@tiendalaesquina.example.com,Peru,Retail,,,,,,,batch_c9396ac21c09,generic,,,,,,,,,,,cand_35decadb470b,,,tiendalaesquina.example.com,,,,,,,"{""source_provider"": ""generic"", ""raw_data_json"": ""{\""source_provider\"": \""generic\"", \""raw_data_json\"": \""{\\\""lead_id\\\"": \\\""lead_weak_001\\\"", \\\""source\\\"": \\\""manual\\\"", \\\""manual_context\\\"": \\\""Negocio local B2C sin senales claras de venta consultiva B2B.\\\"", \\\""action\\\"": \\\""research_and_draft\\\"", \\\""status\\\"": \\\""new\\\"", \\\""approved\\\"": \\\""false\\\""}\""}""}",duplicate,,,email:luis@tiendalaesquina.example.com,cand_1470c800cfef,,,,,,,,,,,,,,,,,,,,,,,,,,,,,,,,,,,,,,,,,,,,,,,,,,,,,,,,,,,,,,,,,,,,,,,
,Nova Cyber Advisors,https://novacyber.example.com,Martin Silva,Sales Director,martin@novacyber.example.com,Colombia,Cybersecurity,,,,,,,batch_c9396ac21c09,generic,,,,,,,,,,,cand_87e73f1427bf,,,novacyber.example.com,,,,,,,"{""source_provider"": ""generic"", ""raw_data_json"": ""{\""source_provider\"": \""generic\"", \""raw_data_json\"": \""{\\\""lead_id\\\"": \\\""lead_revision_001\\\"", \\\""source\\\"": \\\""manual\\\"", \\\""manual_context\\\"": \\\""Firma de ciberseguridad con servicios para empresas medianas. Draft previo demasiado generico.\\\"", \\\""action\\\"": \\\""revise\\\"", \\\""status\\\"": \\\""drafted\\\"", \\\""approved\\\"": \\\""false\\\"", \\\""revision_instruction\\\"": \\\""Hazlo mas directo y menciona trazabilidad de evidencia.\\\""}\""}""}",duplicate,,,email:martin@novacyber.example.com,cand_11153cac7c2a,,,,,,,,,,,,,,,,,,,,,,,,,,,,,,,,,,,,,,,,,,,,,,,,,,,,,,,,,,,,,,,,,,,,,,,
,Tienda La Esquina,,Luis Perez,Owner,luis@tiendalaesquina.example.com,Peru,Retail,,,,,,,batch_c9396ac21c09,generic,,,,,,,,,,,cand_a109ff4d3d5d,,,tiendalaesquina.example.com,,,,,,,"{""source_provider"": ""generic"", ""raw_data_json"": ""{\""lead_id\"": \""cand_35decadb470b\"", \""source\"": \""generic\"", \""action\"": \""research_and_draft\"", \""status\"": \""discard\"", \""approved\"": \""false\"", \""revision_count\"": \""0\"", \""export_ready\"": \""false\"", \""agent_note\"": \""Enrichment recommended discard. No draft generated.\""}""}",duplicate,,,email:luis@tiendalaesquina.example.com,cand_1470c800cfef,,,,,,,,,,,,,,,,,,,,,,,,,,,,,,,,,,,,,,,,,,,,,,,,,,,,,,,,,,,,,,,,,,,,,,,
,Nova Cyber Advisors,https://novacyber.example.com,Martin Silva,Sales Director,martin@novacyber.example.com,Colombia,Cybersecurity,,,,,,,batch_c9396ac21c09,generic,,,,,,,,,,,cand_45a0690b6cd7,,,novacyber.example.com,,,,,,,"{""source_provider"": ""generic"", ""raw_data_json"": ""{\""lead_id\"": \""cand_87e73f1427bf\"", \""source\"": \""generic\"", \""action\"": \""research_and_draft\"", \""status\"": \""discard\"", \""approved\"": \""false\"", \""revision_count\"": \""0\"", \""export_ready\"": \""false\"", \""agent_note\"": \""Enrichment recommended discard. No draft generated.\""}""}",duplicate,,,email:martin@novacyber.example.com,cand_11153cac7c2a,,,,,,,,,,,,,,,,,,,,,,,,,,,,,,,,,,,,,,,,,,,,,,,,,,,,,,,,,,,,,,,,,,,,,,,
,Tienda La Esquina,,Luis Perez,Owner,luis@tiendalaesquina.example.com,Peru,Retail,,,,,,,batch_c9396ac21c09,generic,,,,,,,,,,,cand_e94e83e9d868,,,tiendalaesquina.example.com,,,,,,,"{""source_provider"": ""generic"", ""raw_data_json"": ""{\""source_provider\"": \""generic\"", \""raw_data_json\"": \""{\\\""lead_id\\\"": \\\""lead_weak_001\\\"", \\\""source\\\"": \\\""manual\\\"", \\\""manual_context\\\"": \\\""Negocio local B2C sin senales claras de venta consultiva B2B.\\\"", \\\""action\\\"": \\\""research_and_draft\\\"", \\\""status\\\"": \\\""new\\\"", \\\""approved\\\"": \\\""false\\\""}\""}""}",duplicate,,,email:luis@tiendalaesquina.example.com,cand_1470c800cfef,,,,,,,,,,,,,,,,,,,,,,,,,,,,,,,,,,,,,,,,,,,,,,,,,,,,,,,,,,,,,,,,,,,,,,,
,Nova Cyber Advisors,https://novacyber.example.com,Martin Silva,Sales Director,martin@novacyber.example.com,Colombia,Cybersecurity,,,,,,,batch_c9396ac21c09,generic,,,,,,,,,,,cand_7c190f3f0b72,,,novacyber.example.com,,,,,,,"{""source_provider"": ""generic"", ""raw_data_json"": ""{\""source_provider\"": \""generic\"", \""raw_data_json\"": \""{\\\""lead_id\\\"": \\\""lead_revision_001\\\"", \\\""source\\\"": \\\""manual\\\"", \\\""manual_context\\\"": \\\""Firma de ciberseguridad con servicios para empresas medianas. Draft previo demasiado generico.\\\"", \\\""action\\\"": \\\""revise\\\"", \\\""status\\\"": \\\""drafted\\\"", \\\""approved\\\"": \\\""false\\\"", \\\""revision_instruction\\\"": \\\""Hazlo mas directo y menciona trazabilidad de evidencia.\\\""}\""}""}",duplicate,,,email:martin@novacyber.example.com,cand_11153cac7c2a,,,,,,,,,,,,,,,,,,,,,,,,,,,,,,,,,,,,,,,,,,,,,,,,,,,,,,,,,,,,,,,,,,,,,,,
,Tienda La Esquina,,Luis Perez,Owner,luis@tiendalaesquina.example.com,Peru,Retail,,,,,,,batch_c9396ac21c09,generic,,,,,,,,,,,cand_35decadb470b,,,tiendalaesquina.example.com,,,,,,,"{""source_provider"": ""generic"", ""raw_data_json"": ""{\""source_provider\"": \""generic\"", \""raw_data_json\"": \""{\\\""source_provider\\\"": \\\""generic\\\"", \\\""raw_data_json\\\"": \\\""{\\\\\\\""lead_id\\\\\\\"": \\\\\\\""lead_weak_001\\\\\\\"", \\\\\\\""source\\\\\\\"": \\\\\\\""manual\\\\\\\"", \\\\\\\""manual_context\\\\\\\"": \\\\\\\""Negocio local B2C sin senales claras de venta consultiva B2B.\\\\\\\"", \\\\\\\""action\\\\\\\"": \\\\\\\""research_and_draft\\\\\\\"", \\\\\\\""status\\\\\\\"": \\\\\\\""new\\\\\\\"", \\\\\\\""approved\\\\\\\"": \\\\\\\""false\\\\\\\""}\\\""}\""}""}",duplicate,,,email:luis@tiendalaesquina.example.com,cand_1470c800cfef,,,,,,,,,,,,,,,,,,,,,,,,,,,,,,,,,,,,,,,,,,,,,,,,,,,,,,,,,,,,,,,,,,,,,,,
,Nova Cyber Advisors,https://novacyber.example.com,Martin Silva,Sales Director,martin@novacyber.example.com,Colombia,Cybersecurity,,,,,,,batch_c9396ac21c09,generic,,,,,,,,,,,cand_87e73f1427bf,,,novacyber.example.com,,,,,,,"{""source_provider"": ""generic"", ""raw_data_json"": ""{\""source_provider\"": \""generic\"", \""raw_data_json\"": \""{\\\""source_provider\\\"": \\\""generic\\\"", \\\""raw_data_json\\\"": \\\""{\\\\\\\""lead_id\\\\\\\"": \\\\\\\""lead_revision_001\\\\\\\"", \\\\\\\""source\\\\\\\"": \\\\\\\""manual\\\\\\\"", \\\\\\\""manual_context\\\\\\\"": \\\\\\\""Firma de ciberseguridad con servicios para empresas medianas. Draft previo demasiado generico.\\\\\\\"", \\\\\\\""action\\\\\\\"": \\\\\\\""revise\\\\\\\"", \\\\\\\""status\\\\\\\"": \\\\\\\""drafted\\\\\\\"", \\\\\\\""approved\\\\\\\"": \\\\\\\""false\\\\\\\"", \\\\\\\""revision_instruction\\\\\\\"": \\\\\\\""Hazlo mas directo y menciona trazabilidad de evidencia.\\\\\\\""}\\\""}\""}""}",duplicate,,,email:martin@novacyber.example.com,cand_11153cac7c2a,,,,,,,,,,,,,,,,,,,,,,,,,,,,,,,,,,,,,,,,,,,,,,,,,,,,,,,,,,,,,,,,,,,,,,,
,Tienda La Esquina,,Luis Perez,Owner,luis@tiendalaesquina.example.com,Peru,Retail,,,,,,,batch_c9396ac21c09,generic,,,,,,,,,,,cand_6c6b32d8d428,,,tiendalaesquina.example.com,,,,,,,"{""source_provider"": ""generic"", ""raw_data_json"": ""{\""source_provider\"": \""generic\"", \""raw_data_json\"": \""{\\\""lead_id\\\"": \\\""cand_35decadb470b\\\"", \\\""source\\\"": \\\""generic\\\"", \\\""action\\\"": \\\""research_and_draft\\\"", \\\""status\\\"": \\\""discard\\\"", \\\""approved\\\"": \\\""false\\\"", \\\""revision_count\\\"": \\\""0\\\"", \\\""export_ready\\\"": \\\""false\\\"", \\\""agent_note\\\"": \\\""Enrichment recommended discard. No draft generated.\\\""}\""}""}",duplicate,,,email:luis@tiendalaesquina.example.com,cand_1470c800cfef,,,,,,,,,,,,,,,,,,,,,,,,,,,,,,,,,,,,,,,,,,,,,,,,,,,,,,,,,,,,,,,,,,,,,,,
,Nova Cyber Advisors,https://novacyber.example.com,Martin Silva,Sales Director,martin@novacyber.example.com,Colombia,Cybersecurity,,,,,,,batch_c9396ac21c09,generic,,,,,,,,,,,cand_fbfa53bb3252,,,novacyber.example.com,,,,,,,"{""source_provider"": ""generic"", ""raw_data_json"": ""{\""source_provider\"": \""generic\"", \""raw_data_json\"": \""{\\\""lead_id\\\"": \\\""cand_87e73f1427bf\\\"", \\\""source\\\"": \\\""generic\\\"", \\\""action\\\"": \\\""research_and_draft\\\"", \\\""status\\\"": \\\""discard\\\"", \\\""approved\\\"": \\\""false\\\"", \\\""revision_count\\\"": \\\""0\\\"", \\\""export_ready\\\"": \\\""false\\\"", \\\""agent_note\\\"": \\\""Enrichment recommended discard. No draft generated.\\\""}\""}""}",duplicate,,,email:martin@novacyber.example.com,cand_11153cac7c2a,,,,,,,,,,,,,,,,,,,,,,,,,,,,,,,,,,,,,,,,,,,,,,,,,,,,,,,,,,,,,,,,,,,,,,,
,Tienda La Esquina,,Luis Perez,Owner,luis@tiendalaesquina.example.com,Peru,Retail,,,,,,,batch_c9396ac21c09,generic,,,,,,,,,,,cand_5a65114be3c1,,,tiendalaesquina.example.com,,,,,,,"{""source_provider"": ""generic"", ""raw_data_json"": ""{\""lead_id\"": \""cand_35decadb470b\"", \""source\"": \""generic\"", \""action\"": \""research_and_draft\"", \""status\"": \""insufficient_data\"", \""approved\"": \""false\"", \""revision_count\"": \""0\"", \""export_ready\"": \""false\"", \""agent_note\"": \""Enrichment complete. Status: insufficient_data, confidence: 30, recommended_action: discard.\""}""}",duplicate,,,email:luis@tiendalaesquina.example.com,cand_1470c800cfef,,,,,,,,,,,,,,,,,,,,,,,,,,,,,,,,,,,,,,,,,,,,,,,,,,,,,,,,,,,,,,,,,,,,,,,
,Nova Cyber Advisors,https://novacyber.example.com,Martin Silva,Sales Director,martin@novacyber.example.com,Colombia,Cybersecurity,,,,,,,batch_c9396ac21c09,generic,,,,,,,,,,,cand_49f0cbe78bc8,,,novacyber.example.com,,,,,,,"{""source_provider"": ""generic"", ""raw_data_json"": ""{\""lead_id\"": \""cand_87e73f1427bf\"", \""source\"": \""generic\"", \""action\"": \""research_and_draft\"", \""status\"": \""insufficient_data\"", \""approved\"": \""false\"", \""revision_count\"": \""0\"", \""export_ready\"": \""false\"", \""agent_note\"": \""Enrichment complete. Status: insufficient_data, confidence: 30, recommended_action: discard.\""}""}",duplicate,,,email:martin@novacyber.example.com,cand_11153cac7c2a,,,,,,,,,,,,,,,,,,,,,,,,,,,,,,,,,,,,,,,,,,,,,,,,,,,,,,,,,,,,,,,,,,,,,,,
,Tienda La Esquina,,Luis Perez,Owner,luis@tiendalaesquina.example.com,Peru,Retail,,,,,,,batch_c9396ac21c09,generic,,,,,,,,,,,cand_645e73e151c6,,,tiendalaesquina.example.com,,,,,,,"{""source_provider"": ""generic"", ""raw_data_json"": ""{\""source_provider\"": \""generic\"", \""raw_data_json\"": \""{\\\""lead_id\\\"": \\\""lead_weak_001\\\"", \\\""source\\\"": \\\""manual\\\"", \\\""manual_context\\\"": \\\""Negocio local B2C sin senales claras de venta consultiva B2B.\\\"", \\\""action\\\"": \\\""research_and_draft\\\"", \\\""status\\\"": \\\""new\\\"", \\\""approved\\\"": \\\""false\\\""}\""}""}",duplicate,,,email:luis@tiendalaesquina.example.com,cand_1470c800cfef,,,,,,,,,,,,,,,,,,,,,,,,,,,,,,,,,,,,,,,,,,,,,,,,,,,,,,,,,,,,,,,,,,,,,,,
,Nova Cyber Advisors,https://novacyber.example.com,Martin Silva,Sales Director,martin@novacyber.example.com,Colombia,Cybersecurity,,,,,,,batch_c9396ac21c09,generic,,,,,,,,,,,cand_51d2cbd0d029,,,novacyber.example.com,,,,,,,"{""source_provider"": ""generic"", ""raw_data_json"": ""{\""source_provider\"": \""generic\"", \""raw_data_json\"": \""{\\\""lead_id\\\"": \\\""lead_revision_001\\\"", \\\""source\\\"": \\\""manual\\\"", \\\""manual_context\\\"": \\\""Firma de ciberseguridad con servicios para empresas medianas. Draft previo demasiado generico.\\\"", \\\""action\\\"": \\\""revise\\\"", \\\""status\\\"": \\\""drafted\\\"", \\\""approved\\\"": \\\""false\\\"", \\\""revision_instruction\\\"": \\\""Hazlo mas directo y menciona trazabilidad de evidencia.\\\""}\""}""}",duplicate,,,email:martin@novacyber.example.com,cand_11153cac7c2a,,,,,,,,,,,,,,,,,,,,,,,,,,,,,,,,,,,,,,,,,,,,,,,,,,,,,,,,,,,,,,,,,,,,,,,
,Tienda La Esquina,,Luis Perez,Owner,luis@tiendalaesquina.example.com,Peru,Retail,,,,,,,batch_c9396ac21c09,generic,,,,,,,,,,,cand_35decadb470b,,,tiendalaesquina.example.com,,,,,,,"{""source_provider"": ""generic"", ""raw_data_json"": ""{\""source_provider\"": \""generic\"", \""raw_data_json\"": \""{\\\""source_provider\\\"": \\\""generic\\\"", \\\""raw_data_json\\\"": \\\""{\\\\\\\""lead_id\\\\\\\"": \\\\\\\""lead_weak_001\\\\\\\"", \\\\\\\""source\\\\\\\"": \\\\\\\""manual\\\\\\\"", \\\\\\\""manual_context\\\\\\\"": \\\\\\\""Negocio local B2C sin senales claras de venta consultiva B2B.\\\\\\\"", \\\\\\\""action\\\\\\\"": \\\\\\\""research_and_draft\\\\\\\"", \\\\\\\""status\\\\\\\"": \\\\\\\""new\\\\\\\"", \\\\\\\""approved\\\\\\\"": \\\\\\\""false\\\\\\\""}\\\""}\""}""}",duplicate,,,email:luis@tiendalaesquina.example.com,cand_1470c800cfef,,,,,,,,,,,,,,,,,,,,,,,,,,,,,,,,,,,,,,,,,,,,,,,,,,,,,,,,,,,,,,,,,,,,,,,
,Nova Cyber Advisors,https://novacyber.example.com,Martin Silva,Sales Director,martin@novacyber.example.com,Colombia,Cybersecurity,,,,,,,batch_c9396ac21c09,generic,,,,,,,,,,,cand_87e73f1427bf,,,novacyber.example.com,,,,,,,"{""source_provider"": ""generic"", ""raw_data_json"": ""{\""source_provider\"": \""generic\"", \""raw_data_json\"": \""{\\\""source_provider\\\"": \\\""generic\\\"", \\\""raw_data_json\\\"": \\\""{\\\\\\\""lead_id\\\\\\\"": \\\\\\\""lead_revision_001\\\\\\\"", \\\\\\\""source\\\\\\\"": \\\\\\\""manual\\\\\\\"", \\\\\\\""manual_context\\\\\\\"": \\\\\\\""Firma de ciberseguridad con servicios para empresas medianas. Draft previo demasiado generico.\\\\\\\"", \\\\\\\""action\\\\\\\"": \\\\\\\""revise\\\\\\\"", \\\\\\\""status\\\\\\\"": \\\\\\\""drafted\\\\\\\"", \\\\\\\""approved\\\\\\\"": \\\\\\\""false\\\\\\\"", \\\\\\\""revision_instruction\\\\\\\"": \\\\\\\""Hazlo mas directo y menciona trazabilidad de evidencia.\\\\\\\""}\\\""}\""}""}",duplicate,,,email:martin@novacyber.example.com,cand_11153cac7c2a,,,,,,,,,,,,,,,,,,,,,,,,,,,,,,,,,,,,,,,,,,,,,,,,,,,,,,,,,,,,,,,,,,,,,,,
,Tienda La Esquina,,Luis Perez,Owner,luis@tiendalaesquina.example.com,Peru,Retail,,,,,,,batch_c9396ac21c09,generic,,,,,,,,,,,cand_3993f593326f,,,tiendalaesquina.example.com,,,,,,,"{""source_provider"": ""generic"", ""raw_data_json"": ""{\""source_provider\"": \""generic\"", \""raw_data_json\"": \""{\\\""lead_id\\\"": \\\""cand_35decadb470b\\\"", \\\""source\\\"": \\\""generic\\\"", \\\""action\\\"": \\\""research_and_draft\\\"", \\\""status\\\"": \\\""discard\\\"", \\\""approved\\\"": \\\""false\\\"", \\\""revision_count\\\"": \\\""0\\\"", \\\""export_ready\\\"": \\\""false\\\"", \\\""agent_note\\\"": \\\""Enrichment recommended discard. No draft generated.\\\""}\""}""}",duplicate,,,email:luis@tiendalaesquina.example.com,cand_1470c800cfef,,,,,,,,,,,,,,,,,,,,,,,,,,,,,,,,,,,,,,,,,,,,,,,,,,,,,,,,,,,,,,,,,,,,,,,
,Nova Cyber Advisors,https://novacyber.example.com,Martin Silva,Sales Director,martin@novacyber.example.com,Colombia,Cybersecurity,,,,,,,batch_c9396ac21c09,generic,,,,,,,,,,,cand_014e30539043,,,novacyber.example.com,,,,,,,"{""source_provider"": ""generic"", ""raw_data_json"": ""{\""source_provider\"": \""generic\"", \""raw_data_json\"": \""{\\\""lead_id\\\"": \\\""cand_87e73f1427bf\\\"", \\\""source\\\"": \\\""generic\\\"", \\\""action\\\"": \\\""research_and_draft\\\"", \\\""status\\\"": \\\""discard\\\"", \\\""approved\\\"": \\\""false\\\"", \\\""revision_count\\\"": \\\""0\\\"", \\\""export_ready\\\"": \\\""false\\\"", \\\""agent_note\\\"": \\\""Enrichment recommended discard. No draft generated.\\\""}\""}""}",duplicate,,,email:martin@novacyber.example.com,cand_11153cac7c2a,,,,,,,,,,,,,,,,,,,,,,,,,,,,,,,,,,,,,,,,,,,,,,,,,,,,,,,,,,,,,,,,,,,,,,,
,Tienda La Esquina,,Luis Perez,Owner,luis@tiendalaesquina.example.com,Peru,Retail,,,,,,,batch_c9396ac21c09,generic,,,,,,,,,,,cand_e94e83e9d868,,,tiendalaesquina.example.com,,,,,,,"{""source_provider"": ""generic"", ""raw_data_json"": ""{\""source_provider\"": \""generic\"", \""raw_data_json\"": \""{\\\""source_provider\\\"": \\\""generic\\\"", \\\""raw_data_json\\\"": \\\""{\\\\\\\""lead_id\\\\\\\"": \\\\\\\""lead_weak_001\\\\\\\"", \\\\\\\""source\\\\\\\"": \\\\\\\""manual\\\\\\\"", \\\\\\\""manual_context\\\\\\\"": \\\\\\\""Negocio local B2C sin senales claras de venta consultiva B2B.\\\\\\\"", \\\\\\\""action\\\\\\\"": \\\\\\\""research_and_draft\\\\\\\"", \\\\\\\""status\\\\\\\"": \\\\\\\""new\\\\\\\"", \\\\\\\""approved\\\\\\\"": \\\\\\\""false\\\\\\\""}\\\""}\""}""}",duplicate,,,email:luis@tiendalaesquina.example.com,cand_1470c800cfef,,,,,,,,,,,,,,,,,,,,,,,,,,,,,,,,,,,,,,,,,,,,,,,,,,,,,,,,,,,,,,,,,,,,,,,
,Nova Cyber Advisors,https://novacyber.example.com,Martin Silva,Sales Director,martin@novacyber.example.com,Colombia,Cybersecurity,,,,,,,batch_c9396ac21c09,generic,,,,,,,,,,,cand_7c190f3f0b72,,,novacyber.example.com,,,,,,,"{""source_provider"": ""generic"", ""raw_data_json"": ""{\""source_provider\"": \""generic\"", \""raw_data_json\"": \""{\\\""source_provider\\\"": \\\""generic\\\"", \\\""raw_data_json\\\"": \\\""{\\\\\\\""lead_id\\\\\\\"": \\\\\\\""lead_revision_001\\\\\\\"", \\\\\\\""source\\\\\\\"": \\\\\\\""manual\\\\\\\"", \\\\\\\""manual_context\\\\\\\"": \\\\\\\""Firma de ciberseguridad con servicios para empresas medianas. Draft previo demasiado generico.\\\\\\\"", \\\\\\\""action\\\\\\\"": \\\\\\\""revise\\\\\\\"", \\\\\\\""status\\\\\\\"": \\\\\\\""drafted\\\\\\\"", \\\\\\\""approved\\\\\\\"": \\\\\\\""false\\\\\\\"", \\\\\\\""revision_instruction\\\\\\\"": \\\\\\\""Hazlo mas directo y menciona trazabilidad de evidencia.\\\\\\\""}\\\""}\""}""}",duplicate,,,email:martin@novacyber.example.com,cand_11153cac7c2a,,,,,,,,,,,,,,,,,,,,,,,,,,,,,,,,,,,,,,,,,,,,,,,,,,,,,,,,,,,,,,,,,,,,,,,
,Tienda La Esquina,,Luis Perez,Owner,luis@tiendalaesquina.example.com,Peru,Retail,,,,,,,batch_c9396ac21c09,generic,,,,,,,,,,,cand_35decadb470b,,,tiendalaesquina.example.com,,,,,,,"{""source_provider"": ""generic"", ""raw_data_json"": ""{\""source_provider\"": \""generic\"", \""raw_data_json\"": \""{\\\""source_provider\\\"": \\\""generic\\\"", \\\""raw_data_json\\\"": \\\""{\\\\\\\""source_provider\\\\\\\"": \\\\\\\""generic\\\\\\\"", \\\\\\\""raw_data_json\\\\\\\"": \\\\\\\""{\\\\\\\\\\\\\\\""lead_id\\\\\\\\\\\\\\\"": \\\\\\\\\\\\\\\""lead_weak_001\\\\\\\\\\\\\\\"", \\\\\\\\\\\\\\\""source\\\\\\\\\\\\\\\"": \\\\\\\\\\\\\\\""manual\\\\\\\\\\\\\\\"", \\\\\\\\\\\\\\\""manual_context\\\\\\\\\\\\\\\"": \\\\\\\\\\\\\\\""Negocio local B2C sin senales claras de venta consultiva B2B.\\\\\\\\\\\\\\\"", \\\\\\\\\\\\\\\""action\\\\\\\\\\\\\\\"": \\\\\\\\\\\\\\\""research_and_draft\\\\\\\\\\\\\\\"", \\\\\\\\\\\\\\\""status\\\\\\\\\\\\\\\"": \\\\\\\\\\\\\\\""new\\\\\\\\\\\\\\\"", \\\\\\\\\\\\\\\""approved\\\\\\\\\\\\\\\"": \\\\\\\\\\\\\\\""false\\\\\\\\\\\\\\\""}\\\\\\\""}\\\""}\""}""}",duplicate,,,email:luis@tiendalaesquina.example.com,cand_1470c800cfef,,,,,,,,,,,,,,,,,,,,,,,,,,,,,,,,,,,,,,,,,,,,,,,,,,,,,,,,,,,,,,,,,,,,,,,
,Nova Cyber Advisors,https://novacyber.example.com,Martin Silva,Sales Director,martin@novacyber.example.com,Colombia,Cybersecurity,,,,,,,batch_c9396ac21c09,generic,,,,,,,,,,,cand_87e73f1427bf,,,novacyber.example.com,,,,,,,"{""source_provider"": ""generic"", ""raw_data_json"": ""{\""source_provider\"": \""generic\"", \""raw_data_json\"": \""{\\\""source_provider\\\"": \\\""generic\\\"", \\\""raw_data_json\\\"": \\\""{\\\\\\\""source_provider\\\\\\\"": \\\\\\\""generic\\\\\\\"", \\\\\\\""raw_data_json\\\\\\\"": \\\\\\\""{\\\\\\\\\\\\\\\""lead_id\\\\\\\\\\\\\\\"": \\\\\\\\\\\\\\\""lead_revision_001\\\\\\\\\\\\\\\"", \\\\\\\\\\\\\\\""source\\\\\\\\\\\\\\\"": \\\\\\\\\\\\\\\""manual\\\\\\\\\\\\\\\"", \\\\\\\\\\\\\\\""manual_context\\\\\\\\\\\\\\\"": \\\\\\\\\\\\\\\""Firma de ciberseguridad con servicios para empresas medianas. Draft previo demasiado generico.\\\\\\\\\\\\\\\"", \\\\\\\\\\\\\\\""action\\\\\\\\\\\\\\\"": \\\\\\\\\\\\\\\""revise\\\\\\\\\\\\\\\"", \\\\\\\\\\\\\\\""status\\\\\\\\\\\\\\\"": \\\\\\\\\\\\\\\""drafted\\\\\\\\\\\\\\\"", \\\\\\\\\\\\\\\""approved\\\\\\\\\\\\\\\"": \\\\\\\\\\\\\\\""false\\\\\\\\\\\\\\\"", \\\\\\\\\\\\\\\""revision_instruction\\\\\\\\\\\\\\\"": \\\\\\\\\\\\\\\""Hazlo mas directo y menciona trazabilidad de evidencia.\\\\\\\\\\\\\\\""}\\\\\\\""}\\\""}\""}""}",duplicate,,,email:martin@novacyber.example.com,cand_11153cac7c2a,,,,,,,,,,,,,,,,,,,,,,,,,,,,,,,,,,,,,,,,,,,,,,,,,,,,,,,,,,,,,,,,,,,,,,,
,Tienda La Esquina,,Luis Perez,Owner,luis@tiendalaesquina.example.com,Peru,Retail,,,,,,,batch_c9396ac21c09,generic,,,,,,,,,,,cand_6c6b32d8d428,,,tiendalaesquina.example.com,,,,,,,"{""source_provider"": ""generic"", ""raw_data_json"": ""{\""source_provider\"": \""generic\"", \""raw_data_json\"": \""{\\\""source_provider\\\"": \\\""generic\\\"", \\\""raw_data_json\\\"": \\\""{\\\\\\\""lead_id\\\\\\\"": \\\\\\\""cand_35decadb470b\\\\\\\"", \\\\\\\""source\\\\\\\"": \\\\\\\""generic\\\\\\\"", \\\\\\\""action\\\\\\\"": \\\\\\\""research_and_draft\\\\\\\"", \\\\\\\""status\\\\\\\"": \\\\\\\""discard\\\\\\\"", \\\\\\\""approved\\\\\\\"": \\\\\\\""false\\\\\\\"", \\\\\\\""revision_count\\\\\\\"": \\\\\\\""0\\\\\\\"", \\\\\\\""export_ready\\\\\\\"": \\\\\\\""false\\\\\\\"", \\\\\\\""agent_note\\\\\\\"": \\\\\\\""Enrichment recommended discard. No draft generated.\\\\\\\""}\\\""}\""}""}",duplicate,,,email:luis@tiendalaesquina.example.com,cand_1470c800cfef,,,,,,,,,,,,,,,,,,,,,,,,,,,,,,,,,,,,,,,,,,,,,,,,,,,,,,,,,,,,,,,,,,,,,,,
,Nova Cyber Advisors,https://novacyber.example.com,Martin Silva,Sales Director,martin@novacyber.example.com,Colombia,Cybersecurity,,,,,,,batch_c9396ac21c09,generic,,,,,,,,,,,cand_fbfa53bb3252,,,novacyber.example.com,,,,,,,"{""source_provider"": ""generic"", ""raw_data_json"": ""{\""source_provider\"": \""generic\"", \""raw_data_json\"": \""{\\\""source_provider\\\"": \\\""generic\\\"", \\\""raw_data_json\\\"": \\\""{\\\\\\\""lead_id\\\\\\\"": \\\\\\\""cand_87e73f1427bf\\\\\\\"", \\\\\\\""source\\\\\\\"": \\\\\\\""generic\\\\\\\"", \\\\\\\""action\\\\\\\"": \\\\\\\""research_and_draft\\\\\\\"", \\\\\\\""status\\\\\\\"": \\\\\\\""discard\\\\\\\"", \\\\\\\""approved\\\\\\\"": \\\\\\\""false\\\\\\\"", \\\\\\\""revision_count\\\\\\\"": \\\\\\\""0\\\\\\\"", \\\\\\\""export_ready\\\\\\\"": \\\\\\\""false\\\\\\\"", \\\\\\\""agent_note\\\\\\\"": \\\\\\\""Enrichment recommended discard. No draft generated.\\\\\\\""}\\\""}\""}""}",duplicate,,,email:martin@novacyber.example.com,cand_11153cac7c2a,,,,,,,,,,,,,,,,,,,,,,,,,,,,,,,,,,,,,,,,,,,,,,,,,,,,,,,,,,,,,,,,,,,,,,,
,Tienda La Esquina,,Luis Perez,Owner,luis@tiendalaesquina.example.com,Peru,Retail,,,,,,,batch_c9396ac21c09,generic,,,,,,,,,,,cand_55cee65905dd,,,tiendalaesquina.example.com,,,,,,,"{""source_provider"": ""generic"", ""raw_data_json"": ""{\""source_provider\"": \""generic\"", \""raw_data_json\"": \""{\\\""lead_id\\\"": \\\""cand_35decadb470b\\\"", \\\""source\\\"": \\\""generic\\\"", \\\""action\\\"": \\\""research_and_draft\\\"", \\\""status\\\"": \\\""insufficient_data\\\"", \\\""approved\\\"": \\\""false\\\"", \\\""revision_count\\\"": \\\""0\\\"", \\\""export_ready\\\"": \\\""false\\\"", \\\""agent_note\\\"": \\\""Enrichment complete. Status: insufficient_data, confidence: 30, recommended_action: discard.\\\""}\""}""}",duplicate,,,email:luis@tiendalaesquina.example.com,cand_1470c800cfef,,,,,,,,,,,,,,,,,,,,,,,,,,,,,,,,,,,,,,,,,,,,,,,,,,,,,,,,,,,,,,,,,,,,,,,
,Nova Cyber Advisors,https://novacyber.example.com,Martin Silva,Sales Director,martin@novacyber.example.com,Colombia,Cybersecurity,,,,,,,batch_c9396ac21c09,generic,,,,,,,,,,,cand_77abcc47aef5,,,novacyber.example.com,,,,,,,"{""source_provider"": ""generic"", ""raw_data_json"": ""{\""source_provider\"": \""generic\"", \""raw_data_json\"": \""{\\\""lead_id\\\"": \\\""cand_87e73f1427bf\\\"", \\\""source\\\"": \\\""generic\\\"", \\\""action\\\"": \\\""research_and_draft\\\"", \\\""status\\\"": \\\""insufficient_data\\\"", \\\""approved\\\"": \\\""false\\\"", \\\""revision_count\\\"": \\\""0\\\"", \\\""export_ready\\\"": \\\""false\\\"", \\\""agent_note\\\"": \\\""Enrichment complete. Status: insufficient_data, confidence: 30, recommended_action: discard.\\\""}\""}""}",duplicate,,,email:martin@novacyber.example.com,cand_11153cac7c2a,,,,,,,,,,,,,,,,,,,,,,,,,,,,,,,,,,,,,,,,,,,,,,,,,,,,,,,,,,,,,,,,,,,,,,,
,Tienda La Esquina,,Luis Perez,Owner,luis@tiendalaesquina.example.com,Peru,Retail,,,,,,,batch_c9396ac21c09,generic,,,,,,,,,,,cand_c689cf698cdd,,,tiendalaesquina.example.com,,,,,,,"{""source_provider"": ""generic"", ""raw_data_json"": ""{\""lead_id\"": \""cand_35decadb470b\"", \""source\"": \""generic\"", \""action\"": \""research_and_draft\"", \""status\"": \""insufficient_data\"", \""approved\"": \""false\"", \""revision_count\"": \""0\"", \""export_ready\"": \""false\"", \""agent_note\"": \""Enrichment complete. Status: insufficient_data, confidence: 30, recommended_action: discard.\""}""}",duplicate,,,email:luis@tiendalaesquina.example.com,cand_1470c800cfef,,,,,,,,,,,,,,,,,,,,,,,,,,,,,,,,,,,,,,,,,,,,,,,,,,,,,,,,,,,,,,,,,,,,,,,
,Nova Cyber Advisors,https://novacyber.example.com,Martin Silva,Sales Director,martin@novacyber.example.com,Colombia,Cybersecurity,,,,,,,batch_c9396ac21c09,generic,,,,,,,,,,,cand_9f52b4405054,,,novacyber.example.com,,,,,,,"{""source_provider"": ""generic"", ""raw_data_json"": ""{\""lead_id\"": \""cand_87e73f1427bf\"", \""source\"": \""generic\"", \""action\"": \""research_and_draft\"", \""status\"": \""insufficient_data\"", \""approved\"": \""false\"", \""revision_count\"": \""0\"", \""export_ready\"": \""false\"", \""agent_note\"": \""Enrichment complete. Status: insufficient_data, confidence: 30, recommended_action: discard.\""}""}",duplicate,,,email:martin@novacyber.example.com,cand_11153cac7c2a,,,,,,,,,,,,,,,,,,,,,,,,,,,,,,,,,,,,,,,,,,,,,,,,,,,,,,,,,,,,,,,,,,,,,,,
,Tienda La Esquina,,Luis Perez,Owner,luis@tiendalaesquina.example.com,Peru,Retail,,,,,,,batch_c9396ac21c09,generic,,,,,,,,,,,cand_c8bf633beb00,,,tiendalaesquina.example.com,,,,,,,"{""lead_id"": ""cand_35decadb470b"", ""source"": ""generic"", ""action"": ""research_and_draft"", ""status"": ""insufficient_data"", ""approved"": ""false"", ""revision_count"": ""0"", ""export_ready"": ""false"", ""agent_note"": ""Enrichment complete. Status: insufficient_data, confidence: 30, recommended_action: discard.""}",duplicate,,,email:luis@tiendalaesquina.example.com,cand_1470c800cfef,,,,,,,,,,,,,,,,,,,,,,,,,,,,,,,,,,,,,,,,,,,,,,,,,,,,,,,,,,,,,,,,,,,,,,,
,Nova Cyber Advisors,https://novacyber.example.com,Martin Silva,Sales Director,martin@novacyber.example.com,Colombia,Cybersecurity,,,,,,,batch_c9396ac21c09,generic,,,,,,,,,,,cand_d7b719dfe048,,,novacyber.example.com,,,,,,,"{""lead_id"": ""cand_87e73f1427bf"", ""source"": ""generic"", ""action"": ""research_and_draft"", ""status"": ""insufficient_data"", ""approved"": ""false"", ""revision_count"": ""0"", ""export_ready"": ""false"", ""agent_note"": ""Enrichment complete. Status: insufficient_data, confidence: 30, recommended_action: discard.""}",duplicate,,,email:martin@novacyber.example.com,cand_11153cac7c2a,,,,,,,,,,,,,,,,,,,,,,,,,,,,,,,,,,,,,,,,,,,,,,,,,,,,,,,,,,,,,,,,,,,,,,,
,Tienda La Esquina,,Luis Perez,Owner,luis@tiendalaesquina.example.com,Peru,Retail,,,,,,,batch_c9396ac21c09,generic,,,,,,,,,,,cand_00d34542042e,,,tiendalaesquina.example.com,,,,,,,"{""source_provider"": ""generic"", ""raw_data_json"": ""{\""lead_id\"": \""lead_weak_001\"", \""source\"": \""manual\"", \""manual_context\"": \""Negocio local B2C sin senales claras de venta consultiva B2B.\"", \""action\"": \""research_and_draft\"", \""status\"": \""new\"", \""approved\"": \""false\""}""}",duplicate,,,email:luis@tiendalaesquina.example.com,cand_1470c800cfef,,,,,,,,,,,,,,,,,,,,,,,,,,,,,,,,,,,,,,,,,,,,,,,,,,,,,,,,,,,,,,,,,,,,,,,
,Nova Cyber Advisors,https://novacyber.example.com,Martin Silva,Sales Director,martin@novacyber.example.com,Colombia,Cybersecurity,,,,,,,batch_c9396ac21c09,generic,,,,,,,,,,,cand_312e17ffe864,,,novacyber.example.com,,,,,,,"{""source_provider"": ""generic"", ""raw_data_json"": ""{\""lead_id\"": \""lead_revision_001\"", \""source\"": \""manual\"", \""manual_context\"": \""Firma de ciberseguridad con servicios para empresas medianas. Draft previo demasiado generico.\"", \""action\"": \""revise\"", \""status\"": \""drafted\"", \""approved\"": \""false\"", \""revision_instruction\"": \""Hazlo mas directo y menciona trazabilidad de evidencia.\""}""}",duplicate,,,email:martin@novacyber.example.com,cand_11153cac7c2a,,,,,,,,,,,,,,,,,,,,,,,,,,,,,,,,,,,,,,,,,,,,,,,,,,,,,,,,,,,,,,,,,,,,,,,
,Tienda La Esquina,,Luis Perez,Owner,luis@tiendalaesquina.example.com,Peru,Retail,,,,,,,batch_c9396ac21c09,generic,,,,,,,,,,,cand_35decadb470b,,,tiendalaesquina.example.com,,,,,,,"{""source_provider"": ""generic"", ""raw_data_json"": ""{\""source_provider\"": \""generic\"", \""raw_data_json\"": \""{\\\""lead_id\\\"": \\\""lead_weak_001\\\"", \\\""source\\\"": \\\""manual\\\"", \\\""manual_context\\\"": \\\""Negocio local B2C sin senales claras de venta consultiva B2B.\\\"", \\\""action\\\"": \\\""research_and_draft\\\"", \\\""status\\\"": \\\""new\\\"", \\\""approved\\\"": \\\""false\\\""}\""}""}",duplicate,,,email:luis@tiendalaesquina.example.com,cand_1470c800cfef,,,,,,,,,,,,,,,,,,,,,,,,,,,,,,,,,,,,,,,,,,,,,,,,,,,,,,,,,,,,,,,,,,,,,,,
,Nova Cyber Advisors,https://novacyber.example.com,Martin Silva,Sales Director,martin@novacyber.example.com,Colombia,Cybersecurity,,,,,,,batch_c9396ac21c09,generic,,,,,,,,,,,cand_87e73f1427bf,,,novacyber.example.com,,,,,,,"{""source_provider"": ""generic"", ""raw_data_json"": ""{\""source_provider\"": \""generic\"", \""raw_data_json\"": \""{\\\""lead_id\\\"": \\\""lead_revision_001\\\"", \\\""source\\\"": \\\""manual\\\"", \\\""manual_context\\\"": \\\""Firma de ciberseguridad con servicios para empresas medianas. Draft previo demasiado generico.\\\"", \\\""action\\\"": \\\""revise\\\"", \\\""status\\\"": \\\""drafted\\\"", \\\""approved\\\"": \\\""false\\\"", \\\""revision_instruction\\\"": \\\""Hazlo mas directo y menciona trazabilidad de evidencia.\\\""}\""}""}",duplicate,,,email:martin@novacyber.example.com,cand_11153cac7c2a,,,,,,,,,,,,,,,,,,,,,,,,,,,,,,,,,,,,,,,,,,,,,,,,,,,,,,,,,,,,,,,,,,,,,,,
,Tienda La Esquina,,Luis Perez,Owner,luis@tiendalaesquina.example.com,Peru,Retail,,,,,,,batch_c9396ac21c09,generic,,,,,,,,,,,cand_5b8b75a0fffc,,,tiendalaesquina.example.com,,,,,,,"{""source_provider"": ""generic"", ""raw_data_json"": ""{\""lead_id\"": \""cand_35decadb470b\"", \""source\"": \""generic\"", \""action\"": \""research_and_draft\"", \""status\"": \""discard\"", \""approved\"": \""false\"", \""revision_count\"": \""0\"", \""export_ready\"": \""false\"", \""agent_note\"": \""Enrichment recommended discard. No draft generated.\""}""}",duplicate,,,email:luis@tiendalaesquina.example.com,cand_1470c800cfef,,,,,,,,,,,,,,,,,,,,,,,,,,,,,,,,,,,,,,,,,,,,,,,,,,,,,,,,,,,,,,,,,,,,,,,
,Nova Cyber Advisors,https://novacyber.example.com,Martin Silva,Sales Director,martin@novacyber.example.com,Colombia,Cybersecurity,,,,,,,batch_c9396ac21c09,generic,,,,,,,,,,,cand_b13535079bfc,,,novacyber.example.com,,,,,,,"{""source_provider"": ""generic"", ""raw_data_json"": ""{\""lead_id\"": \""cand_87e73f1427bf\"", \""source\"": \""generic\"", \""action\"": \""research_and_draft\"", \""status\"": \""discard\"", \""approved\"": \""false\"", \""revision_count\"": \""0\"", \""export_ready\"": \""false\"", \""agent_note\"": \""Enrichment recommended discard. No draft generated.\""}""}",duplicate,,,email:martin@novacyber.example.com,cand_11153cac7c2a,,,,,,,,,,,,,,,,,,,,,,,,,,,,,,,,,,,,,,,,,,,,,,,,,,,,,,,,,,,,,,,,,,,,,,,
,Tienda La Esquina,,Luis Perez,Owner,luis@tiendalaesquina.example.com,Peru,Retail,,,,,,,batch_c9396ac21c09,generic,,,,,,,,,,,cand_e94e83e9d868,,,tiendalaesquina.example.com,,,,,,,"{""source_provider"": ""generic"", ""raw_data_json"": ""{\""source_provider\"": \""generic\"", \""raw_data_json\"": \""{\\\""lead_id\\\"": \\\""lead_weak_001\\\"", \\\""source\\\"": \\\""manual\\\"", \\\""manual_context\\\"": \\\""Negocio local B2C sin senales claras de venta consultiva B2B.\\\"", \\\""action\\\"": \\\""research_and_draft\\\"", \\\""status\\\"": \\\""new\\\"", \\\""approved\\\"": \\\""false\\\""}\""}""}",duplicate,,,email:luis@tiendalaesquina.example.com,cand_1470c800cfef,,,,,,,,,,,,,,,,,,,,,,,,,,,,,,,,,,,,,,,,,,,,,,,,,,,,,,,,,,,,,,,,,,,,,,,
,Nova Cyber Advisors,https://novacyber.example.com,Martin Silva,Sales Director,martin@novacyber.example.com,Colombia,Cybersecurity,,,,,,,batch_c9396ac21c09,generic,,,,,,,,,,,cand_7c190f3f0b72,,,novacyber.example.com,,,,,,,"{""source_provider"": ""generic"", ""raw_data_json"": ""{\""source_provider\"": \""generic\"", \""raw_data_json\"": \""{\\\""lead_id\\\"": \\\""lead_revision_001\\\"", \\\""source\\\"": \\\""manual\\\"", \\\""manual_context\\\"": \\\""Firma de ciberseguridad con servicios para empresas medianas. Draft previo demasiado generico.\\\"", \\\""action\\\"": \\\""revise\\\"", \\\""status\\\"": \\\""drafted\\\"", \\\""approved\\\"": \\\""false\\\"", \\\""revision_instruction\\\"": \\\""Hazlo mas directo y menciona trazabilidad de evidencia.\\\""}\""}""}",duplicate,,,email:martin@novacyber.example.com,cand_11153cac7c2a,,,,,,,,,,,,,,,,,,,,,,,,,,,,,,,,,,,,,,,,,,,,,,,,,,,,,,,,,,,,,,,,,,,,,,,
,Tienda La Esquina,,Luis Perez,Owner,luis@tiendalaesquina.example.com,Peru,Retail,,,,,,,batch_c9396ac21c09,generic,,,,,,,,,,,cand_35decadb470b,,,tiendalaesquina.example.com,,,,,,,"{""source_provider"": ""generic"", ""raw_data_json"": ""{\""source_provider\"": \""generic\"", \""raw_data_json\"": \""{\\\""source_provider\\\"": \\\""generic\\\"", \\\""raw_data_json\\\"": \\\""{\\\\\\\""lead_id\\\\\\\"": \\\\\\\""lead_weak_001\\\\\\\"", \\\\\\\""source\\\\\\\"": \\\\\\\""manual\\\\\\\"", \\\\\\\""manual_context\\\\\\\"": \\\\\\\""Negocio local B2C sin senales claras de venta consultiva B2B.\\\\\\\"", \\\\\\\""action\\\\\\\"": \\\\\\\""research_and_draft\\\\\\\"", \\\\\\\""status\\\\\\\"": \\\\\\\""new\\\\\\\"", \\\\\\\""approved\\\\\\\"": \\\\\\\""false\\\\\\\""}\\\""}\""}""}",duplicate,,,email:luis@tiendalaesquina.example.com,cand_1470c800cfef,,,,,,,,,,,,,,,,,,,,,,,,,,,,,,,,,,,,,,,,,,,,,,,,,,,,,,,,,,,,,,,,,,,,,,,
,Nova Cyber Advisors,https://novacyber.example.com,Martin Silva,Sales Director,martin@novacyber.example.com,Colombia,Cybersecurity,,,,,,,batch_c9396ac21c09,generic,,,,,,,,,,,cand_87e73f1427bf,,,novacyber.example.com,,,,,,,"{""source_provider"": ""generic"", ""raw_data_json"": ""{\""source_provider\"": \""generic\"", \""raw_data_json\"": \""{\\\""source_provider\\\"": \\\""generic\\\"", \\\""raw_data_json\\\"": \\\""{\\\\\\\""lead_id\\\\\\\"": \\\\\\\""lead_revision_001\\\\\\\"", \\\\\\\""source\\\\\\\"": \\\\\\\""manual\\\\\\\"", \\\\\\\""manual_context\\\\\\\"": \\\\\\\""Firma de ciberseguridad con servicios para empresas medianas. Draft previo demasiado generico.\\\\\\\"", \\\\\\\""action\\\\\\\"": \\\\\\\""revise\\\\\\\"", \\\\\\\""status\\\\\\\"": \\\\\\\""drafted\\\\\\\"", \\\\\\\""approved\\\\\\\"": \\\\\\\""false\\\\\\\"", \\\\\\\""revision_instruction\\\\\\\"": \\\\\\\""Hazlo mas directo y menciona trazabilidad de evidencia.\\\\\\\""}\\\""}\""}""}",duplicate,,,email:martin@novacyber.example.com,cand_11153cac7c2a,,,,,,,,,,,,,,,,,,,,,,,,,,,,,,,,,,,,,,,,,,,,,,,,,,,,,,,,,,,,,,,,,,,,,,,
,Tienda La Esquina,,Luis Perez,Owner,luis@tiendalaesquina.example.com,Peru,Retail,,,,,,,batch_c9396ac21c09,generic,,,,,,,,,,,cand_6c6b32d8d428,,,tiendalaesquina.example.com,,,,,,,"{""source_provider"": ""generic"", ""raw_data_json"": ""{\""source_provider\"": \""generic\"", \""raw_data_json\"": \""{\\\""lead_id\\\"": \\\""cand_35decadb470b\\\"", \\\""source\\\"": \\\""generic\\\"", \\\""action\\\"": \\\""research_and_draft\\\"", \\\""status\\\"": \\\""discard\\\"", \\\""approved\\\"": \\\""false\\\"", \\\""revision_count\\\"": \\\""0\\\"", \\\""export_ready\\\"": \\\""false\\\"", \\\""agent_note\\\"": \\\""Enrichment recommended discard. No draft generated.\\\""}\""}""}",duplicate,,,email:luis@tiendalaesquina.example.com,cand_1470c800cfef,,,,,,,,,,,,,,,,,,,,,,,,,,,,,,,,,,,,,,,,,,,,,,,,,,,,,,,,,,,,,,,,,,,,,,,
,Nova Cyber Advisors,https://novacyber.example.com,Martin Silva,Sales Director,martin@novacyber.example.com,Colombia,Cybersecurity,,,,,,,batch_c9396ac21c09,generic,,,,,,,,,,,cand_fbfa53bb3252,,,novacyber.example.com,,,,,,,"{""source_provider"": ""generic"", ""raw_data_json"": ""{\""source_provider\"": \""generic\"", \""raw_data_json\"": \""{\\\""lead_id\\\"": \\\""cand_87e73f1427bf\\\"", \\\""source\\\"": \\\""generic\\\"", \\\""action\\\"": \\\""research_and_draft\\\"", \\\""status\\\"": \\\""discard\\\"", \\\""approved\\\"": \\\""false\\\"", \\\""revision_count\\\"": \\\""0\\\"", \\\""export_ready\\\"": \\\""false\\\"", \\\""agent_note\\\"": \\\""Enrichment recommended discard. No draft generated.\\\""}\""}""}",duplicate,,,email:martin@novacyber.example.com,cand_11153cac7c2a,,,,,,,,,,,,,,,,,,,,,,,,,,,,,,,,,,,,,,,,,,,,,,,,,,,,,,,,,,,,,,,,,,,,,,,
,Tienda La Esquina,,Luis Perez,Owner,luis@tiendalaesquina.example.com,Peru,Retail,,,,,,,batch_c9396ac21c09,generic,,,,,,,,,,,cand_7c7c23133b9c,,,tiendalaesquina.example.com,,,,,,,"{""source_provider"": ""generic"", ""raw_data_json"": ""{\""lead_id\"": \""cand_35decadb470b\"", \""source\"": \""generic\"", \""action\"": \""research_and_draft\"", \""status\"": \""insufficient_data\"", \""approved\"": \""false\"", \""revision_count\"": \""0\"", \""export_ready\"": \""false\"", \""agent_note\"": \""Enrichment complete. Status: insufficient_data, confidence: 30, recommended_action: discard.\""}""}",duplicate,,,email:luis@tiendalaesquina.example.com,cand_1470c800cfef,,,,,,,,,,,,,,,,,,,,,,,,,,,,,,,,,,,,,,,,,,,,,,,,,,,,,,,,,,,,,,,,,,,,,,,
,Nova Cyber Advisors,https://novacyber.example.com,Martin Silva,Sales Director,martin@novacyber.example.com,Colombia,Cybersecurity,,,,,,,batch_c9396ac21c09,generic,,,,,,,,,,,cand_4c5bef35d058,,,novacyber.example.com,,,,,,,"{""source_provider"": ""generic"", ""raw_data_json"": ""{\""lead_id\"": \""cand_87e73f1427bf\"", \""source\"": \""generic\"", \""action\"": \""research_and_draft\"", \""status\"": \""insufficient_data\"", \""approved\"": \""false\"", \""revision_count\"": \""0\"", \""export_ready\"": \""false\"", \""agent_note\"": \""Enrichment complete. Status: insufficient_data, confidence: 30, recommended_action: discard.\""}""}",duplicate,,,email:martin@novacyber.example.com,cand_11153cac7c2a,,,,,,,,,,,,,,,,,,,,,,,,,,,,,,,,,,,,,,,,,,,,,,,,,,,,,,,,,,,,,,,,,,,,,,,
,Tienda La Esquina,,Luis Perez,Owner,luis@tiendalaesquina.example.com,Peru,Retail,,,,,,,batch_c9396ac21c09,generic,,,,,,,,,,,cand_645e73e151c6,,,tiendalaesquina.example.com,,,,,,,"{""source_provider"": ""generic"", ""raw_data_json"": ""{\""source_provider\"": \""generic\"", \""raw_data_json\"": \""{\\\""lead_id\\\"": \\\""lead_weak_001\\\"", \\\""source\\\"": \\\""manual\\\"", \\\""manual_context\\\"": \\\""Negocio local B2C sin senales claras de venta consultiva B2B.\\\"", \\\""action\\\"": \\\""research_and_draft\\\"", \\\""status\\\"": \\\""new\\\"", \\\""approved\\\"": \\\""false\\\""}\""}""}",duplicate,,,email:luis@tiendalaesquina.example.com,cand_1470c800cfef,,,,,,,,,,,,,,,,,,,,,,,,,,,,,,,,,,,,,,,,,,,,,,,,,,,,,,,,,,,,,,,,,,,,,,,
,Nova Cyber Advisors,https://novacyber.example.com,Martin Silva,Sales Director,martin@novacyber.example.com,Colombia,Cybersecurity,,,,,,,batch_c9396ac21c09,generic,,,,,,,,,,,cand_51d2cbd0d029,,,novacyber.example.com,,,,,,,"{""source_provider"": ""generic"", ""raw_data_json"": ""{\""source_provider\"": \""generic\"", \""raw_data_json\"": \""{\\\""lead_id\\\"": \\\""lead_revision_001\\\"", \\\""source\\\"": \\\""manual\\\"", \\\""manual_context\\\"": \\\""Firma de ciberseguridad con servicios para empresas medianas. Draft previo demasiado generico.\\\"", \\\""action\\\"": \\\""revise\\\"", \\\""status\\\"": \\\""drafted\\\"", \\\""approved\\\"": \\\""false\\\"", \\\""revision_instruction\\\"": \\\""Hazlo mas directo y menciona trazabilidad de evidencia.\\\""}\""}""}",duplicate,,,email:martin@novacyber.example.com,cand_11153cac7c2a,,,,,,,,,,,,,,,,,,,,,,,,,,,,,,,,,,,,,,,,,,,,,,,,,,,,,,,,,,,,,,,,,,,,,,,
,Tienda La Esquina,,Luis Perez,Owner,luis@tiendalaesquina.example.com,Peru,Retail,,,,,,,batch_c9396ac21c09,generic,,,,,,,,,,,cand_35decadb470b,,,tiendalaesquina.example.com,,,,,,,"{""source_provider"": ""generic"", ""raw_data_json"": ""{\""source_provider\"": \""generic\"", \""raw_data_json\"": \""{\\\""source_provider\\\"": \\\""generic\\\"", \\\""raw_data_json\\\"": \\\""{\\\\\\\""lead_id\\\\\\\"": \\\\\\\""lead_weak_001\\\\\\\"", \\\\\\\""source\\\\\\\"": \\\\\\\""manual\\\\\\\"", \\\\\\\""manual_context\\\\\\\"": \\\\\\\""Negocio local B2C sin senales claras de venta consultiva B2B.\\\\\\\"", \\\\\\\""action\\\\\\\"": \\\\\\\""research_and_draft\\\\\\\"", \\\\\\\""status\\\\\\\"": \\\\\\\""new\\\\\\\"", \\\\\\\""approved\\\\\\\"": \\\\\\\""false\\\\\\\""}\\\""}\""}""}",duplicate,,,email:luis@tiendalaesquina.example.com,cand_1470c800cfef,,,,,,,,,,,,,,,,,,,,,,,,,,,,,,,,,,,,,,,,,,,,,,,,,,,,,,,,,,,,,,,,,,,,,,,
,Nova Cyber Advisors,https://novacyber.example.com,Martin Silva,Sales Director,martin@novacyber.example.com,Colombia,Cybersecurity,,,,,,,batch_c9396ac21c09,generic,,,,,,,,,,,cand_87e73f1427bf,,,novacyber.example.com,,,,,,,"{""source_provider"": ""generic"", ""raw_data_json"": ""{\""source_provider\"": \""generic\"", \""raw_data_json\"": \""{\\\""source_provider\\\"": \\\""generic\\\"", \\\""raw_data_json\\\"": \\\""{\\\\\\\""lead_id\\\\\\\"": \\\\\\\""lead_revision_001\\\\\\\"", \\\\\\\""source\\\\\\\"": \\\\\\\""manual\\\\\\\"", \\\\\\\""manual_context\\\\\\\"": \\\\\\\""Firma de ciberseguridad con servicios para empresas medianas. Draft previo demasiado generico.\\\\\\\"", \\\\\\\""action\\\\\\\"": \\\\\\\""revise\\\\\\\"", \\\\\\\""status\\\\\\\"": \\\\\\\""drafted\\\\\\\"", \\\\\\\""approved\\\\\\\"": \\\\\\\""false\\\\\\\"", \\\\\\\""revision_instruction\\\\\\\"": \\\\\\\""Hazlo mas directo y menciona trazabilidad de evidencia.\\\\\\\""}\\\""}\""}""}",duplicate,,,email:martin@novacyber.example.com,cand_11153cac7c2a,,,,,,,,,,,,,,,,,,,,,,,,,,,,,,,,,,,,,,,,,,,,,,,,,,,,,,,,,,,,,,,,,,,,,,,
,Tienda La Esquina,,Luis Perez,Owner,luis@tiendalaesquina.example.com,Peru,Retail,,,,,,,batch_c9396ac21c09,generic,,,,,,,,,,,cand_3993f593326f,,,tiendalaesquina.example.com,,,,,,,"{""source_provider"": ""generic"", ""raw_data_json"": ""{\""source_provider\"": \""generic\"", \""raw_data_json\"": \""{\\\""lead_id\\\"": \\\""cand_35decadb470b\\\"", \\\""source\\\"": \\\""generic\\\"", \\\""action\\\"": \\\""research_and_draft\\\"", \\\""status\\\"": \\\""discard\\\"", \\\""approved\\\"": \\\""false\\\"", \\\""revision_count\\\"": \\\""0\\\"", \\\""export_ready\\\"": \\\""false\\\"", \\\""agent_note\\\"": \\\""Enrichment recommended discard. No draft generated.\\\""}\""}""}",duplicate,,,email:luis@tiendalaesquina.example.com,cand_1470c800cfef,,,,,,,,,,,,,,,,,,,,,,,,,,,,,,,,,,,,,,,,,,,,,,,,,,,,,,,,,,,,,,,,,,,,,,,
,Nova Cyber Advisors,https://novacyber.example.com,Martin Silva,Sales Director,martin@novacyber.example.com,Colombia,Cybersecurity,,,,,,,batch_c9396ac21c09,generic,,,,,,,,,,,cand_014e30539043,,,novacyber.example.com,,,,,,,"{""source_provider"": ""generic"", ""raw_data_json"": ""{\""source_provider\"": \""generic\"", \""raw_data_json\"": \""{\\\""lead_id\\\"": \\\""cand_87e73f1427bf\\\"", \\\""source\\\"": \\\""generic\\\"", \\\""action\\\"": \\\""research_and_draft\\\"", \\\""status\\\"": \\\""discard\\\"", \\\""approved\\\"": \\\""false\\\"", \\\""revision_count\\\"": \\\""0\\\"", \\\""export_ready\\\"": \\\""false\\\"", \\\""agent_note\\\"": \\\""Enrichment recommended discard. No draft generated.\\\""}\""}""}",duplicate,,,email:martin@novacyber.example.com,cand_11153cac7c2a,,,,,,,,,,,,,,,,,,,,,,,,,,,,,,,,,,,,,,,,,,,,,,,,,,,,,,,,,,,,,,,,,,,,,,,
,Tienda La Esquina,,Luis Perez,Owner,luis@tiendalaesquina.example.com,Peru,Retail,,,,,,,batch_c9396ac21c09,generic,,,,,,,,,,,cand_e94e83e9d868,,,tiendalaesquina.example.com,,,,,,,"{""source_provider"": ""generic"", ""raw_data_json"": ""{\""source_provider\"": \""generic\"", \""raw_data_json\"": \""{\\\""source_provider\\\"": \\\""generic\\\"", \\\""raw_data_json\\\"": \\\""{\\\\\\\""lead_id\\\\\\\"": \\\\\\\""lead_weak_001\\\\\\\"", \\\\\\\""source\\\\\\\"": \\\\\\\""manual\\\\\\\"", \\\\\\\""manual_context\\\\\\\"": \\\\\\\""Negocio local B2C sin senales claras de venta consultiva B2B.\\\\\\\"", \\\\\\\""action\\\\\\\"": \\\\\\\""research_and_draft\\\\\\\"", \\\\\\\""status\\\\\\\"": \\\\\\\""new\\\\\\\"", \\\\\\\""approved\\\\\\\"": \\\\\\\""false\\\\\\\""}\\\""}\""}""}",duplicate,,,email:luis@tiendalaesquina.example.com,cand_1470c800cfef,,,,,,,,,,,,,,,,,,,,,,,,,,,,,,,,,,,,,,,,,,,,,,,,,,,,,,,,,,,,,,,,,,,,,,,
,Nova Cyber Advisors,https://novacyber.example.com,Martin Silva,Sales Director,martin@novacyber.example.com,Colombia,Cybersecurity,,,,,,,batch_c9396ac21c09,generic,,,,,,,,,,,cand_7c190f3f0b72,,,novacyber.example.com,,,,,,,"{""source_provider"": ""generic"", ""raw_data_json"": ""{\""source_provider\"": \""generic\"", \""raw_data_json\"": \""{\\\""source_provider\\\"": \\\""generic\\\"", \\\""raw_data_json\\\"": \\\""{\\\\\\\""lead_id\\\\\\\"": \\\\\\\""lead_revision_001\\\\\\\"", \\\\\\\""source\\\\\\\"": \\\\\\\""manual\\\\\\\"", \\\\\\\""manual_context\\\\\\\"": \\\\\\\""Firma de ciberseguridad con servicios para empresas medianas. Draft previo demasiado generico.\\\\\\\"", \\\\\\\""action\\\\\\\"": \\\\\\\""revise\\\\\\\"", \\\\\\\""status\\\\\\\"": \\\\\\\""drafted\\\\\\\"", \\\\\\\""approved\\\\\\\"": \\\\\\\""false\\\\\\\"", \\\\\\\""revision_instruction\\\\\\\"": \\\\\\\""Hazlo mas directo y menciona trazabilidad de evidencia.\\\\\\\""}\\\""}\""}""}",duplicate,,,email:martin@novacyber.example.com,cand_11153cac7c2a,,,,,,,,,,,,,,,,,,,,,,,,,,,,,,,,,,,,,,,,,,,,,,,,,,,,,,,,,,,,,,,,,,,,,,,
,Tienda La Esquina,,Luis Perez,Owner,luis@tiendalaesquina.example.com,Peru,Retail,,,,,,,batch_c9396ac21c09,generic,,,,,,,,,,,cand_35decadb470b,,,tiendalaesquina.example.com,,,,,,,"{""source_provider"": ""generic"", ""raw_data_json"": ""{\""source_provider\"": \""generic\"", \""raw_data_json\"": \""{\\\""source_provider\\\"": \\\""generic\\\"", \\\""raw_data_json\\\"": \\\""{\\\\\\\""source_provider\\\\\\\"": \\\\\\\""generic\\\\\\\"", \\\\\\\""raw_data_json\\\\\\\"": \\\\\\\""{\\\\\\\\\\\\\\\""lead_id\\\\\\\\\\\\\\\"": \\\\\\\\\\\\\\\""lead_weak_001\\\\\\\\\\\\\\\"", \\\\\\\\\\\\\\\""source\\\\\\\\\\\\\\\"": \\\\\\\\\\\\\\\""manual\\\\\\\\\\\\\\\"", \\\\\\\\\\\\\\\""manual_context\\\\\\\\\\\\\\\"": \\\\\\\\\\\\\\\""Negocio local B2C sin senales claras de venta consultiva B2B.\\\\\\\\\\\\\\\"", \\\\\\\\\\\\\\\""action\\\\\\\\\\\\\\\"": \\\\\\\\\\\\\\\""research_and_draft\\\\\\\\\\\\\\\"", \\\\\\\\\\\\\\\""status\\\\\\\\\\\\\\\"": \\\\\\\\\\\\\\\""new\\\\\\\\\\\\\\\"", \\\\\\\\\\\\\\\""approved\\\\\\\\\\\\\\\"": \\\\\\\\\\\\\\\""false\\\\\\\\\\\\\\\""}\\\\\\\""}\\\""}\""}""}",duplicate,,,email:luis@tiendalaesquina.example.com,cand_1470c800cfef,,,,,,,,,,,,,,,,,,,,,,,,,,,,,,,,,,,,,,,,,,,,,,,,,,,,,,,,,,,,,,,,,,,,,,,
,Nova Cyber Advisors,https://novacyber.example.com,Martin Silva,Sales Director,martin@novacyber.example.com,Colombia,Cybersecurity,,,,,,,batch_c9396ac21c09,generic,,,,,,,,,,,cand_87e73f1427bf,,,novacyber.example.com,,,,,,,"{""source_provider"": ""generic"", ""raw_data_json"": ""{\""source_provider\"": \""generic\"", \""raw_data_json\"": \""{\\\""source_provider\\\"": \\\""generic\\\"", \\\""raw_data_json\\\"": \\\""{\\\\\\\""source_provider\\\\\\\"": \\\\\\\""generic\\\\\\\"", \\\\\\\""raw_data_json\\\\\\\"": \\\\\\\""{\\\\\\\\\\\\\\\""lead_id\\\\\\\\\\\\\\\"": \\\\\\\\\\\\\\\""lead_revision_001\\\\\\\\\\\\\\\"", \\\\\\\\\\\\\\\""source\\\\\\\\\\\\\\\"": \\\\\\\\\\\\\\\""manual\\\\\\\\\\\\\\\"", \\\\\\\\\\\\\\\""manual_context\\\\\\\\\\\\\\\"": \\\\\\\\\\\\\\\""Firma de ciberseguridad con servicios para empresas medianas. Draft previo demasiado generico.\\\\\\\\\\\\\\\"", \\\\\\\\\\\\\\\""action\\\\\\\\\\\\\\\"": \\\\\\\\\\\\\\\""revise\\\\\\\\\\\\\\\"", \\\\\\\\\\\\\\\""status\\\\\\\\\\\\\\\"": \\\\\\\\\\\\\\\""drafted\\\\\\\\\\\\\\\"", \\\\\\\\\\\\\\\""approved\\\\\\\\\\\\\\\"": \\\\\\\\\\\\\\\""false\\\\\\\\\\\\\\\"", \\\\\\\\\\\\\\\""revision_instruction\\\\\\\\\\\\\\\"": \\\\\\\\\\\\\\\""Hazlo mas directo y menciona trazabilidad de evidencia.\\\\\\\\\\\\\\\""}\\\\\\\""}\\\""}\""}""}",duplicate,,,email:martin@novacyber.example.com,cand_11153cac7c2a,,,,,,,,,,,,,,,,,,,,,,,,,,,,,,,,,,,,,,,,,,,,,,,,,,,,,,,,,,,,,,,,,,,,,,,
,Tienda La Esquina,,Luis Perez,Owner,luis@tiendalaesquina.example.com,Peru,Retail,,,,,,,batch_c9396ac21c09,generic,,,,,,,,,,,cand_6c6b32d8d428,,,tiendalaesquina.example.com,,,,,,,"{""source_provider"": ""generic"", ""raw_data_json"": ""{\""source_provider\"": \""generic\"", \""raw_data_json\"": \""{\\\""source_provider\\\"": \\\""generic\\\"", \\\""raw_data_json\\\"": \\\""{\\\\\\\""lead_id\\\\\\\"": \\\\\\\""cand_35decadb470b\\\\\\\"", \\\\\\\""source\\\\\\\"": \\\\\\\""generic\\\\\\\"", \\\\\\\""action\\\\\\\"": \\\\\\\""research_and_draft\\\\\\\"", \\\\\\\""status\\\\\\\"": \\\\\\\""discard\\\\\\\"", \\\\\\\""approved\\\\\\\"": \\\\\\\""false\\\\\\\"", \\\\\\\""revision_count\\\\\\\"": \\\\\\\""0\\\\\\\"", \\\\\\\""export_ready\\\\\\\"": \\\\\\\""false\\\\\\\"", \\\\\\\""agent_note\\\\\\\"": \\\\\\\""Enrichment recommended discard. No draft generated.\\\\\\\""}\\\""}\""}""}",duplicate,,,email:luis@tiendalaesquina.example.com,cand_1470c800cfef,,,,,,,,,,,,,,,,,,,,,,,,,,,,,,,,,,,,,,,,,,,,,,,,,,,,,,,,,,,,,,,,,,,,,,,
,Nova Cyber Advisors,https://novacyber.example.com,Martin Silva,Sales Director,martin@novacyber.example.com,Colombia,Cybersecurity,,,,,,,batch_c9396ac21c09,generic,,,,,,,,,,,cand_fbfa53bb3252,,,novacyber.example.com,,,,,,,"{""source_provider"": ""generic"", ""raw_data_json"": ""{\""source_provider\"": \""generic\"", \""raw_data_json\"": \""{\\\""source_provider\\\"": \\\""generic\\\"", \\\""raw_data_json\\\"": \\\""{\\\\\\\""lead_id\\\\\\\"": \\\\\\\""cand_87e73f1427bf\\\\\\\"", \\\\\\\""source\\\\\\\"": \\\\\\\""generic\\\\\\\"", \\\\\\\""action\\\\\\\"": \\\\\\\""research_and_draft\\\\\\\"", \\\\\\\""status\\\\\\\"": \\\\\\\""discard\\\\\\\"", \\\\\\\""approved\\\\\\\"": \\\\\\\""false\\\\\\\"", \\\\\\\""revision_count\\\\\\\"": \\\\\\\""0\\\\\\\"", \\\\\\\""export_ready\\\\\\\"": \\\\\\\""false\\\\\\\"", \\\\\\\""agent_note\\\\\\\"": \\\\\\\""Enrichment recommended discard. No draft generated.\\\\\\\""}\\\""}\""}""}",duplicate,,,email:martin@novacyber.example.com,cand_11153cac7c2a,,,,,,,,,,,,,,,,,,,,,,,,,,,,,,,,,,,,,,,,,,,,,,,,,,,,,,,,,,,,,,,,,,,,,,,
,,,,,,,,,,,completed_with_errors,,,batch_da647320dc82,generic,csv,CSV Import Temp,,2026-05-14T23:50:09.723456+00:00,225,1,217,0,7,"1 validation error for SourceCandidate
company_name
  Field required [type=missing, input_value={'company_website': 'http...': 'batch_da647320dc82'}, input_type=dict]
    For further information visit https://errors.pydantic.dev/2.13/v/missing; 1 validation error for SourceCandidate
company_name
  Field required [type=missing, input_value={'import_batch_id': 'batc...0', 'error_count': '1'}}, input_type=dict]
    For further information visit https://errors.pydantic.dev/2.13/v/missing; 1 validation error for SourceCandidate
company_name
  Field required [type=missing, input_value={'import_batch_id': 'batc...0', 'error_count': '2'}}, input_type=dict]
    For further information visit https://errors.pydantic.dev/2.13/v/missing; 1 validation error for SourceCandidate
company_name
  Field required [type=missing, input_value={'import_batch_id': 'batc...0', 'error_count': '3'}}, input_type=dict]
    For further information visit https://errors.pydantic.dev/2.13/v/missing; 1 validation error for SourceCandidate
company_name
  Field required [type=missing, input_value={'import_batch_id': 'batc...0', 'error_count': '4'}}, input_type=dict]
    For further information visit https://errors.pydantic.dev/2.13/v/missing; 1 validation error for SourceCandidate
company_name
  Field required [type=missing, input_value={'import_batch_id': 'batc...0', 'error_count': '5'}}, input_type=dict]
    For further information visit https://errors.pydantic.dev/2.13/v/missing; 1 validation error for SourceCandidate
company_name
  Field required [type=missing, input_value={'import_batch_id': 'batc...0', 'error_count': '6'}}, input_type=dict]
    For further information visit https://errors.pydantic.dev/2.13/v/missing",,,,,,,,,,,,,,,,,,,,,,,,,,,,,,,,,,,,,,,,,,,,,,,,,,,,,,,,,,,,,,,,,,,,,,,,,,,,,,,,,,,,,,,
,Andes ERP Partners,https://andeserp.example.com,Camila Rojas,Founder,camila@andeserp.example.com,Peru,ERP implementation,,,,,,,batch_da647320dc82,generic,,,,,,,,,,,cand_e24f8bc48aac,,,andeserp.example.com,,,,,,,"{""lead_id"": ""lead_good_001"", ""source"": ""manual"", ""manual_context"": ""Consultora B2B de implementacion ERP. El equipo comercial parece pequeno y vende proyectos consultivos."", ""action"": ""research_and_draft"", ""status"": ""insufficient_data"", ""approved"": ""false"", ""agent_note"": ""Enrichment complete. Status: insufficient_data, confidence: 30, recommended_action: discard."", ""enrichment_result"": ""{\""enrichment_id\"": \""enr-lead_good_001\"", \""run_id\"": \""test-run\"", \""lead_id\"": \""lead_good_001\"", \""company_name\"": \""Andes ERP Partners\"", \""company_website\"": \""https://andeserp.example.com\"", \""prospect_name\"": \""Camila Rojas\"", \""prospect_title\"": \""Founder\"", \""enrichment_status\"": \""insufficient_data\"", \""company_summary\"": null, \""b2b_fit\"": null, \""operational_pain_hypothesis\"": null, \""possible_ai_use_case\"": null, \""personalization_angle\"": null, \""trigger_summary\"": null, \""risk_flags\"": [\""insufficient_data\"", \""insufficient_data\"", \""score: 20\"", \""baseline interest\"", \""B2B fit unknown\"", \""country is supported Spanish-speaking ICP\"", \""company website present\"", \""prospect is tier A buyer\"", \""no evidence items\"", \""insufficient data risk flag\"", \""missing evidence reduces confidence\""], \""evidence_count\"": 0, \""evidence_sources\"": null, \""confidence_score\"": 30, \""recommended_action\"": \""discard\"", \""error_message\"": null, \""created_at\"": null, \""finished_at\"": null, \""evidence_items\"": []}""}",needs_review,,,email:camila@andeserp.example.com,,,,,,,,,,,,,,,,,,,,,,,,,,,,,,,,,,,,,,,,,,missing_required_context,"Missing required fields: company_linkedin_url, prospect_linkedin_url, manual_company_linkedin_text, manual_person_linkedin_text",not_evaluated,0,ICP not evaluated until required LinkedIn URLs and pasted LinkedIn content are present.,false,false,,,,,,,,,,,,,,,,,,,,,,,,
,Tienda La Esquina,,Luis Perez,Owner,luis@tiendalaesquina.example.com,Peru,Retail,,,,,,,batch_da647320dc82,generic,,,,,,,,,,,cand_650252ccf623,,,tiendalaesquina.example.com,,,,,,,"{""lead_id"": ""lead_weak_001"", ""source"": ""manual"", ""manual_context"": ""Negocio local B2C sin senales claras de venta consultiva B2B."", ""action"": ""research_and_draft"", ""status"": ""insufficient_data"", ""approved"": ""false"", ""agent_note"": ""Enrichment complete. Status: insufficient_data, confidence: 30, recommended_action: discard."", ""enrichment_result"": ""{\""enrichment_id\"": \""enr-lead_weak_001\"", \""run_id\"": \""test-run\"", \""lead_id\"": \""lead_weak_001\"", \""company_name\"": \""Tienda La Esquina\"", \""company_website\"": null, \""prospect_name\"": \""Luis Perez\"", \""prospect_title\"": \""Owner\"", \""enrichment_status\"": \""insufficient_data\"", \""company_summary\"": null, \""b2b_fit\"": null, \""operational_pain_hypothesis\"": null, \""possible_ai_use_case\"": null, \""personalization_angle\"": null, \""trigger_summary\"": null, \""risk_flags\"": [\""insufficient_data\"", \""insufficient_data\"", \""score: 0\"", \""baseline interest\"", \""B2B fit unknown\"", \""country is supported Spanish-speaking ICP\"", \""no company website\"", \""no evidence items\"", \""insufficient data risk flag\"", \""missing evidence reduces confidence\""], \""evidence_count\"": 0, \""evidence_sources\"": null, \""confidence_score\"": 30, \""recommended_action\"": \""discard\"", \""error_message\"": null, \""created_at\"": null, \""finished_at\"": null, \""evidence_items\"": []}""}",duplicate,,,email:luis@tiendalaesquina.example.com,cand_6c6b32d8d428,,,,,,,,,,,,,,,,,,,,,,,,,,,,,,,,,,,,,,,,,,,,,,false,false,,,,,,,,,,,,,,,,,,,,,,,,
,Nova Cyber Advisors,https://novacyber.example.com,Martin Silva,Sales Director,martin@novacyber.example.com,Colombia,Cybersecurity,,,,,,,batch_da647320dc82,generic,,,,,,,,,,,cand_0506b8c9fb0d,,,novacyber.example.com,,,,,,,"{""lead_id"": ""lead_revision_001"", ""source"": ""manual"", ""manual_context"": ""Firma de ciberseguridad con servicios para empresas medianas. Draft previo demasiado generico."", ""action"": ""revise"", ""status"": ""drafted"", ""approved"": ""false"", ""revision_instruction"": ""Hazlo mas directo y menciona trazabilidad de evidencia.""}",duplicate,,,email:martin@novacyber.example.com,cand_fbfa53bb3252,,,,,,,,,,,,,,,,,,,,,,,,,,,,,,,,,,,,,,,,,,,,,,false,false,,,,,,,,,,,,,,,,,,,,,,,,
,Tienda La Esquina,,Luis Perez,Owner,luis@tiendalaesquina.example.com,Peru,Retail,,,,,,,batch_da647320dc82,generic,,,,,,,,,,,cand_35decadb470b,,,tiendalaesquina.example.com,,,,,,,"{""source_provider"": ""generic"", ""raw_data_json"": ""{\""lead_id\"": \""lead_weak_001\"", \""source\"": \""manual\"", \""manual_context\"": \""Negocio local B2C sin senales claras de venta consultiva B2B.\"", \""action\"": \""research_and_draft\"", \""status\"": \""new\"", \""approved\"": \""false\""}""}",duplicate,,,email:luis@tiendalaesquina.example.com,cand_6c6b32d8d428,,,,,,,,,,,,,,,,,,,,,,,,,,,,,,,,,,,,,,,,,,,,,,false,false,,,,,,,,,,,,,,,,,,,,,,,,
,Nova Cyber Advisors,https://novacyber.example.com,Martin Silva,Sales Director,martin@novacyber.example.com,Colombia,Cybersecurity,,,,,,,batch_da647320dc82,generic,,,,,,,,,,,cand_87e73f1427bf,,,novacyber.example.com,,,,,,,"{""source_provider"": ""generic"", ""raw_data_json"": ""{\""lead_id\"": \""lead_revision_001\"", \""source\"": \""manual\"", \""manual_context\"": \""Firma de ciberseguridad con servicios para empresas medianas. Draft previo demasiado generico.\"", \""action\"": \""revise\"", \""status\"": \""drafted\"", \""approved\"": \""false\"", \""revision_instruction\"": \""Hazlo mas directo y menciona trazabilidad de evidencia.\""}""}",duplicate,,,email:martin@novacyber.example.com,cand_fbfa53bb3252,,,,,,,,,,,,,,,,,,,,,,,,,,,,,,,,,,,,,,,,,,,,,,false,false,,,,,,,,,,,,,,,,,,,,,,,,
,Tienda La Esquina,,Luis Perez,Owner,luis@tiendalaesquina.example.com,Peru,Retail,,,,,,,batch_da647320dc82,generic,,,,,,,,,,,cand_e4e32c911652,,,tiendalaesquina.example.com,,,,,,,"{""lead_id"": ""cand_35decadb470b"", ""source"": ""generic"", ""action"": ""research_and_draft"", ""status"": ""discard"", ""approved"": ""false"", ""revision_count"": ""0"", ""export_ready"": ""false"", ""agent_note"": ""Enrichment recommended discard. No draft generated.""}",duplicate,,,email:luis@tiendalaesquina.example.com,cand_6c6b32d8d428,,,,,,,,,,,,,,,,,,,,,,,,,,,,,,,,,,,,,,,,,,,,,,false,false,,,,,,,,,,,,,,,,,,,,,,,,
,Nova Cyber Advisors,https://novacyber.example.com,Martin Silva,Sales Director,martin@novacyber.example.com,Colombia,Cybersecurity,,,,,,,batch_da647320dc82,generic,,,,,,,,,,,cand_f5e24798bf44,,,novacyber.example.com,,,,,,,"{""lead_id"": ""cand_87e73f1427bf"", ""source"": ""generic"", ""action"": ""research_and_draft"", ""status"": ""discard"", ""approved"": ""false"", ""revision_count"": ""0"", ""export_ready"": ""false"", ""agent_note"": ""Enrichment recommended discard. No draft generated.""}",duplicate,,,email:martin@novacyber.example.com,cand_fbfa53bb3252,,,,,,,,,,,,,,,,,,,,,,,,,,,,,,,,,,,,,,,,,,,,,,false,false,,,,,,,,,,,,,,,,,,,,,,,,
,Tienda La Esquina,,Luis Perez,Owner,luis@tiendalaesquina.example.com,Peru,Retail,,,,,,,batch_da647320dc82,generic,,,,,,,,,,,cand_e94e83e9d868,,,tiendalaesquina.example.com,,,,,,,"{""source_provider"": ""generic"", ""raw_data_json"": ""{\""lead_id\"": \""lead_weak_001\"", \""source\"": \""manual\"", \""manual_context\"": \""Negocio local B2C sin senales claras de venta consultiva B2B.\"", \""action\"": \""research_and_draft\"", \""status\"": \""new\"", \""approved\"": \""false\""}""}",duplicate,,,email:luis@tiendalaesquina.example.com,cand_6c6b32d8d428,,,,,,,,,,,,,,,,,,,,,,,,,,,,,,,,,,,,,,,,,,,,,,false,false,,,,,,,,,,,,,,,,,,,,,,,,
,Nova Cyber Advisors,https://novacyber.example.com,Martin Silva,Sales Director,martin@novacyber.example.com,Colombia,Cybersecurity,,,,,,,batch_da647320dc82,generic,,,,,,,,,,,cand_7c190f3f0b72,,,novacyber.example.com,,,,,,,"{""source_provider"": ""generic"", ""raw_data_json"": ""{\""lead_id\"": \""lead_revision_001\"", \""source\"": \""manual\"", \""manual_context\"": \""Firma de ciberseguridad con servicios para empresas medianas. Draft previo demasiado generico.\"", \""action\"": \""revise\"", \""status\"": \""drafted\"", \""approved\"": \""false\"", \""revision_instruction\"": \""Hazlo mas directo y menciona trazabilidad de evidencia.\""}""}",duplicate,,,email:martin@novacyber.example.com,cand_fbfa53bb3252,,,,,,,,,,,,,,,,,,,,,,,,,,,,,,,,,,,,,,,,,,,,,,false,false,,,,,,,,,,,,,,,,,,,,,,,,
,Tienda La Esquina,,Luis Perez,Owner,luis@tiendalaesquina.example.com,Peru,Retail,,,,,,,batch_da647320dc82,generic,,,,,,,,,,,cand_35decadb470b,,,tiendalaesquina.example.com,,,,,,,"{""source_provider"": ""generic"", ""raw_data_json"": ""{\""source_provider\"": \""generic\"", \""raw_data_json\"": \""{\\\""lead_id\\\"": \\\""lead_weak_001\\\"", \\\""source\\\"": \\\""manual\\\"", \\\""manual_context\\\"": \\\""Negocio local B2C sin senales claras de venta consultiva B2B.\\\"", \\\""action\\\"": \\\""research_and_draft\\\"", \\\""status\\\"": \\\""new\\\"", \\\""approved\\\"": \\\""false\\\""}\""}""}",duplicate,,,email:luis@tiendalaesquina.example.com,cand_6c6b32d8d428,,,,,,,,,,,,,,,,,,,,,,,,,,,,,,,,,,,,,,,,,,,,,,false,false,,,,,,,,,,,,,,,,,,,,,,,,
,Nova Cyber Advisors,https://novacyber.example.com,Martin Silva,Sales Director,martin@novacyber.example.com,Colombia,Cybersecurity,,,,,,,batch_da647320dc82,generic,,,,,,,,,,,cand_87e73f1427bf,,,novacyber.example.com,,,,,,,"{""source_provider"": ""generic"", ""raw_data_json"": ""{\""source_provider\"": \""generic\"", \""raw_data_json\"": \""{\\\""lead_id\\\"": \\\""lead_revision_001\\\"", \\\""source\\\"": \\\""manual\\\"", \\\""manual_context\\\"": \\\""Firma de ciberseguridad con servicios para empresas medianas. Draft previo demasiado generico.\\\"", \\\""action\\\"": \\\""revise\\\"", \\\""status\\\"": \\\""drafted\\\"", \\\""approved\\\"": \\\""false\\\"", \\\""revision_instruction\\\"": \\\""Hazlo mas directo y menciona trazabilidad de evidencia.\\\""}\""}""}",duplicate,,,email:martin@novacyber.example.com,cand_fbfa53bb3252,,,,,,,,,,,,,,,,,,,,,,,,,,,,,,,,,,,,,,,,,,,,,,false,false,,,,,,,,,,,,,,,,,,,,,,,,
,Tienda La Esquina,,Luis Perez,Owner,luis@tiendalaesquina.example.com,Peru,Retail,,,,,,,batch_da647320dc82,generic,,,,,,,,,,,cand_6c6b32d8d428,,,tiendalaesquina.example.com,,,,,,,"{""source_provider"": ""generic"", ""raw_data_json"": ""{\""lead_id\"": \""cand_35decadb470b\"", \""source\"": \""generic\"", \""action\"": \""research_and_draft\"", \""status\"": \""discard\"", \""approved\"": \""false\"", \""revision_count\"": \""0\"", \""export_ready\"": \""false\"", \""agent_note\"": \""Enrichment recommended discard. No draft generated.\""}""}",duplicate,,,email:luis@tiendalaesquina.example.com,cand_6c6b32d8d428,,,,,,,,,,,,,,,,,,,,,,,,,,,,,,,,,,,,,,,,,,,,,,false,false,,,,,,,,,,,,,,,,,,,,,,,,
,Nova Cyber Advisors,https://novacyber.example.com,Martin Silva,Sales Director,martin@novacyber.example.com,Colombia,Cybersecurity,,,,,,,batch_da647320dc82,generic,,,,,,,,,,,cand_fbfa53bb3252,,,novacyber.example.com,,,,,,,"{""source_provider"": ""generic"", ""raw_data_json"": ""{\""lead_id\"": \""cand_87e73f1427bf\"", \""source\"": \""generic\"", \""action\"": \""research_and_draft\"", \""status\"": \""discard\"", \""approved\"": \""false\"", \""revision_count\"": \""0\"", \""export_ready\"": \""false\"", \""agent_note\"": \""Enrichment recommended discard. No draft generated.\""}""}",duplicate,,,email:martin@novacyber.example.com,cand_fbfa53bb3252,,,,,,,,,,,,,,,,,,,,,,,,,,,,,,,,,,,,,,,,,,,,,,false,false,,,,,,,,,,,,,,,,,,,,,,,,
,Tienda La Esquina,,Luis Perez,Owner,luis@tiendalaesquina.example.com,Peru,Retail,,,,,,,batch_da647320dc82,generic,,,,,,,,,,,cand_a4e1a63b03a3,,,tiendalaesquina.example.com,,,,,,,"{""lead_id"": ""cand_35decadb470b"", ""source"": ""generic"", ""action"": ""research_and_draft"", ""status"": ""insufficient_data"", ""approved"": ""false"", ""revision_count"": ""0"", ""export_ready"": ""false"", ""agent_note"": ""Enrichment complete. Status: insufficient_data, confidence: 30, recommended_action: discard.""}",duplicate,,,email:luis@tiendalaesquina.example.com,cand_6c6b32d8d428,,,,,,,,,,,,,,,,,,,,,,,,,,,,,,,,,,,,,,,,,,,,,,false,false,,,,,,,,,,,,,,,,,,,,,,,,
,Nova Cyber Advisors,https://novacyber.example.com,Martin Silva,Sales Director,martin@novacyber.example.com,Colombia,Cybersecurity,,,,,,,batch_da647320dc82,generic,,,,,,,,,,,cand_361cdd4d0a11,,,novacyber.example.com,,,,,,,"{""lead_id"": ""cand_87e73f1427bf"", ""source"": ""generic"", ""action"": ""research_and_draft"", ""status"": ""insufficient_data"", ""approved"": ""false"", ""revision_count"": ""0"", ""export_ready"": ""false"", ""agent_note"": ""Enrichment complete. Status: insufficient_data, confidence: 30, recommended_action: discard.""}",duplicate,,,email:martin@novacyber.example.com,cand_fbfa53bb3252,,,,,,,,,,,,,,,,,,,,,,,,,,,,,,,,,,,,,,,,,,,,,,false,false,,,,,,,,,,,,,,,,,,,,,,,,
,Tienda La Esquina,,Luis Perez,Owner,luis@tiendalaesquina.example.com,Peru,Retail,,,,,,,batch_da647320dc82,generic,,,,,,,,,,,cand_645e73e151c6,,,tiendalaesquina.example.com,,,,,,,"{""source_provider"": ""generic"", ""raw_data_json"": ""{\""lead_id\"": \""lead_weak_001\"", \""source\"": \""manual\"", \""manual_context\"": \""Negocio local B2C sin senales claras de venta consultiva B2B.\"", \""action\"": \""research_and_draft\"", \""status\"": \""new\"", \""approved\"": \""false\""}""}",duplicate,,,email:luis@tiendalaesquina.example.com,cand_6c6b32d8d428,,,,,,,,,,,,,,,,,,,,,,,,,,,,,,,,,,,,,,,,,,,,,,false,false,,,,,,,,,,,,,,,,,,,,,,,,
,Nova Cyber Advisors,https://novacyber.example.com,Martin Silva,Sales Director,martin@novacyber.example.com,Colombia,Cybersecurity,,,,,,,batch_da647320dc82,generic,,,,,,,,,,,cand_51d2cbd0d029,,,novacyber.example.com,,,,,,,"{""source_provider"": ""generic"", ""raw_data_json"": ""{\""lead_id\"": \""lead_revision_001\"", \""source\"": \""manual\"", \""manual_context\"": \""Firma de ciberseguridad con servicios para empresas medianas. Draft previo demasiado generico.\"", \""action\"": \""revise\"", \""status\"": \""drafted\"", \""approved\"": \""false\"", \""revision_instruction\"": \""Hazlo mas directo y menciona trazabilidad de evidencia.\""}""}",duplicate,,,email:martin@novacyber.example.com,cand_fbfa53bb3252,,,,,,,,,,,,,,,,,,,,,,,,,,,,,,,,,,,,,,,,,,,,,,false,false,,,,,,,,,,,,,,,,,,,,,,,,
,Tienda La Esquina,,Luis Perez,Owner,luis@tiendalaesquina.example.com,Peru,Retail,,,,,,,batch_da647320dc82,generic,,,,,,,,,,,cand_35decadb470b,,,tiendalaesquina.example.com,,,,,,,"{""source_provider"": ""generic"", ""raw_data_json"": ""{\""source_provider\"": \""generic\"", \""raw_data_json\"": \""{\\\""lead_id\\\"": \\\""lead_weak_001\\\"", \\\""source\\\"": \\\""manual\\\"", \\\""manual_context\\\"": \\\""Negocio local B2C sin senales claras de venta consultiva B2B.\\\"", \\\""action\\\"": \\\""research_and_draft\\\"", \\\""status\\\"": \\\""new\\\"", \\\""approved\\\"": \\\""false\\\""}\""}""}",duplicate,,,email:luis@tiendalaesquina.example.com,cand_6c6b32d8d428,,,,,,,,,,,,,,,,,,,,,,,,,,,,,,,,,,,,,,,,,,,,,,false,false,,,,,,,,,,,,,,,,,,,,,,,,
,Nova Cyber Advisors,https://novacyber.example.com,Martin Silva,Sales Director,martin@novacyber.example.com,Colombia,Cybersecurity,,,,,,,batch_da647320dc82,generic,,,,,,,,,,,cand_87e73f1427bf,,,novacyber.example.com,,,,,,,"{""source_provider"": ""generic"", ""raw_data_json"": ""{\""source_provider\"": \""generic\"", \""raw_data_json\"": \""{\\\""lead_id\\\"": \\\""lead_revision_001\\\"", \\\""source\\\"": \\\""manual\\\"", \\\""manual_context\\\"": \\\""Firma de ciberseguridad con servicios para empresas medianas. Draft previo demasiado generico.\\\"", \\\""action\\\"": \\\""revise\\\"", \\\""status\\\"": \\\""drafted\\\"", \\\""approved\\\"": \\\""false\\\"", \\\""revision_instruction\\\"": \\\""Hazlo mas directo y menciona trazabilidad de evidencia.\\\""}\""}""}",duplicate,,,email:martin@novacyber.example.com,cand_fbfa53bb3252,,,,,,,,,,,,,,,,,,,,,,,,,,,,,,,,,,,,,,,,,,,,,,false,false,,,,,,,,,,,,,,,,,,,,,,,,
,Tienda La Esquina,,Luis Perez,Owner,luis@tiendalaesquina.example.com,Peru,Retail,,,,,,,batch_da647320dc82,generic,,,,,,,,,,,cand_3993f593326f,,,tiendalaesquina.example.com,,,,,,,"{""source_provider"": ""generic"", ""raw_data_json"": ""{\""lead_id\"": \""cand_35decadb470b\"", \""source\"": \""generic\"", \""action\"": \""research_and_draft\"", \""status\"": \""discard\"", \""approved\"": \""false\"", \""revision_count\"": \""0\"", \""export_ready\"": \""false\"", \""agent_note\"": \""Enrichment recommended discard. No draft generated.\""}""}",duplicate,,,email:luis@tiendalaesquina.example.com,cand_6c6b32d8d428,,,,,,,,,,,,,,,,,,,,,,,,,,,,,,,,,,,,,,,,,,,,,,false,false,,,,,,,,,,,,,,,,,,,,,,,,
,Nova Cyber Advisors,https://novacyber.example.com,Martin Silva,Sales Director,martin@novacyber.example.com,Colombia,Cybersecurity,,,,,,,batch_da647320dc82,generic,,,,,,,,,,,cand_014e30539043,,,novacyber.example.com,,,,,,,"{""source_provider"": ""generic"", ""raw_data_json"": ""{\""lead_id\"": \""cand_87e73f1427bf\"", \""source\"": \""generic\"", \""action\"": \""research_and_draft\"", \""status\"": \""discard\"", \""approved\"": \""false\"", \""revision_count\"": \""0\"", \""export_ready\"": \""false\"", \""agent_note\"": \""Enrichment recommended discard. No draft generated.\""}""}",duplicate,,,email:martin@novacyber.example.com,cand_fbfa53bb3252,,,,,,,,,,,,,,,,,,,,,,,,,,,,,,,,,,,,,,,,,,,,,,false,false,,,,,,,,,,,,,,,,,,,,,,,,
,Tienda La Esquina,,Luis Perez,Owner,luis@tiendalaesquina.example.com,Peru,Retail,,,,,,,batch_da647320dc82,generic,,,,,,,,,,,cand_e94e83e9d868,,,tiendalaesquina.example.com,,,,,,,"{""source_provider"": ""generic"", ""raw_data_json"": ""{\""source_provider\"": \""generic\"", \""raw_data_json\"": \""{\\\""lead_id\\\"": \\\""lead_weak_001\\\"", \\\""source\\\"": \\\""manual\\\"", \\\""manual_context\\\"": \\\""Negocio local B2C sin senales claras de venta consultiva B2B.\\\"", \\\""action\\\"": \\\""research_and_draft\\\"", \\\""status\\\"": \\\""new\\\"", \\\""approved\\\"": \\\""false\\\""}\""}""}",duplicate,,,email:luis@tiendalaesquina.example.com,cand_6c6b32d8d428,,,,,,,,,,,,,,,,,,,,,,,,,,,,,,,,,,,,,,,,,,,,,,false,false,,,,,,,,,,,,,,,,,,,,,,,,
,Nova Cyber Advisors,https://novacyber.example.com,Martin Silva,Sales Director,martin@novacyber.example.com,Colombia,Cybersecurity,,,,,,,batch_da647320dc82,generic,,,,,,,,,,,cand_7c190f3f0b72,,,novacyber.example.com,,,,,,,"{""source_provider"": ""generic"", ""raw_data_json"": ""{\""source_provider\"": \""generic\"", \""raw_data_json\"": \""{\\\""lead_id\\\"": \\\""lead_revision_001\\\"", \\\""source\\\"": \\\""manual\\\"", \\\""manual_context\\\"": \\\""Firma de ciberseguridad con servicios para empresas medianas. Draft previo demasiado generico.\\\"", \\\""action\\\"": \\\""revise\\\"", \\\""status\\\"": \\\""drafted\\\"", \\\""approved\\\"": \\\""false\\\"", \\\""revision_instruction\\\"": \\\""Hazlo mas directo y menciona trazabilidad de evidencia.\\\""}\""}""}",duplicate,,,email:martin@novacyber.example.com,cand_fbfa53bb3252,,,,,,,,,,,,,,,,,,,,,,,,,,,,,,,,,,,,,,,,,,,,,,false,false,,,,,,,,,,,,,,,,,,,,,,,,
,Tienda La Esquina,,Luis Perez,Owner,luis@tiendalaesquina.example.com,Peru,Retail,,,,,,,batch_da647320dc82,generic,,,,,,,,,,,cand_35decadb470b,,,tiendalaesquina.example.com,,,,,,,"{""source_provider"": ""generic"", ""raw_data_json"": ""{\""source_provider\"": \""generic\"", \""raw_data_json\"": \""{\\\""source_provider\\\"": \\\""generic\\\"", \\\""raw_data_json\\\"": \\\""{\\\\\\\""lead_id\\\\\\\"": \\\\\\\""lead_weak_001\\\\\\\"", \\\\\\\""source\\\\\\\"": \\\\\\\""manual\\\\\\\"", \\\\\\\""manual_context\\\\\\\"": \\\\\\\""Negocio local B2C sin senales claras de venta consultiva B2B.\\\\\\\"", \\\\\\\""action\\\\\\\"": \\\\\\\""research_and_draft\\\\\\\"", \\\\\\\""status\\\\\\\"": \\\\\\\""new\\\\\\\"", \\\\\\\""approved\\\\\\\"": \\\\\\\""false\\\\\\\""}\\\""}\""}""}",duplicate,,,email:luis@tiendalaesquina.example.com,cand_6c6b32d8d428,,,,,,,,,,,,,,,,,,,,,,,,,,,,,,,,,,,,,,,,,,,,,,false,false,,,,,,,,,,,,,,,,,,,,,,,,
,Nova Cyber Advisors,https://novacyber.example.com,Martin Silva,Sales Director,martin@novacyber.example.com,Colombia,Cybersecurity,,,,,,,batch_da647320dc82,generic,,,,,,,,,,,cand_87e73f1427bf,,,novacyber.example.com,,,,,,,"{""source_provider"": ""generic"", ""raw_data_json"": ""{\""source_provider\"": \""generic\"", \""raw_data_json\"": \""{\\\""source_provider\\\"": \\\""generic\\\"", \\\""raw_data_json\\\"": \\\""{\\\\\\\""lead_id\\\\\\\"": \\\\\\\""lead_revision_001\\\\\\\"", \\\\\\\""source\\\\\\\"": \\\\\\\""manual\\\\\\\"", \\\\\\\""manual_context\\\\\\\"": \\\\\\\""Firma de ciberseguridad con servicios para empresas medianas. Draft previo demasiado generico.\\\\\\\"", \\\\\\\""action\\\\\\\"": \\\\\\\""revise\\\\\\\"", \\\\\\\""status\\\\\\\"": \\\\\\\""drafted\\\\\\\"", \\\\\\\""approved\\\\\\\"": \\\\\\\""false\\\\\\\"", \\\\\\\""revision_instruction\\\\\\\"": \\\\\\\""Hazlo mas directo y menciona trazabilidad de evidencia.\\\\\\\""}\\\""}\""}""}",duplicate,,,email:martin@novacyber.example.com,cand_fbfa53bb3252,,,,,,,,,,,,,,,,,,,,,,,,,,,,,,,,,,,,,,,,,,,,,,false,false,,,,,,,,,,,,,,,,,,,,,,,,
,Tienda La Esquina,,Luis Perez,Owner,luis@tiendalaesquina.example.com,Peru,Retail,,,,,,,batch_da647320dc82,generic,,,,,,,,,,,cand_6c6b32d8d428,,,tiendalaesquina.example.com,,,,,,,"{""source_provider"": ""generic"", ""raw_data_json"": ""{\""source_provider\"": \""generic\"", \""raw_data_json\"": \""{\\\""lead_id\\\"": \\\""cand_35decadb470b\\\"", \\\""source\\\"": \\\""generic\\\"", \\\""action\\\"": \\\""research_and_draft\\\"", \\\""status\\\"": \\\""discard\\\"", \\\""approved\\\"": \\\""false\\\"", \\\""revision_count\\\"": \\\""0\\\"", \\\""export_ready\\\"": \\\""false\\\"", \\\""agent_note\\\"": \\\""Enrichment recommended discard. No draft generated.\\\""}\""}""}",duplicate,,,email:luis@tiendalaesquina.example.com,cand_6c6b32d8d428,,,,,,,,,,,,,,,,,,,,,,,,,,,,,,,,,,,,,,,,,,,,,,false,false,,,,,,,,,,,,,,,,,,,,,,,,
,Nova Cyber Advisors,https://novacyber.example.com,Martin Silva,Sales Director,martin@novacyber.example.com,Colombia,Cybersecurity,,,,,,,batch_da647320dc82,generic,,,,,,,,,,,cand_fbfa53bb3252,,,novacyber.example.com,,,,,,,"{""source_provider"": ""generic"", ""raw_data_json"": ""{\""source_provider\"": \""generic\"", \""raw_data_json\"": \""{\\\""lead_id\\\"": \\\""cand_87e73f1427bf\\\"", \\\""source\\\"": \\\""generic\\\"", \\\""action\\\"": \\\""research_and_draft\\\"", \\\""status\\\"": \\\""discard\\\"", \\\""approved\\\"": \\\""false\\\"", \\\""revision_count\\\"": \\\""0\\\"", \\\""export_ready\\\"": \\\""false\\\"", \\\""agent_note\\\"": \\\""Enrichment recommended discard. No draft generated.\\\""}\""}""}",duplicate,,,email:martin@novacyber.example.com,cand_fbfa53bb3252,,,,,,,,,,,,,,,,,,,,,,,,,,,,,,,,,,,,,,,,,,,,,,false,false,,,,,,,,,,,,,,,,,,,,,,,,
,Tienda La Esquina,,Luis Perez,Owner,luis@tiendalaesquina.example.com,Peru,Retail,,,,,,,batch_da647320dc82,generic,,,,,,,,,,,cand_55cee65905dd,,,tiendalaesquina.example.com,,,,,,,"{""source_provider"": ""generic"", ""raw_data_json"": ""{\""lead_id\"": \""cand_35decadb470b\"", \""source\"": \""generic\"", \""action\"": \""research_and_draft\"", \""status\"": \""insufficient_data\"", \""approved\"": \""false\"", \""revision_count\"": \""0\"", \""export_ready\"": \""false\"", \""agent_note\"": \""Enrichment complete. Status: insufficient_data, confidence: 30, recommended_action: discard.\""}""}",duplicate,,,email:luis@tiendalaesquina.example.com,cand_6c6b32d8d428,,,,,,,,,,,,,,,,,,,,,,,,,,,,,,,,,,,,,,,,,,,,,,false,false,,,,,,,,,,,,,,,,,,,,,,,,
,Nova Cyber Advisors,https://novacyber.example.com,Martin Silva,Sales Director,martin@novacyber.example.com,Colombia,Cybersecurity,,,,,,,batch_da647320dc82,generic,,,,,,,,,,,cand_77abcc47aef5,,,novacyber.example.com,,,,,,,"{""source_provider"": ""generic"", ""raw_data_json"": ""{\""lead_id\"": \""cand_87e73f1427bf\"", \""source\"": \""generic\"", \""action\"": \""research_and_draft\"", \""status\"": \""insufficient_data\"", \""approved\"": \""false\"", \""revision_count\"": \""0\"", \""export_ready\"": \""false\"", \""agent_note\"": \""Enrichment complete. Status: insufficient_data, confidence: 30, recommended_action: discard.\""}""}",duplicate,,,email:martin@novacyber.example.com,cand_fbfa53bb3252,,,,,,,,,,,,,,,,,,,,,,,,,,,,,,,,,,,,,,,,,,,,,,false,false,,,,,,,,,,,,,,,,,,,,,,,,
,Tienda La Esquina,,Luis Perez,Owner,luis@tiendalaesquina.example.com,Peru,Retail,,,,,,,batch_da647320dc82,generic,,,,,,,,,,,cand_bc5d0e2a6d3e,,,tiendalaesquina.example.com,,,,,,,"{""lead_id"": ""cand_35decadb470b"", ""source"": ""generic"", ""action"": ""research_and_draft"", ""status"": ""insufficient_data"", ""approved"": ""false"", ""revision_count"": ""0"", ""export_ready"": ""false"", ""agent_note"": ""Enrichment complete. Status: insufficient_data, confidence: 30, recommended_action: discard.""}",duplicate,,,email:luis@tiendalaesquina.example.com,cand_6c6b32d8d428,,,,,,,,,,,,,,,,,,,,,,,,,,,,,,,,,,,,,,,,,,,,,,false,false,,,,,,,,,,,,,,,,,,,,,,,,
,Nova Cyber Advisors,https://novacyber.example.com,Martin Silva,Sales Director,martin@novacyber.example.com,Colombia,Cybersecurity,,,,,,,batch_da647320dc82,generic,,,,,,,,,,,cand_fb22d1bf4452,,,novacyber.example.com,,,,,,,"{""lead_id"": ""cand_87e73f1427bf"", ""source"": ""generic"", ""action"": ""research_and_draft"", ""status"": ""insufficient_data"", ""approved"": ""false"", ""revision_count"": ""0"", ""export_ready"": ""false"", ""agent_note"": ""Enrichment complete. Status: insufficient_data, confidence: 30, recommended_action: discard.""}",duplicate,,,email:martin@novacyber.example.com,cand_fbfa53bb3252,,,,,,,,,,,,,,,,,,,,,,,,,,,,,,,,,,,,,,,,,,,,,,false,false,,,,,,,,,,,,,,,,,,,,,,,,
,Tienda La Esquina,,Luis Perez,Owner,luis@tiendalaesquina.example.com,Peru,Retail,,,,,,,batch_da647320dc82,generic,,,,,,,,,,,cand_d488e6938492,,,tiendalaesquina.example.com,,,,,,,"{""source_provider"": ""generic"", ""raw_data_json"": ""{\""lead_id\"": \""lead_weak_001\"", \""source\"": \""manual\"", \""manual_context\"": \""Negocio local B2C sin senales claras de venta consultiva B2B.\"", \""action\"": \""research_and_draft\"", \""status\"": \""new\"", \""approved\"": \""false\""}""}",duplicate,,,email:luis@tiendalaesquina.example.com,cand_6c6b32d8d428,,,,,,,,,,,,,,,,,,,,,,,,,,,,,,,,,,,,,,,,,,,,,,false,false,,,,,,,,,,,,,,,,,,,,,,,,
,Nova Cyber Advisors,https://novacyber.example.com,Martin Silva,Sales Director,martin@novacyber.example.com,Colombia,Cybersecurity,,,,,,,batch_da647320dc82,generic,,,,,,,,,,,cand_e54d225244b6,,,novacyber.example.com,,,,,,,"{""source_provider"": ""generic"", ""raw_data_json"": ""{\""lead_id\"": \""lead_revision_001\"", \""source\"": \""manual\"", \""manual_context\"": \""Firma de ciberseguridad con servicios para empresas medianas. Draft previo demasiado generico.\"", \""action\"": \""revise\"", \""status\"": \""drafted\"", \""approved\"": \""false\"", \""revision_instruction\"": \""Hazlo mas directo y menciona trazabilidad de evidencia.\""}""}",duplicate,,,email:martin@novacyber.example.com,cand_fbfa53bb3252,,,,,,,,,,,,,,,,,,,,,,,,,,,,,,,,,,,,,,,,,,,,,,false,false,,,,,,,,,,,,,,,,,,,,,,,,
,Tienda La Esquina,,Luis Perez,Owner,luis@tiendalaesquina.example.com,Peru,Retail,,,,,,,batch_da647320dc82,generic,,,,,,,,,,,cand_35decadb470b,,,tiendalaesquina.example.com,,,,,,,"{""source_provider"": ""generic"", ""raw_data_json"": ""{\""source_provider\"": \""generic\"", \""raw_data_json\"": \""{\\\""lead_id\\\"": \\\""lead_weak_001\\\"", \\\""source\\\"": \\\""manual\\\"", \\\""manual_context\\\"": \\\""Negocio local B2C sin senales claras de venta consultiva B2B.\\\"", \\\""action\\\"": \\\""research_and_draft\\\"", \\\""status\\\"": \\\""new\\\"", \\\""approved\\\"": \\\""false\\\""}\""}""}",duplicate,,,email:luis@tiendalaesquina.example.com,cand_6c6b32d8d428,,,,,,,,,,,,,,,,,,,,,,,,,,,,,,,,,,,,,,,,,,,,,,false,false,,,,,,,,,,,,,,,,,,,,,,,,
,Nova Cyber Advisors,https://novacyber.example.com,Martin Silva,Sales Director,martin@novacyber.example.com,Colombia,Cybersecurity,,,,,,,batch_da647320dc82,generic,,,,,,,,,,,cand_87e73f1427bf,,,novacyber.example.com,,,,,,,"{""source_provider"": ""generic"", ""raw_data_json"": ""{\""source_provider\"": \""generic\"", \""raw_data_json\"": \""{\\\""lead_id\\\"": \\\""lead_revision_001\\\"", \\\""source\\\"": \\\""manual\\\"", \\\""manual_context\\\"": \\\""Firma de ciberseguridad con servicios para empresas medianas. Draft previo demasiado generico.\\\"", \\\""action\\\"": \\\""revise\\\"", \\\""status\\\"": \\\""drafted\\\"", \\\""approved\\\"": \\\""false\\\"", \\\""revision_instruction\\\"": \\\""Hazlo mas directo y menciona trazabilidad de evidencia.\\\""}\""}""}",duplicate,,,email:martin@novacyber.example.com,cand_fbfa53bb3252,,,,,,,,,,,,,,,,,,,,,,,,,,,,,,,,,,,,,,,,,,,,,,false,false,,,,,,,,,,,,,,,,,,,,,,,,
,Tienda La Esquina,,Luis Perez,Owner,luis@tiendalaesquina.example.com,Peru,Retail,,,,,,,batch_da647320dc82,generic,,,,,,,,,,,cand_a109ff4d3d5d,,,tiendalaesquina.example.com,,,,,,,"{""source_provider"": ""generic"", ""raw_data_json"": ""{\""lead_id\"": \""cand_35decadb470b\"", \""source\"": \""generic\"", \""action\"": \""research_and_draft\"", \""status\"": \""discard\"", \""approved\"": \""false\"", \""revision_count\"": \""0\"", \""export_ready\"": \""false\"", \""agent_note\"": \""Enrichment recommended discard. No draft generated.\""}""}",duplicate,,,email:luis@tiendalaesquina.example.com,cand_6c6b32d8d428,,,,,,,,,,,,,,,,,,,,,,,,,,,,,,,,,,,,,,,,,,,,,,false,false,,,,,,,,,,,,,,,,,,,,,,,,
,Nova Cyber Advisors,https://novacyber.example.com,Martin Silva,Sales Director,martin@novacyber.example.com,Colombia,Cybersecurity,,,,,,,batch_da647320dc82,generic,,,,,,,,,,,cand_45a0690b6cd7,,,novacyber.example.com,,,,,,,"{""source_provider"": ""generic"", ""raw_data_json"": ""{\""lead_id\"": \""cand_87e73f1427bf\"", \""source\"": \""generic\"", \""action\"": \""research_and_draft\"", \""status\"": \""discard\"", \""approved\"": \""false\"", \""revision_count\"": \""0\"", \""export_ready\"": \""false\"", \""agent_note\"": \""Enrichment recommended discard. No draft generated.\""}""}",duplicate,,,email:martin@novacyber.example.com,cand_fbfa53bb3252,,,,,,,,,,,,,,,,,,,,,,,,,,,,,,,,,,,,,,,,,,,,,,false,false,,,,,,,,,,,,,,,,,,,,,,,,
,Tienda La Esquina,,Luis Perez,Owner,luis@tiendalaesquina.example.com,Peru,Retail,,,,,,,batch_da647320dc82,generic,,,,,,,,,,,cand_e94e83e9d868,,,tiendalaesquina.example.com,,,,,,,"{""source_provider"": ""generic"", ""raw_data_json"": ""{\""source_provider\"": \""generic\"", \""raw_data_json\"": \""{\\\""lead_id\\\"": \\\""lead_weak_001\\\"", \\\""source\\\"": \\\""manual\\\"", \\\""manual_context\\\"": \\\""Negocio local B2C sin senales claras de venta consultiva B2B.\\\"", \\\""action\\\"": \\\""research_and_draft\\\"", \\\""status\\\"": \\\""new\\\"", \\\""approved\\\"": \\\""false\\\""}\""}""}",duplicate,,,email:luis@tiendalaesquina.example.com,cand_6c6b32d8d428,,,,,,,,,,,,,,,,,,,,,,,,,,,,,,,,,,,,,,,,,,,,,,false,false,,,,,,,,,,,,,,,,,,,,,,,,
,Nova Cyber Advisors,https://novacyber.example.com,Martin Silva,Sales Director,martin@novacyber.example.com,Colombia,Cybersecurity,,,,,,,batch_da647320dc82,generic,,,,,,,,,,,cand_7c190f3f0b72,,,novacyber.example.com,,,,,,,"{""source_provider"": ""generic"", ""raw_data_json"": ""{\""source_provider\"": \""generic\"", \""raw_data_json\"": \""{\\\""lead_id\\\"": \\\""lead_revision_001\\\"", \\\""source\\\"": \\\""manual\\\"", \\\""manual_context\\\"": \\\""Firma de ciberseguridad con servicios para empresas medianas. Draft previo demasiado generico.\\\"", \\\""action\\\"": \\\""revise\\\"", \\\""status\\\"": \\\""drafted\\\"", \\\""approved\\\"": \\\""false\\\"", \\\""revision_instruction\\\"": \\\""Hazlo mas directo y menciona trazabilidad de evidencia.\\\""}\""}""}",duplicate,,,email:martin@novacyber.example.com,cand_fbfa53bb3252,,,,,,,,,,,,,,,,,,,,,,,,,,,,,,,,,,,,,,,,,,,,,,false,false,,,,,,,,,,,,,,,,,,,,,,,,
,Tienda La Esquina,,Luis Perez,Owner,luis@tiendalaesquina.example.com,Peru,Retail,,,,,,,batch_da647320dc82,generic,,,,,,,,,,,cand_35decadb470b,,,tiendalaesquina.example.com,,,,,,,"{""source_provider"": ""generic"", ""raw_data_json"": ""{\""source_provider\"": \""generic\"", \""raw_data_json\"": \""{\\\""source_provider\\\"": \\\""generic\\\"", \\\""raw_data_json\\\"": \\\""{\\\\\\\""lead_id\\\\\\\"": \\\\\\\""lead_weak_001\\\\\\\"", \\\\\\\""source\\\\\\\"": \\\\\\\""manual\\\\\\\"", \\\\\\\""manual_context\\\\\\\"": \\\\\\\""Negocio local B2C sin senales claras de venta consultiva B2B.\\\\\\\"", \\\\\\\""action\\\\\\\"": \\\\\\\""research_and_draft\\\\\\\"", \\\\\\\""status\\\\\\\"": \\\\\\\""new\\\\\\\"", \\\\\\\""approved\\\\\\\"": \\\\\\\""false\\\\\\\""}\\\""}\""}""}",duplicate,,,email:luis@tiendalaesquina.example.com,cand_6c6b32d8d428,,,,,,,,,,,,,,,,,,,,,,,,,,,,,,,,,,,,,,,,,,,,,,false,false,,,,,,,,,,,,,,,,,,,,,,,,
,Nova Cyber Advisors,https://novacyber.example.com,Martin Silva,Sales Director,martin@novacyber.example.com,Colombia,Cybersecurity,,,,,,,batch_da647320dc82,generic,,,,,,,,,,,cand_87e73f1427bf,,,novacyber.example.com,,,,,,,"{""source_provider"": ""generic"", ""raw_data_json"": ""{\""source_provider\"": \""generic\"", \""raw_data_json\"": \""{\\\""source_provider\\\"": \\\""generic\\\"", \\\""raw_data_json\\\"": \\\""{\\\\\\\""lead_id\\\\\\\"": \\\\\\\""lead_revision_001\\\\\\\"", \\\\\\\""source\\\\\\\"": \\\\\\\""manual\\\\\\\"", \\\\\\\""manual_context\\\\\\\"": \\\\\\\""Firma de ciberseguridad con servicios para empresas medianas. Draft previo demasiado generico.\\\\\\\"", \\\\\\\""action\\\\\\\"": \\\\\\\""revise\\\\\\\"", \\\\\\\""status\\\\\\\"": \\\\\\\""drafted\\\\\\\"", \\\\\\\""approved\\\\\\\"": \\\\\\\""false\\\\\\\"", \\\\\\\""revision_instruction\\\\\\\"": \\\\\\\""Hazlo mas directo y menciona trazabilidad de evidencia.\\\\\\\""}\\\""}\""}""}",duplicate,,,email:martin@novacyber.example.com,cand_fbfa53bb3252,,,,,,,,,,,,,,,,,,,,,,,,,,,,,,,,,,,,,,,,,,,,,,false,false,,,,,,,,,,,,,,,,,,,,,,,,
,Tienda La Esquina,,Luis Perez,Owner,luis@tiendalaesquina.example.com,Peru,Retail,,,,,,,batch_da647320dc82,generic,,,,,,,,,,,cand_6c6b32d8d428,,,tiendalaesquina.example.com,,,,,,,"{""source_provider"": ""generic"", ""raw_data_json"": ""{\""source_provider\"": \""generic\"", \""raw_data_json\"": \""{\\\""lead_id\\\"": \\\""cand_35decadb470b\\\"", \\\""source\\\"": \\\""generic\\\"", \\\""action\\\"": \\\""research_and_draft\\\"", \\\""status\\\"": \\\""discard\\\"", \\\""approved\\\"": \\\""false\\\"", \\\""revision_count\\\"": \\\""0\\\"", \\\""export_ready\\\"": \\\""false\\\"", \\\""agent_note\\\"": \\\""Enrichment recommended discard. No draft generated.\\\""}\""}""}",duplicate,,,email:luis@tiendalaesquina.example.com,cand_6c6b32d8d428,,,,,,,,,,,,,,,,,,,,,,,,,,,,,,,,,,,,,,,,,,,,,,false,false,,,,,,,,,,,,,,,,,,,,,,,,
,Nova Cyber Advisors,https://novacyber.example.com,Martin Silva,Sales Director,martin@novacyber.example.com,Colombia,Cybersecurity,,,,,,,batch_da647320dc82,generic,,,,,,,,,,,cand_fbfa53bb3252,,,novacyber.example.com,,,,,,,"{""source_provider"": ""generic"", ""raw_data_json"": ""{\""source_provider\"": \""generic\"", \""raw_data_json\"": \""{\\\""lead_id\\\"": \\\""cand_87e73f1427bf\\\"", \\\""source\\\"": \\\""generic\\\"", \\\""action\\\"": \\\""research_and_draft\\\"", \\\""status\\\"": \\\""discard\\\"", \\\""approved\\\"": \\\""false\\\"", \\\""revision_count\\\"": \\\""0\\\"", \\\""export_ready\\\"": \\\""false\\\"", \\\""agent_note\\\"": \\\""Enrichment recommended discard. No draft generated.\\\""}\""}""}",duplicate,,,email:martin@novacyber.example.com,cand_fbfa53bb3252,,,,,,,,,,,,,,,,,,,,,,,,,,,,,,,,,,,,,,,,,,,,,,false,false,,,,,,,,,,,,,,,,,,,,,,,,
,Tienda La Esquina,,Luis Perez,Owner,luis@tiendalaesquina.example.com,Peru,Retail,,,,,,,batch_da647320dc82,generic,,,,,,,,,,,cand_5a65114be3c1,,,tiendalaesquina.example.com,,,,,,,"{""source_provider"": ""generic"", ""raw_data_json"": ""{\""lead_id\"": \""cand_35decadb470b\"", \""source\"": \""generic\"", \""action\"": \""research_and_draft\"", \""status\"": \""insufficient_data\"", \""approved\"": \""false\"", \""revision_count\"": \""0\"", \""export_ready\"": \""false\"", \""agent_note\"": \""Enrichment complete. Status: insufficient_data, confidence: 30, recommended_action: discard.\""}""}",duplicate,,,email:luis@tiendalaesquina.example.com,cand_6c6b32d8d428,,,,,,,,,,,,,,,,,,,,,,,,,,,,,,,,,,,,,,,,,,,,,,false,false,,,,,,,,,,,,,,,,,,,,,,,,
,Nova Cyber Advisors,https://novacyber.example.com,Martin Silva,Sales Director,martin@novacyber.example.com,Colombia,Cybersecurity,,,,,,,batch_da647320dc82,generic,,,,,,,,,,,cand_49f0cbe78bc8,,,novacyber.example.com,,,,,,,"{""source_provider"": ""generic"", ""raw_data_json"": ""{\""lead_id\"": \""cand_87e73f1427bf\"", \""source\"": \""generic\"", \""action\"": \""research_and_draft\"", \""status\"": \""insufficient_data\"", \""approved\"": \""false\"", \""revision_count\"": \""0\"", \""export_ready\"": \""false\"", \""agent_note\"": \""Enrichment complete. Status: insufficient_data, confidence: 30, recommended_action: discard.\""}""}",duplicate,,,email:martin@novacyber.example.com,cand_fbfa53bb3252,,,,,,,,,,,,,,,,,,,,,,,,,,,,,,,,,,,,,,,,,,,,,,false,false,,,,,,,,,,,,,,,,,,,,,,,,
,Tienda La Esquina,,Luis Perez,Owner,luis@tiendalaesquina.example.com,Peru,Retail,,,,,,,batch_da647320dc82,generic,,,,,,,,,,,cand_645e73e151c6,,,tiendalaesquina.example.com,,,,,,,"{""source_provider"": ""generic"", ""raw_data_json"": ""{\""source_provider\"": \""generic\"", \""raw_data_json\"": \""{\\\""lead_id\\\"": \\\""lead_weak_001\\\"", \\\""source\\\"": \\\""manual\\\"", \\\""manual_context\\\"": \\\""Negocio local B2C sin senales claras de venta consultiva B2B.\\\"", \\\""action\\\"": \\\""research_and_draft\\\"", \\\""status\\\"": \\\""new\\\"", \\\""approved\\\"": \\\""false\\\""}\""}""}",duplicate,,,email:luis@tiendalaesquina.example.com,cand_6c6b32d8d428,,,,,,,,,,,,,,,,,,,,,,,,,,,,,,,,,,,,,,,,,,,,,,false,false,,,,,,,,,,,,,,,,,,,,,,,,
,Nova Cyber Advisors,https://novacyber.example.com,Martin Silva,Sales Director,martin@novacyber.example.com,Colombia,Cybersecurity,,,,,,,batch_da647320dc82,generic,,,,,,,,,,,cand_51d2cbd0d029,,,novacyber.example.com,,,,,,,"{""source_provider"": ""generic"", ""raw_data_json"": ""{\""source_provider\"": \""generic\"", \""raw_data_json\"": \""{\\\""lead_id\\\"": \\\""lead_revision_001\\\"", \\\""source\\\"": \\\""manual\\\"", \\\""manual_context\\\"": \\\""Firma de ciberseguridad con servicios para empresas medianas. Draft previo demasiado generico.\\\"", \\\""action\\\"": \\\""revise\\\"", \\\""status\\\"": \\\""drafted\\\"", \\\""approved\\\"": \\\""false\\\"", \\\""revision_instruction\\\"": \\\""Hazlo mas directo y menciona trazabilidad de evidencia.\\\""}\""}""}",duplicate,,,email:martin@novacyber.example.com,cand_fbfa53bb3252,,,,,,,,,,,,,,,,,,,,,,,,,,,,,,,,,,,,,,,,,,,,,,false,false,,,,,,,,,,,,,,,,,,,,,,,,
,Tienda La Esquina,,Luis Perez,Owner,luis@tiendalaesquina.example.com,Peru,Retail,,,,,,,batch_da647320dc82,generic,,,,,,,,,,,cand_35decadb470b,,,tiendalaesquina.example.com,,,,,,,"{""source_provider"": ""generic"", ""raw_data_json"": ""{\""source_provider\"": \""generic\"", \""raw_data_json\"": \""{\\\""source_provider\\\"": \\\""generic\\\"", \\\""raw_data_json\\\"": \\\""{\\\\\\\""lead_id\\\\\\\"": \\\\\\\""lead_weak_001\\\\\\\"", \\\\\\\""source\\\\\\\"": \\\\\\\""manual\\\\\\\"", \\\\\\\""manual_context\\\\\\\"": \\\\\\\""Negocio local B2C sin senales claras de venta consultiva B2B.\\\\\\\"", \\\\\\\""action\\\\\\\"": \\\\\\\""research_and_draft\\\\\\\"", \\\\\\\""status\\\\\\\"": \\\\\\\""new\\\\\\\"", \\\\\\\""approved\\\\\\\"": \\\\\\\""false\\\\\\\""}\\\""}\""}""}",duplicate,,,email:luis@tiendalaesquina.example.com,cand_6c6b32d8d428,,,,,,,,,,,,,,,,,,,,,,,,,,,,,,,,,,,,,,,,,,,,,,false,false,,,,,,,,,,,,,,,,,,,,,,,,
,Nova Cyber Advisors,https://novacyber.example.com,Martin Silva,Sales Director,martin@novacyber.example.com,Colombia,Cybersecurity,,,,,,,batch_da647320dc82,generic,,,,,,,,,,,cand_87e73f1427bf,,,novacyber.example.com,,,,,,,"{""source_provider"": ""generic"", ""raw_data_json"": ""{\""source_provider\"": \""generic\"", \""raw_data_json\"": \""{\\\""source_provider\\\"": \\\""generic\\\"", \\\""raw_data_json\\\"": \\\""{\\\\\\\""lead_id\\\\\\\"": \\\\\\\""lead_revision_001\\\\\\\"", \\\\\\\""source\\\\\\\"": \\\\\\\""manual\\\\\\\"", \\\\\\\""manual_context\\\\\\\"": \\\\\\\""Firma de ciberseguridad con servicios para empresas medianas. Draft previo demasiado generico.\\\\\\\"", \\\\\\\""action\\\\\\\"": \\\\\\\""revise\\\\\\\"", \\\\\\\""status\\\\\\\"": \\\\\\\""drafted\\\\\\\"", \\\\\\\""approved\\\\\\\"": \\\\\\\""false\\\\\\\"", \\\\\\\""revision_instruction\\\\\\\"": \\\\\\\""Hazlo mas directo y menciona trazabilidad de evidencia.\\\\\\\""}\\\""}\""}""}",duplicate,,,email:martin@novacyber.example.com,cand_fbfa53bb3252,,,,,,,,,,,,,,,,,,,,,,,,,,,,,,,,,,,,,,,,,,,,,,false,false,,,,,,,,,,,,,,,,,,,,,,,,
,Tienda La Esquina,,Luis Perez,Owner,luis@tiendalaesquina.example.com,Peru,Retail,,,,,,,batch_da647320dc82,generic,,,,,,,,,,,cand_3993f593326f,,,tiendalaesquina.example.com,,,,,,,"{""source_provider"": ""generic"", ""raw_data_json"": ""{\""source_provider\"": \""generic\"", \""raw_data_json\"": \""{\\\""lead_id\\\"": \\\""cand_35decadb470b\\\"", \\\""source\\\"": \\\""generic\\\"", \\\""action\\\"": \\\""research_and_draft\\\"", \\\""status\\\"": \\\""discard\\\"", \\\""approved\\\"": \\\""false\\\"", \\\""revision_count\\\"": \\\""0\\\"", \\\""export_ready\\\"": \\\""false\\\"", \\\""agent_note\\\"": \\\""Enrichment recommended discard. No draft generated.\\\""}\""}""}",duplicate,,,email:luis@tiendalaesquina.example.com,cand_6c6b32d8d428,,,,,,,,,,,,,,,,,,,,,,,,,,,,,,,,,,,,,,,,,,,,,,false,false,,,,,,,,,,,,,,,,,,,,,,,,
,Nova Cyber Advisors,https://novacyber.example.com,Martin Silva,Sales Director,martin@novacyber.example.com,Colombia,Cybersecurity,,,,,,,batch_da647320dc82,generic,,,,,,,,,,,cand_014e30539043,,,novacyber.example.com,,,,,,,"{""source_provider"": ""generic"", ""raw_data_json"": ""{\""source_provider\"": \""generic\"", \""raw_data_json\"": \""{\\\""lead_id\\\"": \\\""cand_87e73f1427bf\\\"", \\\""source\\\"": \\\""generic\\\"", \\\""action\\\"": \\\""research_and_draft\\\"", \\\""status\\\"": \\\""discard\\\"", \\\""approved\\\"": \\\""false\\\"", \\\""revision_count\\\"": \\\""0\\\"", \\\""export_ready\\\"": \\\""false\\\"", \\\""agent_note\\\"": \\\""Enrichment recommended discard. No draft generated.\\\""}\""}""}",duplicate,,,email:martin@novacyber.example.com,cand_fbfa53bb3252,,,,,,,,,,,,,,,,,,,,,,,,,,,,,,,,,,,,,,,,,,,,,,false,false,,,,,,,,,,,,,,,,,,,,,,,,
,Tienda La Esquina,,Luis Perez,Owner,luis@tiendalaesquina.example.com,Peru,Retail,,,,,,,batch_da647320dc82,generic,,,,,,,,,,,cand_e94e83e9d868,,,tiendalaesquina.example.com,,,,,,,"{""source_provider"": ""generic"", ""raw_data_json"": ""{\""source_provider\"": \""generic\"", \""raw_data_json\"": \""{\\\""source_provider\\\"": \\\""generic\\\"", \\\""raw_data_json\\\"": \\\""{\\\\\\\""lead_id\\\\\\\"": \\\\\\\""lead_weak_001\\\\\\\"", \\\\\\\""source\\\\\\\"": \\\\\\\""manual\\\\\\\"", \\\\\\\""manual_context\\\\\\\"": \\\\\\\""Negocio local B2C sin senales claras de venta consultiva B2B.\\\\\\\"", \\\\\\\""action\\\\\\\"": \\\\\\\""research_and_draft\\\\\\\"", \\\\\\\""status\\\\\\\"": \\\\\\\""new\\\\\\\"", \\\\\\\""approved\\\\\\\"": \\\\\\\""false\\\\\\\""}\\\""}\""}""}",duplicate,,,email:luis@tiendalaesquina.example.com,cand_6c6b32d8d428,,,,,,,,,,,,,,,,,,,,,,,,,,,,,,,,,,,,,,,,,,,,,,false,false,,,,,,,,,,,,,,,,,,,,,,,,
,Nova Cyber Advisors,https://novacyber.example.com,Martin Silva,Sales Director,martin@novacyber.example.com,Colombia,Cybersecurity,,,,,,,batch_da647320dc82,generic,,,,,,,,,,,cand_7c190f3f0b72,,,novacyber.example.com,,,,,,,"{""source_provider"": ""generic"", ""raw_data_json"": ""{\""source_provider\"": \""generic\"", \""raw_data_json\"": \""{\\\""source_provider\\\"": \\\""generic\\\"", \\\""raw_data_json\\\"": \\\""{\\\\\\\""lead_id\\\\\\\"": \\\\\\\""lead_revision_001\\\\\\\"", \\\\\\\""source\\\\\\\"": \\\\\\\""manual\\\\\\\"", \\\\\\\""manual_context\\\\\\\"": \\\\\\\""Firma de ciberseguridad con servicios para empresas medianas. Draft previo demasiado generico.\\\\\\\"", \\\\\\\""action\\\\\\\"": \\\\\\\""revise\\\\\\\"", \\\\\\\""status\\\\\\\"": \\\\\\\""drafted\\\\\\\"", \\\\\\\""approved\\\\\\\"": \\\\\\\""false\\\\\\\"", \\\\\\\""revision_instruction\\\\\\\"": \\\\\\\""Hazlo mas directo y menciona trazabilidad de evidencia.\\\\\\\""}\\\""}\""}""}",duplicate,,,email:martin@novacyber.example.com,cand_fbfa53bb3252,,,,,,,,,,,,,,,,,,,,,,,,,,,,,,,,,,,,,,,,,,,,,,false,false,,,,,,,,,,,,,,,,,,,,,,,,
,Tienda La Esquina,,Luis Perez,Owner,luis@tiendalaesquina.example.com,Peru,Retail,,,,,,,batch_da647320dc82,generic,,,,,,,,,,,cand_35decadb470b,,,tiendalaesquina.example.com,,,,,,,"{""source_provider"": ""generic"", ""raw_data_json"": ""{\""source_provider\"": \""generic\"", \""raw_data_json\"": \""{\\\""source_provider\\\"": \\\""generic\\\"", \\\""raw_data_json\\\"": \\\""{\\\\\\\""source_provider\\\\\\\"": \\\\\\\""generic\\\\\\\"", \\\\\\\""raw_data_json\\\\\\\"": \\\\\\\""{\\\\\\\\\\\\\\\""lead_id\\\\\\\\\\\\\\\"": \\\\\\\\\\\\\\\""lead_weak_001\\\\\\\\\\\\\\\"", \\\\\\\\\\\\\\\""source\\\\\\\\\\\\\\\"": \\\\\\\\\\\\\\\""manual\\\\\\\\\\\\\\\"", \\\\\\\\\\\\\\\""manual_context\\\\\\\\\\\\\\\"": \\\\\\\\\\\\\\\""Negocio local B2C sin senales claras de venta consultiva B2B.\\\\\\\\\\\\\\\"", \\\\\\\\\\\\\\\""action\\\\\\\\\\\\\\\"": \\\\\\\\\\\\\\\""research_and_draft\\\\\\\\\\\\\\\"", \\\\\\\\\\\\\\\""status\\\\\\\\\\\\\\\"": \\\\\\\\\\\\\\\""new\\\\\\\\\\\\\\\"", \\\\\\\\\\\\\\\""approved\\\\\\\\\\\\\\\"": \\\\\\\\\\\\\\\""false\\\\\\\\\\\\\\\""}\\\\\\\""}\\\""}\""}""}",duplicate,,,email:luis@tiendalaesquina.example.com,cand_6c6b32d8d428,,,,,,,,,,,,,,,,,,,,,,,,,,,,,,,,,,,,,,,,,,,,,,false,false,,,,,,,,,,,,,,,,,,,,,,,,
,Nova Cyber Advisors,https://novacyber.example.com,Martin Silva,Sales Director,martin@novacyber.example.com,Colombia,Cybersecurity,,,,,,,batch_da647320dc82,generic,,,,,,,,,,,cand_87e73f1427bf,,,novacyber.example.com,,,,,,,"{""source_provider"": ""generic"", ""raw_data_json"": ""{\""source_provider\"": \""generic\"", \""raw_data_json\"": \""{\\\""source_provider\\\"": \\\""generic\\\"", \\\""raw_data_json\\\"": \\\""{\\\\\\\""source_provider\\\\\\\"": \\\\\\\""generic\\\\\\\"", \\\\\\\""raw_data_json\\\\\\\"": \\\\\\\""{\\\\\\\\\\\\\\\""lead_id\\\\\\\\\\\\\\\"": \\\\\\\\\\\\\\\""lead_revision_001\\\\\\\\\\\\\\\"", \\\\\\\\\\\\\\\""source\\\\\\\\\\\\\\\"": \\\\\\\\\\\\\\\""manual\\\\\\\\\\\\\\\"", \\\\\\\\\\\\\\\""manual_context\\\\\\\\\\\\\\\"": \\\\\\\\\\\\\\\""Firma de ciberseguridad con servicios para empresas medianas. Draft previo demasiado generico.\\\\\\\\\\\\\\\"", \\\\\\\\\\\\\\\""action\\\\\\\\\\\\\\\"": \\\\\\\\\\\\\\\""revise\\\\\\\\\\\\\\\"", \\\\\\\\\\\\\\\""status\\\\\\\\\\\\\\\"": \\\\\\\\\\\\\\\""drafted\\\\\\\\\\\\\\\"", \\\\\\\\\\\\\\\""approved\\\\\\\\\\\\\\\"": \\\\\\\\\\\\\\\""false\\\\\\\\\\\\\\\"", \\\\\\\\\\\\\\\""revision_instruction\\\\\\\\\\\\\\\"": \\\\\\\\\\\\\\\""Hazlo mas directo y menciona trazabilidad de evidencia.\\\\\\\\\\\\\\\""}\\\\\\\""}\\\""}\""}""}",duplicate,,,email:martin@novacyber.example.com,cand_fbfa53bb3252,,,,,,,,,,,,,,,,,,,,,,,,,,,,,,,,,,,,,,,,,,,,,,false,false,,,,,,,,,,,,,,,,,,,,,,,,
,Tienda La Esquina,,Luis Perez,Owner,luis@tiendalaesquina.example.com,Peru,Retail,,,,,,,batch_da647320dc82,generic,,,,,,,,,,,cand_6c6b32d8d428,,,tiendalaesquina.example.com,,,,,,,"{""source_provider"": ""generic"", ""raw_data_json"": ""{\""source_provider\"": \""generic\"", \""raw_data_json\"": \""{\\\""source_provider\\\"": \\\""generic\\\"", \\\""raw_data_json\\\"": \\\""{\\\\\\\""lead_id\\\\\\\"": \\\\\\\""cand_35decadb470b\\\\\\\"", \\\\\\\""source\\\\\\\"": \\\\\\\""generic\\\\\\\"", \\\\\\\""action\\\\\\\"": \\\\\\\""research_and_draft\\\\\\\"", \\\\\\\""status\\\\\\\"": \\\\\\\""discard\\\\\\\"", \\\\\\\""approved\\\\\\\"": \\\\\\\""false\\\\\\\"", \\\\\\\""revision_count\\\\\\\"": \\\\\\\""0\\\\\\\"", \\\\\\\""export_ready\\\\\\\"": \\\\\\\""false\\\\\\\"", \\\\\\\""agent_note\\\\\\\"": \\\\\\\""Enrichment recommended discard. No draft generated.\\\\\\\""}\\\""}\""}""}",duplicate,,,email:luis@tiendalaesquina.example.com,cand_6c6b32d8d428,,,,,,,,,,,,,,,,,,,,,,,,,,,,,,,,,,,,,,,,,,,,,,false,false,,,,,,,,,,,,,,,,,,,,,,,,
,Nova Cyber Advisors,https://novacyber.example.com,Martin Silva,Sales Director,martin@novacyber.example.com,Colombia,Cybersecurity,,,,,,,batch_da647320dc82,generic,,,,,,,,,,,cand_fbfa53bb3252,,,novacyber.example.com,,,,,,,"{""source_provider"": ""generic"", ""raw_data_json"": ""{\""source_provider\"": \""generic\"", \""raw_data_json\"": \""{\\\""source_provider\\\"": \\\""generic\\\"", \\\""raw_data_json\\\"": \\\""{\\\\\\\""lead_id\\\\\\\"": \\\\\\\""cand_87e73f1427bf\\\\\\\"", \\\\\\\""source\\\\\\\"": \\\\\\\""generic\\\\\\\"", \\\\\\\""action\\\\\\\"": \\\\\\\""research_and_draft\\\\\\\"", \\\\\\\""status\\\\\\\"": \\\\\\\""discard\\\\\\\"", \\\\\\\""approved\\\\\\\"": \\\\\\\""false\\\\\\\"", \\\\\\\""revision_count\\\\\\\"": \\\\\\\""0\\\\\\\"", \\\\\\\""export_ready\\\\\\\"": \\\\\\\""false\\\\\\\"", \\\\\\\""agent_note\\\\\\\"": \\\\\\\""Enrichment recommended discard. No draft generated.\\\\\\\""}\\\""}\""}""}",duplicate,,,email:martin@novacyber.example.com,cand_fbfa53bb3252,,,,,,,,,,,,,,,,,,,,,,,,,,,,,,,,,,,,,,,,,,,,,,false,false,,,,,,,,,,,,,,,,,,,,,,,,
,Tienda La Esquina,,Luis Perez,Owner,luis@tiendalaesquina.example.com,Peru,Retail,,,,,,,batch_da647320dc82,generic,,,,,,,,,,,cand_55cee65905dd,,,tiendalaesquina.example.com,,,,,,,"{""source_provider"": ""generic"", ""raw_data_json"": ""{\""source_provider\"": \""generic\"", \""raw_data_json\"": \""{\\\""lead_id\\\"": \\\""cand_35decadb470b\\\"", \\\""source\\\"": \\\""generic\\\"", \\\""action\\\"": \\\""research_and_draft\\\"", \\\""status\\\"": \\\""insufficient_data\\\"", \\\""approved\\\"": \\\""false\\\"", \\\""revision_count\\\"": \\\""0\\\"", \\\""export_ready\\\"": \\\""false\\\"", \\\""agent_note\\\"": \\\""Enrichment complete. Status: insufficient_data, confidence: 30, recommended_action: discard.\\\""}\""}""}",duplicate,,,email:luis@tiendalaesquina.example.com,cand_6c6b32d8d428,,,,,,,,,,,,,,,,,,,,,,,,,,,,,,,,,,,,,,,,,,,,,,false,false,,,,,,,,,,,,,,,,,,,,,,,,
,Nova Cyber Advisors,https://novacyber.example.com,Martin Silva,Sales Director,martin@novacyber.example.com,Colombia,Cybersecurity,,,,,,,batch_da647320dc82,generic,,,,,,,,,,,cand_77abcc47aef5,,,novacyber.example.com,,,,,,,"{""source_provider"": ""generic"", ""raw_data_json"": ""{\""source_provider\"": \""generic\"", \""raw_data_json\"": \""{\\\""lead_id\\\"": \\\""cand_87e73f1427bf\\\"", \\\""source\\\"": \\\""generic\\\"", \\\""action\\\"": \\\""research_and_draft\\\"", \\\""status\\\"": \\\""insufficient_data\\\"", \\\""approved\\\"": \\\""false\\\"", \\\""revision_count\\\"": \\\""0\\\"", \\\""export_ready\\\"": \\\""false\\\"", \\\""agent_note\\\"": \\\""Enrichment complete. Status: insufficient_data, confidence: 30, recommended_action: discard.\\\""}\""}""}",duplicate,,,email:martin@novacyber.example.com,cand_fbfa53bb3252,,,,,,,,,,,,,,,,,,,,,,,,,,,,,,,,,,,,,,,,,,,,,,false,false,,,,,,,,,,,,,,,,,,,,,,,,
,Tienda La Esquina,,Luis Perez,Owner,luis@tiendalaesquina.example.com,Peru,Retail,,,,,,,batch_da647320dc82,generic,,,,,,,,,,,cand_c689cf698cdd,,,tiendalaesquina.example.com,,,,,,,"{""source_provider"": ""generic"", ""raw_data_json"": ""{\""lead_id\"": \""cand_35decadb470b\"", \""source\"": \""generic\"", \""action\"": \""research_and_draft\"", \""status\"": \""insufficient_data\"", \""approved\"": \""false\"", \""revision_count\"": \""0\"", \""export_ready\"": \""false\"", \""agent_note\"": \""Enrichment complete. Status: insufficient_data, confidence: 30, recommended_action: discard.\""}""}",duplicate,,,email:luis@tiendalaesquina.example.com,cand_6c6b32d8d428,,,,,,,,,,,,,,,,,,,,,,,,,,,,,,,,,,,,,,,,,,,,,,false,false,,,,,,,,,,,,,,,,,,,,,,,,
,Nova Cyber Advisors,https://novacyber.example.com,Martin Silva,Sales Director,martin@novacyber.example.com,Colombia,Cybersecurity,,,,,,,batch_da647320dc82,generic,,,,,,,,,,,cand_9f52b4405054,,,novacyber.example.com,,,,,,,"{""source_provider"": ""generic"", ""raw_data_json"": ""{\""lead_id\"": \""cand_87e73f1427bf\"", \""source\"": \""generic\"", \""action\"": \""research_and_draft\"", \""status\"": \""insufficient_data\"", \""approved\"": \""false\"", \""revision_count\"": \""0\"", \""export_ready\"": \""false\"", \""agent_note\"": \""Enrichment complete. Status: insufficient_data, confidence: 30, recommended_action: discard.\""}""}",duplicate,,,email:martin@novacyber.example.com,cand_fbfa53bb3252,,,,,,,,,,,,,,,,,,,,,,,,,,,,,,,,,,,,,,,,,,,,,,false,false,,,,,,,,,,,,,,,,,,,,,,,,
,Tienda La Esquina,,Luis Perez,Owner,luis@tiendalaesquina.example.com,Peru,Retail,,,,,,,batch_da647320dc82,generic,,,,,,,,,,,cand_9b9463acba27,,,tiendalaesquina.example.com,,,,,,,"{""lead_id"": ""cand_35decadb470b"", ""source"": ""generic"", ""action"": ""research_and_draft"", ""status"": ""insufficient_data"", ""approved"": ""false"", ""revision_count"": ""0"", ""export_ready"": ""false"", ""agent_note"": ""Enrichment complete. Status: insufficient_data, confidence: 30, recommended_action: discard.""}",duplicate,,,email:luis@tiendalaesquina.example.com,cand_6c6b32d8d428,,,,,,,,,,,,,,,,,,,,,,,,,,,,,,,,,,,,,,,,,,,,,,false,false,,,,,,,,,,,,,,,,,,,,,,,,
,Nova Cyber Advisors,https://novacyber.example.com,Martin Silva,Sales Director,martin@novacyber.example.com,Colombia,Cybersecurity,,,,,,,batch_da647320dc82,generic,,,,,,,,,,,cand_8e59ece2932e,,,novacyber.example.com,,,,,,,"{""lead_id"": ""cand_87e73f1427bf"", ""source"": ""generic"", ""action"": ""research_and_draft"", ""status"": ""insufficient_data"", ""approved"": ""false"", ""revision_count"": ""0"", ""export_ready"": ""false"", ""agent_note"": ""Enrichment complete. Status: insufficient_data, confidence: 30, recommended_action: discard.""}",duplicate,,,email:martin@novacyber.example.com,cand_fbfa53bb3252,,,,,,,,,,,,,,,,,,,,,,,,,,,,,,,,,,,,,,,,,,,,,,false,false,,,,,,,,,,,,,,,,,,,,,,,,
,Tienda La Esquina,,Luis Perez,Owner,luis@tiendalaesquina.example.com,Peru,Retail,,,,,,,batch_da647320dc82,generic,,,,,,,,,,,cand_00d34542042e,,,tiendalaesquina.example.com,,,,,,,"{""source_provider"": ""generic"", ""raw_data_json"": ""{\""lead_id\"": \""lead_weak_001\"", \""source\"": \""manual\"", \""manual_context\"": \""Negocio local B2C sin senales claras de venta consultiva B2B.\"", \""action\"": \""research_and_draft\"", \""status\"": \""new\"", \""approved\"": \""false\""}""}",duplicate,,,email:luis@tiendalaesquina.example.com,cand_6c6b32d8d428,,,,,,,,,,,,,,,,,,,,,,,,,,,,,,,,,,,,,,,,,,,,,,false,false,,,,,,,,,,,,,,,,,,,,,,,,
,Nova Cyber Advisors,https://novacyber.example.com,Martin Silva,Sales Director,martin@novacyber.example.com,Colombia,Cybersecurity,,,,,,,batch_da647320dc82,generic,,,,,,,,,,,cand_312e17ffe864,,,novacyber.example.com,,,,,,,"{""source_provider"": ""generic"", ""raw_data_json"": ""{\""lead_id\"": \""lead_revision_001\"", \""source\"": \""manual\"", \""manual_context\"": \""Firma de ciberseguridad con servicios para empresas medianas. Draft previo demasiado generico.\"", \""action\"": \""revise\"", \""status\"": \""drafted\"", \""approved\"": \""false\"", \""revision_instruction\"": \""Hazlo mas directo y menciona trazabilidad de evidencia.\""}""}",duplicate,,,email:martin@novacyber.example.com,cand_fbfa53bb3252,,,,,,,,,,,,,,,,,,,,,,,,,,,,,,,,,,,,,,,,,,,,,,false,false,,,,,,,,,,,,,,,,,,,,,,,,
,Tienda La Esquina,,Luis Perez,Owner,luis@tiendalaesquina.example.com,Peru,Retail,,,,,,,batch_da647320dc82,generic,,,,,,,,,,,cand_35decadb470b,,,tiendalaesquina.example.com,,,,,,,"{""source_provider"": ""generic"", ""raw_data_json"": ""{\""source_provider\"": \""generic\"", \""raw_data_json\"": \""{\\\""lead_id\\\"": \\\""lead_weak_001\\\"", \\\""source\\\"": \\\""manual\\\"", \\\""manual_context\\\"": \\\""Negocio local B2C sin senales claras de venta consultiva B2B.\\\"", \\\""action\\\"": \\\""research_and_draft\\\"", \\\""status\\\"": \\\""new\\\"", \\\""approved\\\"": \\\""false\\\""}\""}""}",duplicate,,,email:luis@tiendalaesquina.example.com,cand_6c6b32d8d428,,,,,,,,,,,,,,,,,,,,,,,,,,,,,,,,,,,,,,,,,,,,,,false,false,,,,,,,,,,,,,,,,,,,,,,,,
,Nova Cyber Advisors,https://novacyber.example.com,Martin Silva,Sales Director,martin@novacyber.example.com,Colombia,Cybersecurity,,,,,,,batch_da647320dc82,generic,,,,,,,,,,,cand_87e73f1427bf,,,novacyber.example.com,,,,,,,"{""source_provider"": ""generic"", ""raw_data_json"": ""{\""source_provider\"": \""generic\"", \""raw_data_json\"": \""{\\\""lead_id\\\"": \\\""lead_revision_001\\\"", \\\""source\\\"": \\\""manual\\\"", \\\""manual_context\\\"": \\\""Firma de ciberseguridad con servicios para empresas medianas. Draft previo demasiado generico.\\\"", \\\""action\\\"": \\\""revise\\\"", \\\""status\\\"": \\\""drafted\\\"", \\\""approved\\\"": \\\""false\\\"", \\\""revision_instruction\\\"": \\\""Hazlo mas directo y menciona trazabilidad de evidencia.\\\""}\""}""}",duplicate,,,email:martin@novacyber.example.com,cand_fbfa53bb3252,,,,,,,,,,,,,,,,,,,,,,,,,,,,,,,,,,,,,,,,,,,,,,false,false,,,,,,,,,,,,,,,,,,,,,,,,
,Tienda La Esquina,,Luis Perez,Owner,luis@tiendalaesquina.example.com,Peru,Retail,,,,,,,batch_da647320dc82,generic,,,,,,,,,,,cand_5b8b75a0fffc,,,tiendalaesquina.example.com,,,,,,,"{""source_provider"": ""generic"", ""raw_data_json"": ""{\""lead_id\"": \""cand_35decadb470b\"", \""source\"": \""generic\"", \""action\"": \""research_and_draft\"", \""status\"": \""discard\"", \""approved\"": \""false\"", \""revision_count\"": \""0\"", \""export_ready\"": \""false\"", \""agent_note\"": \""Enrichment recommended discard. No draft generated.\""}""}",duplicate,,,email:luis@tiendalaesquina.example.com,cand_6c6b32d8d428,,,,,,,,,,,,,,,,,,,,,,,,,,,,,,,,,,,,,,,,,,,,,,false,false,,,,,,,,,,,,,,,,,,,,,,,,
,Nova Cyber Advisors,https://novacyber.example.com,Martin Silva,Sales Director,martin@novacyber.example.com,Colombia,Cybersecurity,,,,,,,batch_da647320dc82,generic,,,,,,,,,,,cand_b13535079bfc,,,novacyber.example.com,,,,,,,"{""source_provider"": ""generic"", ""raw_data_json"": ""{\""lead_id\"": \""cand_87e73f1427bf\"", \""source\"": \""generic\"", \""action\"": \""research_and_draft\"", \""status\"": \""discard\"", \""approved\"": \""false\"", \""revision_count\"": \""0\"", \""export_ready\"": \""false\"", \""agent_note\"": \""Enrichment recommended discard. No draft generated.\""}""}",duplicate,,,email:martin@novacyber.example.com,cand_fbfa53bb3252,,,,,,,,,,,,,,,,,,,,,,,,,,,,,,,,,,,,,,,,,,,,,,false,false,,,,,,,,,,,,,,,,,,,,,,,,
,Tienda La Esquina,,Luis Perez,Owner,luis@tiendalaesquina.example.com,Peru,Retail,,,,,,,batch_da647320dc82,generic,,,,,,,,,,,cand_e94e83e9d868,,,tiendalaesquina.example.com,,,,,,,"{""source_provider"": ""generic"", ""raw_data_json"": ""{\""source_provider\"": \""generic\"", \""raw_data_json\"": \""{\\\""lead_id\\\"": \\\""lead_weak_001\\\"", \\\""source\\\"": \\\""manual\\\"", \\\""manual_context\\\"": \\\""Negocio local B2C sin senales claras de venta consultiva B2B.\\\"", \\\""action\\\"": \\\""research_and_draft\\\"", \\\""status\\\"": \\\""new\\\"", \\\""approved\\\"": \\\""false\\\""}\""}""}",duplicate,,,email:luis@tiendalaesquina.example.com,cand_6c6b32d8d428,,,,,,,,,,,,,,,,,,,,,,,,,,,,,,,,,,,,,,,,,,,,,,false,false,,,,,,,,,,,,,,,,,,,,,,,,
,Nova Cyber Advisors,https://novacyber.example.com,Martin Silva,Sales Director,martin@novacyber.example.com,Colombia,Cybersecurity,,,,,,,batch_da647320dc82,generic,,,,,,,,,,,cand_7c190f3f0b72,,,novacyber.example.com,,,,,,,"{""source_provider"": ""generic"", ""raw_data_json"": ""{\""source_provider\"": \""generic\"", \""raw_data_json\"": \""{\\\""lead_id\\\"": \\\""lead_revision_001\\\"", \\\""source\\\"": \\\""manual\\\"", \\\""manual_context\\\"": \\\""Firma de ciberseguridad con servicios para empresas medianas. Draft previo demasiado generico.\\\"", \\\""action\\\"": \\\""revise\\\"", \\\""status\\\"": \\\""drafted\\\"", \\\""approved\\\"": \\\""false\\\"", \\\""revision_instruction\\\"": \\\""Hazlo mas directo y menciona trazabilidad de evidencia.\\\""}\""}""}",duplicate,,,email:martin@novacyber.example.com,cand_fbfa53bb3252,,,,,,,,,,,,,,,,,,,,,,,,,,,,,,,,,,,,,,,,,,,,,,false,false,,,,,,,,,,,,,,,,,,,,,,,,
,Tienda La Esquina,,Luis Perez,Owner,luis@tiendalaesquina.example.com,Peru,Retail,,,,,,,batch_da647320dc82,generic,,,,,,,,,,,cand_35decadb470b,,,tiendalaesquina.example.com,,,,,,,"{""source_provider"": ""generic"", ""raw_data_json"": ""{\""source_provider\"": \""generic\"", \""raw_data_json\"": \""{\\\""source_provider\\\"": \\\""generic\\\"", \\\""raw_data_json\\\"": \\\""{\\\\\\\""lead_id\\\\\\\"": \\\\\\\""lead_weak_001\\\\\\\"", \\\\\\\""source\\\\\\\"": \\\\\\\""manual\\\\\\\"", \\\\\\\""manual_context\\\\\\\"": \\\\\\\""Negocio local B2C sin senales claras de venta consultiva B2B.\\\\\\\"", \\\\\\\""action\\\\\\\"": \\\\\\\""research_and_draft\\\\\\\"", \\\\\\\""status\\\\\\\"": \\\\\\\""new\\\\\\\"", \\\\\\\""approved\\\\\\\"": \\\\\\\""false\\\\\\\""}\\\""}\""}""}",duplicate,,,email:luis@tiendalaesquina.example.com,cand_6c6b32d8d428,,,,,,,,,,,,,,,,,,,,,,,,,,,,,,,,,,,,,,,,,,,,,,false,false,,,,,,,,,,,,,,,,,,,,,,,,
,Nova Cyber Advisors,https://novacyber.example.com,Martin Silva,Sales Director,martin@novacyber.example.com,Colombia,Cybersecurity,,,,,,,batch_da647320dc82,generic,,,,,,,,,,,cand_87e73f1427bf,,,novacyber.example.com,,,,,,,"{""source_provider"": ""generic"", ""raw_data_json"": ""{\""source_provider\"": \""generic\"", \""raw_data_json\"": \""{\\\""source_provider\\\"": \\\""generic\\\"", \\\""raw_data_json\\\"": \\\""{\\\\\\\""lead_id\\\\\\\"": \\\\\\\""lead_revision_001\\\\\\\"", \\\\\\\""source\\\\\\\"": \\\\\\\""manual\\\\\\\"", \\\\\\\""manual_context\\\\\\\"": \\\\\\\""Firma de ciberseguridad con servicios para empresas medianas. Draft previo demasiado generico.\\\\\\\"", \\\\\\\""action\\\\\\\"": \\\\\\\""revise\\\\\\\"", \\\\\\\""status\\\\\\\"": \\\\\\\""drafted\\\\\\\"", \\\\\\\""approved\\\\\\\"": \\\\\\\""false\\\\\\\"", \\\\\\\""revision_instruction\\\\\\\"": \\\\\\\""Hazlo mas directo y menciona trazabilidad de evidencia.\\\\\\\""}\\\""}\""}""}",duplicate,,,email:martin@novacyber.example.com,cand_fbfa53bb3252,,,,,,,,,,,,,,,,,,,,,,,,,,,,,,,,,,,,,,,,,,,,,,false,false,,,,,,,,,,,,,,,,,,,,,,,,
,Tienda La Esquina,,Luis Perez,Owner,luis@tiendalaesquina.example.com,Peru,Retail,,,,,,,batch_da647320dc82,generic,,,,,,,,,,,cand_6c6b32d8d428,,,tiendalaesquina.example.com,,,,,,,"{""source_provider"": ""generic"", ""raw_data_json"": ""{\""source_provider\"": \""generic\"", \""raw_data_json\"": \""{\\\""lead_id\\\"": \\\""cand_35decadb470b\\\"", \\\""source\\\"": \\\""generic\\\"", \\\""action\\\"": \\\""research_and_draft\\\"", \\\""status\\\"": \\\""discard\\\"", \\\""approved\\\"": \\\""false\\\"", \\\""revision_count\\\"": \\\""0\\\"", \\\""export_ready\\\"": \\\""false\\\"", \\\""agent_note\\\"": \\\""Enrichment recommended discard. No draft generated.\\\""}\""}""}",duplicate,,,email:luis@tiendalaesquina.example.com,cand_6c6b32d8d428,,,,,,,,,,,,,,,,,,,,,,,,,,,,,,,,,,,,,,,,,,,,,,false,false,,,,,,,,,,,,,,,,,,,,,,,,
,Nova Cyber Advisors,https://novacyber.example.com,Martin Silva,Sales Director,martin@novacyber.example.com,Colombia,Cybersecurity,,,,,,,batch_da647320dc82,generic,,,,,,,,,,,cand_fbfa53bb3252,,,novacyber.example.com,,,,,,,"{""source_provider"": ""generic"", ""raw_data_json"": ""{\""source_provider\"": \""generic\"", \""raw_data_json\"": \""{\\\""lead_id\\\"": \\\""cand_87e73f1427bf\\\"", \\\""source\\\"": \\\""generic\\\"", \\\""action\\\"": \\\""research_and_draft\\\"", \\\""status\\\"": \\\""discard\\\"", \\\""approved\\\"": \\\""false\\\"", \\\""revision_count\\\"": \\\""0\\\"", \\\""export_ready\\\"": \\\""false\\\"", \\\""agent_note\\\"": \\\""Enrichment recommended discard. No draft generated.\\\""}\""}""}",duplicate,,,email:martin@novacyber.example.com,cand_fbfa53bb3252,,,,,,,,,,,,,,,,,,,,,,,,,,,,,,,,,,,,,,,,,,,,,,false,false,,,,,,,,,,,,,,,,,,,,,,,,
,Tienda La Esquina,,Luis Perez,Owner,luis@tiendalaesquina.example.com,Peru,Retail,,,,,,,batch_da647320dc82,generic,,,,,,,,,,,cand_7c7c23133b9c,,,tiendalaesquina.example.com,,,,,,,"{""source_provider"": ""generic"", ""raw_data_json"": ""{\""lead_id\"": \""cand_35decadb470b\"", \""source\"": \""generic\"", \""action\"": \""research_and_draft\"", \""status\"": \""insufficient_data\"", \""approved\"": \""false\"", \""revision_count\"": \""0\"", \""export_ready\"": \""false\"", \""agent_note\"": \""Enrichment complete. Status: insufficient_data, confidence: 30, recommended_action: discard.\""}""}",duplicate,,,email:luis@tiendalaesquina.example.com,cand_6c6b32d8d428,,,,,,,,,,,,,,,,,,,,,,,,,,,,,,,,,,,,,,,,,,,,,,false,false,,,,,,,,,,,,,,,,,,,,,,,,
,Nova Cyber Advisors,https://novacyber.example.com,Martin Silva,Sales Director,martin@novacyber.example.com,Colombia,Cybersecurity,,,,,,,batch_da647320dc82,generic,,,,,,,,,,,cand_4c5bef35d058,,,novacyber.example.com,,,,,,,"{""source_provider"": ""generic"", ""raw_data_json"": ""{\""lead_id\"": \""cand_87e73f1427bf\"", \""source\"": \""generic\"", \""action\"": \""research_and_draft\"", \""status\"": \""insufficient_data\"", \""approved\"": \""false\"", \""revision_count\"": \""0\"", \""export_ready\"": \""false\"", \""agent_note\"": \""Enrichment complete. Status: insufficient_data, confidence: 30, recommended_action: discard.\""}""}",duplicate,,,email:martin@novacyber.example.com,cand_fbfa53bb3252,,,,,,,,,,,,,,,,,,,,,,,,,,,,,,,,,,,,,,,,,,,,,,false,false,,,,,,,,,,,,,,,,,,,,,,,,
,Tienda La Esquina,,Luis Perez,Owner,luis@tiendalaesquina.example.com,Peru,Retail,,,,,,,batch_da647320dc82,generic,,,,,,,,,,,cand_645e73e151c6,,,tiendalaesquina.example.com,,,,,,,"{""source_provider"": ""generic"", ""raw_data_json"": ""{\""source_provider\"": \""generic\"", \""raw_data_json\"": \""{\\\""lead_id\\\"": \\\""lead_weak_001\\\"", \\\""source\\\"": \\\""manual\\\"", \\\""manual_context\\\"": \\\""Negocio local B2C sin senales claras de venta consultiva B2B.\\\"", \\\""action\\\"": \\\""research_and_draft\\\"", \\\""status\\\"": \\\""new\\\"", \\\""approved\\\"": \\\""false\\\""}\""}""}",duplicate,,,email:luis@tiendalaesquina.example.com,cand_6c6b32d8d428,,,,,,,,,,,,,,,,,,,,,,,,,,,,,,,,,,,,,,,,,,,,,,false,false,,,,,,,,,,,,,,,,,,,,,,,,
,Nova Cyber Advisors,https://novacyber.example.com,Martin Silva,Sales Director,martin@novacyber.example.com,Colombia,Cybersecurity,,,,,,,batch_da647320dc82,generic,,,,,,,,,,,cand_51d2cbd0d029,,,novacyber.example.com,,,,,,,"{""source_provider"": ""generic"", ""raw_data_json"": ""{\""source_provider\"": \""generic\"", \""raw_data_json\"": \""{\\\""lead_id\\\"": \\\""lead_revision_001\\\"", \\\""source\\\"": \\\""manual\\\"", \\\""manual_context\\\"": \\\""Firma de ciberseguridad con servicios para empresas medianas. Draft previo demasiado generico.\\\"", \\\""action\\\"": \\\""revise\\\"", \\\""status\\\"": \\\""drafted\\\"", \\\""approved\\\"": \\\""false\\\"", \\\""revision_instruction\\\"": \\\""Hazlo mas directo y menciona trazabilidad de evidencia.\\\""}\""}""}",duplicate,,,email:martin@novacyber.example.com,cand_fbfa53bb3252,,,,,,,,,,,,,,,,,,,,,,,,,,,,,,,,,,,,,,,,,,,,,,false,false,,,,,,,,,,,,,,,,,,,,,,,,
,Tienda La Esquina,,Luis Perez,Owner,luis@tiendalaesquina.example.com,Peru,Retail,,,,,,,batch_da647320dc82,generic,,,,,,,,,,,cand_35decadb470b,,,tiendalaesquina.example.com,,,,,,,"{""source_provider"": ""generic"", ""raw_data_json"": ""{\""source_provider\"": \""generic\"", \""raw_data_json\"": \""{\\\""source_provider\\\"": \\\""generic\\\"", \\\""raw_data_json\\\"": \\\""{\\\\\\\""lead_id\\\\\\\"": \\\\\\\""lead_weak_001\\\\\\\"", \\\\\\\""source\\\\\\\"": \\\\\\\""manual\\\\\\\"", \\\\\\\""manual_context\\\\\\\"": \\\\\\\""Negocio local B2C sin senales claras de venta consultiva B2B.\\\\\\\"", \\\\\\\""action\\\\\\\"": \\\\\\\""research_and_draft\\\\\\\"", \\\\\\\""status\\\\\\\"": \\\\\\\""new\\\\\\\"", \\\\\\\""approved\\\\\\\"": \\\\\\\""false\\\\\\\""}\\\""}\""}""}",duplicate,,,email:luis@tiendalaesquina.example.com,cand_6c6b32d8d428,,,,,,,,,,,,,,,,,,,,,,,,,,,,,,,,,,,,,,,,,,,,,,false,false,,,,,,,,,,,,,,,,,,,,,,,,
,Nova Cyber Advisors,https://novacyber.example.com,Martin Silva,Sales Director,martin@novacyber.example.com,Colombia,Cybersecurity,,,,,,,batch_da647320dc82,generic,,,,,,,,,,,cand_87e73f1427bf,,,novacyber.example.com,,,,,,,"{""source_provider"": ""generic"", ""raw_data_json"": ""{\""source_provider\"": \""generic\"", \""raw_data_json\"": \""{\\\""source_provider\\\"": \\\""generic\\\"", \\\""raw_data_json\\\"": \\\""{\\\\\\\""lead_id\\\\\\\"": \\\\\\\""lead_revision_001\\\\\\\"", \\\\\\\""source\\\\\\\"": \\\\\\\""manual\\\\\\\"", \\\\\\\""manual_context\\\\\\\"": \\\\\\\""Firma de ciberseguridad con servicios para empresas medianas. Draft previo demasiado generico.\\\\\\\"", \\\\\\\""action\\\\\\\"": \\\\\\\""revise\\\\\\\"", \\\\\\\""status\\\\\\\"": \\\\\\\""drafted\\\\\\\"", \\\\\\\""approved\\\\\\\"": \\\\\\\""false\\\\\\\"", \\\\\\\""revision_instruction\\\\\\\"": \\\\\\\""Hazlo mas directo y menciona trazabilidad de evidencia.\\\\\\\""}\\\""}\""}""}",duplicate,,,email:martin@novacyber.example.com,cand_fbfa53bb3252,,,,,,,,,,,,,,,,,,,,,,,,,,,,,,,,,,,,,,,,,,,,,,false,false,,,,,,,,,,,,,,,,,,,,,,,,
,Tienda La Esquina,,Luis Perez,Owner,luis@tiendalaesquina.example.com,Peru,Retail,,,,,,,batch_da647320dc82,generic,,,,,,,,,,,cand_3993f593326f,,,tiendalaesquina.example.com,,,,,,,"{""source_provider"": ""generic"", ""raw_data_json"": ""{\""source_provider\"": \""generic\"", \""raw_data_json\"": \""{\\\""lead_id\\\"": \\\""cand_35decadb470b\\\"", \\\""source\\\"": \\\""generic\\\"", \\\""action\\\"": \\\""research_and_draft\\\"", \\\""status\\\"": \\\""discard\\\"", \\\""approved\\\"": \\\""false\\\"", \\\""revision_count\\\"": \\\""0\\\"", \\\""export_ready\\\"": \\\""false\\\"", \\\""agent_note\\\"": \\\""Enrichment recommended discard. No draft generated.\\\""}\""}""}",duplicate,,,email:luis@tiendalaesquina.example.com,cand_6c6b32d8d428,,,,,,,,,,,,,,,,,,,,,,,,,,,,,,,,,,,,,,,,,,,,,,false,false,,,,,,,,,,,,,,,,,,,,,,,,
,Nova Cyber Advisors,https://novacyber.example.com,Martin Silva,Sales Director,martin@novacyber.example.com,Colombia,Cybersecurity,,,,,,,batch_da647320dc82,generic,,,,,,,,,,,cand_014e30539043,,,novacyber.example.com,,,,,,,"{""source_provider"": ""generic"", ""raw_data_json"": ""{\""source_provider\"": \""generic\"", \""raw_data_json\"": \""{\\\""lead_id\\\"": \\\""cand_87e73f1427bf\\\"", \\\""source\\\"": \\\""generic\\\"", \\\""action\\\"": \\\""research_and_draft\\\"", \\\""status\\\"": \\\""discard\\\"", \\\""approved\\\"": \\\""false\\\"", \\\""revision_count\\\"": \\\""0\\\"", \\\""export_ready\\\"": \\\""false\\\"", \\\""agent_note\\\"": \\\""Enrichment recommended discard. No draft generated.\\\""}\""}""}",duplicate,,,email:martin@novacyber.example.com,cand_fbfa53bb3252,,,,,,,,,,,,,,,,,,,,,,,,,,,,,,,,,,,,,,,,,,,,,,false,false,,,,,,,,,,,,,,,,,,,,,,,,
,Tienda La Esquina,,Luis Perez,Owner,luis@tiendalaesquina.example.com,Peru,Retail,,,,,,,batch_da647320dc82,generic,,,,,,,,,,,cand_e94e83e9d868,,,tiendalaesquina.example.com,,,,,,,"{""source_provider"": ""generic"", ""raw_data_json"": ""{\""source_provider\"": \""generic\"", \""raw_data_json\"": \""{\\\""source_provider\\\"": \\\""generic\\\"", \\\""raw_data_json\\\"": \\\""{\\\\\\\""lead_id\\\\\\\"": \\\\\\\""lead_weak_001\\\\\\\"", \\\\\\\""source\\\\\\\"": \\\\\\\""manual\\\\\\\"", \\\\\\\""manual_context\\\\\\\"": \\\\\\\""Negocio local B2C sin senales claras de venta consultiva B2B.\\\\\\\"", \\\\\\\""action\\\\\\\"": \\\\\\\""research_and_draft\\\\\\\"", \\\\\\\""status\\\\\\\"": \\\\\\\""new\\\\\\\"", \\\\\\\""approved\\\\\\\"": \\\\\\\""false\\\\\\\""}\\\""}\""}""}",duplicate,,,email:luis@tiendalaesquina.example.com,cand_6c6b32d8d428,,,,,,,,,,,,,,,,,,,,,,,,,,,,,,,,,,,,,,,,,,,,,,false,false,,,,,,,,,,,,,,,,,,,,,,,,
,Nova Cyber Advisors,https://novacyber.example.com,Martin Silva,Sales Director,martin@novacyber.example.com,Colombia,Cybersecurity,,,,,,,batch_da647320dc82,generic,,,,,,,,,,,cand_7c190f3f0b72,,,novacyber.example.com,,,,,,,"{""source_provider"": ""generic"", ""raw_data_json"": ""{\""source_provider\"": \""generic\"", \""raw_data_json\"": \""{\\\""source_provider\\\"": \\\""generic\\\"", \\\""raw_data_json\\\"": \\\""{\\\\\\\""lead_id\\\\\\\"": \\\\\\\""lead_revision_001\\\\\\\"", \\\\\\\""source\\\\\\\"": \\\\\\\""manual\\\\\\\"", \\\\\\\""manual_context\\\\\\\"": \\\\\\\""Firma de ciberseguridad con servicios para empresas medianas. Draft previo demasiado generico.\\\\\\\"", \\\\\\\""action\\\\\\\"": \\\\\\\""revise\\\\\\\"", \\\\\\\""status\\\\\\\"": \\\\\\\""drafted\\\\\\\"", \\\\\\\""approved\\\\\\\"": \\\\\\\""false\\\\\\\"", \\\\\\\""revision_instruction\\\\\\\"": \\\\\\\""Hazlo mas directo y menciona trazabilidad de evidencia.\\\\\\\""}\\\""}\""}""}",duplicate,,,email:martin@novacyber.example.com,cand_fbfa53bb3252,,,,,,,,,,,,,,,,,,,,,,,,,,,,,,,,,,,,,,,,,,,,,,false,false,,,,,,,,,,,,,,,,,,,,,,,,
,Tienda La Esquina,,Luis Perez,Owner,luis@tiendalaesquina.example.com,Peru,Retail,,,,,,,batch_da647320dc82,generic,,,,,,,,,,,cand_35decadb470b,,,tiendalaesquina.example.com,,,,,,,"{""source_provider"": ""generic"", ""raw_data_json"": ""{\""source_provider\"": \""generic\"", \""raw_data_json\"": \""{\\\""source_provider\\\"": \\\""generic\\\"", \\\""raw_data_json\\\"": \\\""{\\\\\\\""source_provider\\\\\\\"": \\\\\\\""generic\\\\\\\"", \\\\\\\""raw_data_json\\\\\\\"": \\\\\\\""{\\\\\\\\\\\\\\\""lead_id\\\\\\\\\\\\\\\"": \\\\\\\\\\\\\\\""lead_weak_001\\\\\\\\\\\\\\\"", \\\\\\\\\\\\\\\""source\\\\\\\\\\\\\\\"": \\\\\\\\\\\\\\\""manual\\\\\\\\\\\\\\\"", \\\\\\\\\\\\\\\""manual_context\\\\\\\\\\\\\\\"": \\\\\\\\\\\\\\\""Negocio local B2C sin senales claras de venta consultiva B2B.\\\\\\\\\\\\\\\"", \\\\\\\\\\\\\\\""action\\\\\\\\\\\\\\\"": \\\\\\\\\\\\\\\""research_and_draft\\\\\\\\\\\\\\\"", \\\\\\\\\\\\\\\""status\\\\\\\\\\\\\\\"": \\\\\\\\\\\\\\\""new\\\\\\\\\\\\\\\"", \\\\\\\\\\\\\\\""approved\\\\\\\\\\\\\\\"": \\\\\\\\\\\\\\\""false\\\\\\\\\\\\\\\""}\\\\\\\""}\\\""}\""}""}",duplicate,,,email:luis@tiendalaesquina.example.com,cand_6c6b32d8d428,,,,,,,,,,,,,,,,,,,,,,,,,,,,,,,,,,,,,,,,,,,,,,false,false,,,,,,,,,,,,,,,,,,,,,,,,
,Nova Cyber Advisors,https://novacyber.example.com,Martin Silva,Sales Director,martin@novacyber.example.com,Colombia,Cybersecurity,,,,,,,batch_da647320dc82,generic,,,,,,,,,,,cand_87e73f1427bf,,,novacyber.example.com,,,,,,,"{""source_provider"": ""generic"", ""raw_data_json"": ""{\""source_provider\"": \""generic\"", \""raw_data_json\"": \""{\\\""source_provider\\\"": \\\""generic\\\"", \\\""raw_data_json\\\"": \\\""{\\\\\\\""source_provider\\\\\\\"": \\\\\\\""generic\\\\\\\"", \\\\\\\""raw_data_json\\\\\\\"": \\\\\\\""{\\\\\\\\\\\\\\\""lead_id\\\\\\\\\\\\\\\"": \\\\\\\\\\\\\\\""lead_revision_001\\\\\\\\\\\\\\\"", \\\\\\\\\\\\\\\""source\\\\\\\\\\\\\\\"": \\\\\\\\\\\\\\\""manual\\\\\\\\\\\\\\\"", \\\\\\\\\\\\\\\""manual_context\\\\\\\\\\\\\\\"": \\\\\\\\\\\\\\\""Firma de ciberseguridad con servicios para empresas medianas. Draft previo demasiado generico.\\\\\\\\\\\\\\\"", \\\\\\\\\\\\\\\""action\\\\\\\\\\\\\\\"": \\\\\\\\\\\\\\\""revise\\\\\\\\\\\\\\\"", \\\\\\\\\\\\\\\""status\\\\\\\\\\\\\\\"": \\\\\\\\\\\\\\\""drafted\\\\\\\\\\\\\\\"", \\\\\\\\\\\\\\\""approved\\\\\\\\\\\\\\\"": \\\\\\\\\\\\\\\""false\\\\\\\\\\\\\\\"", \\\\\\\\\\\\\\\""revision_instruction\\\\\\\\\\\\\\\"": \\\\\\\\\\\\\\\""Hazlo mas directo y menciona trazabilidad de evidencia.\\\\\\\\\\\\\\\""}\\\\\\\""}\\\""}\""}""}",duplicate,,,email:martin@novacyber.example.com,cand_fbfa53bb3252,,,,,,,,,,,,,,,,,,,,,,,,,,,,,,,,,,,,,,,,,,,,,,false,false,,,,,,,,,,,,,,,,,,,,,,,,
,Tienda La Esquina,,Luis Perez,Owner,luis@tiendalaesquina.example.com,Peru,Retail,,,,,,,batch_da647320dc82,generic,,,,,,,,,,,cand_6c6b32d8d428,,,tiendalaesquina.example.com,,,,,,,"{""source_provider"": ""generic"", ""raw_data_json"": ""{\""source_provider\"": \""generic\"", \""raw_data_json\"": \""{\\\""source_provider\\\"": \\\""generic\\\"", \\\""raw_data_json\\\"": \\\""{\\\\\\\""lead_id\\\\\\\"": \\\\\\\""cand_35decadb470b\\\\\\\"", \\\\\\\""source\\\\\\\"": \\\\\\\""generic\\\\\\\"", \\\\\\\""action\\\\\\\"": \\\\\\\""research_and_draft\\\\\\\"", \\\\\\\""status\\\\\\\"": \\\\\\\""discard\\\\\\\"", \\\\\\\""approved\\\\\\\"": \\\\\\\""false\\\\\\\"", \\\\\\\""revision_count\\\\\\\"": \\\\\\\""0\\\\\\\"", \\\\\\\""export_ready\\\\\\\"": \\\\\\\""false\\\\\\\"", \\\\\\\""agent_note\\\\\\\"": \\\\\\\""Enrichment recommended discard. No draft generated.\\\\\\\""}\\\""}\""}""}",duplicate,,,email:luis@tiendalaesquina.example.com,cand_6c6b32d8d428,,,,,,,,,,,,,,,,,,,,,,,,,,,,,,,,,,,,,,,,,,,,,,false,false,,,,,,,,,,,,,,,,,,,,,,,,
,Nova Cyber Advisors,https://novacyber.example.com,Martin Silva,Sales Director,martin@novacyber.example.com,Colombia,Cybersecurity,,,,,,,batch_da647320dc82,generic,,,,,,,,,,,cand_fbfa53bb3252,,,novacyber.example.com,,,,,,,"{""source_provider"": ""generic"", ""raw_data_json"": ""{\""source_provider\"": \""generic\"", \""raw_data_json\"": \""{\\\""source_provider\\\"": \\\""generic\\\"", \\\""raw_data_json\\\"": \\\""{\\\\\\\""lead_id\\\\\\\"": \\\\\\\""cand_87e73f1427bf\\\\\\\"", \\\\\\\""source\\\\\\\"": \\\\\\\""generic\\\\\\\"", \\\\\\\""action\\\\\\\"": \\\\\\\""research_and_draft\\\\\\\"", \\\\\\\""status\\\\\\\"": \\\\\\\""discard\\\\\\\"", \\\\\\\""approved\\\\\\\"": \\\\\\\""false\\\\\\\"", \\\\\\\""revision_count\\\\\\\"": \\\\\\\""0\\\\\\\"", \\\\\\\""export_ready\\\\\\\"": \\\\\\\""false\\\\\\\"", \\\\\\\""agent_note\\\\\\\"": \\\\\\\""Enrichment recommended discard. No draft generated.\\\\\\\""}\\\""}\""}""}",duplicate,,,email:martin@novacyber.example.com,cand_fbfa53bb3252,,,,,,,,,,,,,,,,,,,,,,,,,,,,,,,,,,,,,,,,,,,,,,false,false,,,,,,,,,,,,,,,,,,,,,,,,
,Tienda La Esquina,,Luis Perez,Owner,luis@tiendalaesquina.example.com,Peru,Retail,,,,,,,batch_da647320dc82,generic,,,,,,,,,,,cand_55cee65905dd,,,tiendalaesquina.example.com,,,,,,,"{""source_provider"": ""generic"", ""raw_data_json"": ""{\""source_provider\"": \""generic\"", \""raw_data_json\"": \""{\\\""lead_id\\\"": \\\""cand_35decadb470b\\\"", \\\""source\\\"": \\\""generic\\\"", \\\""action\\\"": \\\""research_and_draft\\\"", \\\""status\\\"": \\\""insufficient_data\\\"", \\\""approved\\\"": \\\""false\\\"", \\\""revision_count\\\"": \\\""0\\\"", \\\""export_ready\\\"": \\\""false\\\"", \\\""agent_note\\\"": \\\""Enrichment complete. Status: insufficient_data, confidence: 30, recommended_action: discard.\\\""}\""}""}",duplicate,,,email:luis@tiendalaesquina.example.com,cand_6c6b32d8d428,,,,,,,,,,,,,,,,,,,,,,,,,,,,,,,,,,,,,,,,,,,,,,false,false,,,,,,,,,,,,,,,,,,,,,,,,
,Nova Cyber Advisors,https://novacyber.example.com,Martin Silva,Sales Director,martin@novacyber.example.com,Colombia,Cybersecurity,,,,,,,batch_da647320dc82,generic,,,,,,,,,,,cand_77abcc47aef5,,,novacyber.example.com,,,,,,,"{""source_provider"": ""generic"", ""raw_data_json"": ""{\""source_provider\"": \""generic\"", \""raw_data_json\"": \""{\\\""lead_id\\\"": \\\""cand_87e73f1427bf\\\"", \\\""source\\\"": \\\""generic\\\"", \\\""action\\\"": \\\""research_and_draft\\\"", \\\""status\\\"": \\\""insufficient_data\\\"", \\\""approved\\\"": \\\""false\\\"", \\\""revision_count\\\"": \\\""0\\\"", \\\""export_ready\\\"": \\\""false\\\"", \\\""agent_note\\\"": \\\""Enrichment complete. Status: insufficient_data, confidence: 30, recommended_action: discard.\\\""}\""}""}",duplicate,,,email:martin@novacyber.example.com,cand_fbfa53bb3252,,,,,,,,,,,,,,,,,,,,,,,,,,,,,,,,,,,,,,,,,,,,,,false,false,,,,,,,,,,,,,,,,,,,,,,,,
,Tienda La Esquina,,Luis Perez,Owner,luis@tiendalaesquina.example.com,Peru,Retail,,,,,,,batch_da647320dc82,generic,,,,,,,,,,,cand_b9753e329c8f,,,tiendalaesquina.example.com,,,,,,,"{""source_provider"": ""generic"", ""raw_data_json"": ""{\""lead_id\"": \""cand_35decadb470b\"", \""source\"": \""generic\"", \""action\"": \""research_and_draft\"", \""status\"": \""insufficient_data\"", \""approved\"": \""false\"", \""revision_count\"": \""0\"", \""export_ready\"": \""false\"", \""agent_note\"": \""Enrichment complete. Status: insufficient_data, confidence: 30, recommended_action: discard.\""}""}",duplicate,,,email:luis@tiendalaesquina.example.com,cand_6c6b32d8d428,,,,,,,,,,,,,,,,,,,,,,,,,,,,,,,,,,,,,,,,,,,,,,false,false,,,,,,,,,,,,,,,,,,,,,,,,
,Nova Cyber Advisors,https://novacyber.example.com,Martin Silva,Sales Director,martin@novacyber.example.com,Colombia,Cybersecurity,,,,,,,batch_da647320dc82,generic,,,,,,,,,,,cand_72a3bb1d42dc,,,novacyber.example.com,,,,,,,"{""source_provider"": ""generic"", ""raw_data_json"": ""{\""lead_id\"": \""cand_87e73f1427bf\"", \""source\"": \""generic\"", \""action\"": \""research_and_draft\"", \""status\"": \""insufficient_data\"", \""approved\"": \""false\"", \""revision_count\"": \""0\"", \""export_ready\"": \""false\"", \""agent_note\"": \""Enrichment complete. Status: insufficient_data, confidence: 30, recommended_action: discard.\""}""}",duplicate,,,email:martin@novacyber.example.com,cand_fbfa53bb3252,,,,,,,,,,,,,,,,,,,,,,,,,,,,,,,,,,,,,,,,,,,,,,false,false,,,,,,,,,,,,,,,,,,,,,,,,
,Tienda La Esquina,,Luis Perez,Owner,luis@tiendalaesquina.example.com,Peru,Retail,,,,,,,batch_da647320dc82,generic,,,,,,,,,,,cand_d488e6938492,,,tiendalaesquina.example.com,,,,,,,"{""source_provider"": ""generic"", ""raw_data_json"": ""{\""source_provider\"": \""generic\"", \""raw_data_json\"": \""{\\\""lead_id\\\"": \\\""lead_weak_001\\\"", \\\""source\\\"": \\\""manual\\\"", \\\""manual_context\\\"": \\\""Negocio local B2C sin senales claras de venta consultiva B2B.\\\"", \\\""action\\\"": \\\""research_and_draft\\\"", \\\""status\\\"": \\\""new\\\"", \\\""approved\\\"": \\\""false\\\""}\""}""}",duplicate,,,email:luis@tiendalaesquina.example.com,cand_6c6b32d8d428,,,,,,,,,,,,,,,,,,,,,,,,,,,,,,,,,,,,,,,,,,,,,,false,false,,,,,,,,,,,,,,,,,,,,,,,,
,Nova Cyber Advisors,https://novacyber.example.com,Martin Silva,Sales Director,martin@novacyber.example.com,Colombia,Cybersecurity,,,,,,,batch_da647320dc82,generic,,,,,,,,,,,cand_e54d225244b6,,,novacyber.example.com,,,,,,,"{""source_provider"": ""generic"", ""raw_data_json"": ""{\""source_provider\"": \""generic\"", \""raw_data_json\"": \""{\\\""lead_id\\\"": \\\""lead_revision_001\\\"", \\\""source\\\"": \\\""manual\\\"", \\\""manual_context\\\"": \\\""Firma de ciberseguridad con servicios para empresas medianas. Draft previo demasiado generico.\\\"", \\\""action\\\"": \\\""revise\\\"", \\\""status\\\"": \\\""drafted\\\"", \\\""approved\\\"": \\\""false\\\"", \\\""revision_instruction\\\"": \\\""Hazlo mas directo y menciona trazabilidad de evidencia.\\\""}\""}""}",duplicate,,,email:martin@novacyber.example.com,cand_fbfa53bb3252,,,,,,,,,,,,,,,,,,,,,,,,,,,,,,,,,,,,,,,,,,,,,,false,false,,,,,,,,,,,,,,,,,,,,,,,,
,Tienda La Esquina,,Luis Perez,Owner,luis@tiendalaesquina.example.com,Peru,Retail,,,,,,,batch_da647320dc82,generic,,,,,,,,,,,cand_35decadb470b,,,tiendalaesquina.example.com,,,,,,,"{""source_provider"": ""generic"", ""raw_data_json"": ""{\""source_provider\"": \""generic\"", \""raw_data_json\"": \""{\\\""source_provider\\\"": \\\""generic\\\"", \\\""raw_data_json\\\"": \\\""{\\\\\\\""lead_id\\\\\\\"": \\\\\\\""lead_weak_001\\\\\\\"", \\\\\\\""source\\\\\\\"": \\\\\\\""manual\\\\\\\"", \\\\\\\""manual_context\\\\\\\"": \\\\\\\""Negocio local B2C sin senales claras de venta consultiva B2B.\\\\\\\"", \\\\\\\""action\\\\\\\"": \\\\\\\""research_and_draft\\\\\\\"", \\\\\\\""status\\\\\\\"": \\\\\\\""new\\\\\\\"", \\\\\\\""approved\\\\\\\"": \\\\\\\""false\\\\\\\""}\\\""}\""}""}",duplicate,,,email:luis@tiendalaesquina.example.com,cand_6c6b32d8d428,,,,,,,,,,,,,,,,,,,,,,,,,,,,,,,,,,,,,,,,,,,,,,false,false,,,,,,,,,,,,,,,,,,,,,,,,
,Nova Cyber Advisors,https://novacyber.example.com,Martin Silva,Sales Director,martin@novacyber.example.com,Colombia,Cybersecurity,,,,,,,batch_da647320dc82,generic,,,,,,,,,,,cand_87e73f1427bf,,,novacyber.example.com,,,,,,,"{""source_provider"": ""generic"", ""raw_data_json"": ""{\""source_provider\"": \""generic\"", \""raw_data_json\"": \""{\\\""source_provider\\\"": \\\""generic\\\"", \\\""raw_data_json\\\"": \\\""{\\\\\\\""lead_id\\\\\\\"": \\\\\\\""lead_revision_001\\\\\\\"", \\\\\\\""source\\\\\\\"": \\\\\\\""manual\\\\\\\"", \\\\\\\""manual_context\\\\\\\"": \\\\\\\""Firma de ciberseguridad con servicios para empresas medianas. Draft previo demasiado generico.\\\\\\\"", \\\\\\\""action\\\\\\\"": \\\\\\\""revise\\\\\\\"", \\\\\\\""status\\\\\\\"": \\\\\\\""drafted\\\\\\\"", \\\\\\\""approved\\\\\\\"": \\\\\\\""false\\\\\\\"", \\\\\\\""revision_instruction\\\\\\\"": \\\\\\\""Hazlo mas directo y menciona trazabilidad de evidencia.\\\\\\\""}\\\""}\""}""}",duplicate,,,email:martin@novacyber.example.com,cand_fbfa53bb3252,,,,,,,,,,,,,,,,,,,,,,,,,,,,,,,,,,,,,,,,,,,,,,false,false,,,,,,,,,,,,,,,,,,,,,,,,
,Tienda La Esquina,,Luis Perez,Owner,luis@tiendalaesquina.example.com,Peru,Retail,,,,,,,batch_da647320dc82,generic,,,,,,,,,,,cand_a109ff4d3d5d,,,tiendalaesquina.example.com,,,,,,,"{""source_provider"": ""generic"", ""raw_data_json"": ""{\""source_provider\"": \""generic\"", \""raw_data_json\"": \""{\\\""lead_id\\\"": \\\""cand_35decadb470b\\\"", \\\""source\\\"": \\\""generic\\\"", \\\""action\\\"": \\\""research_and_draft\\\"", \\\""status\\\"": \\\""discard\\\"", \\\""approved\\\"": \\\""false\\\"", \\\""revision_count\\\"": \\\""0\\\"", \\\""export_ready\\\"": \\\""false\\\"", \\\""agent_note\\\"": \\\""Enrichment recommended discard. No draft generated.\\\""}\""}""}",duplicate,,,email:luis@tiendalaesquina.example.com,cand_6c6b32d8d428,,,,,,,,,,,,,,,,,,,,,,,,,,,,,,,,,,,,,,,,,,,,,,false,false,,,,,,,,,,,,,,,,,,,,,,,,
,Nova Cyber Advisors,https://novacyber.example.com,Martin Silva,Sales Director,martin@novacyber.example.com,Colombia,Cybersecurity,,,,,,,batch_da647320dc82,generic,,,,,,,,,,,cand_45a0690b6cd7,,,novacyber.example.com,,,,,,,"{""source_provider"": ""generic"", ""raw_data_json"": ""{\""source_provider\"": \""generic\"", \""raw_data_json\"": \""{\\\""lead_id\\\"": \\\""cand_87e73f1427bf\\\"", \\\""source\\\"": \\\""generic\\\"", \\\""action\\\"": \\\""research_and_draft\\\"", \\\""status\\\"": \\\""discard\\\"", \\\""approved\\\"": \\\""false\\\"", \\\""revision_count\\\"": \\\""0\\\"", \\\""export_ready\\\"": \\\""false\\\"", \\\""agent_note\\\"": \\\""Enrichment recommended discard. No draft generated.\\\""}\""}""}",duplicate,,,email:martin@novacyber.example.com,cand_fbfa53bb3252,,,,,,,,,,,,,,,,,,,,,,,,,,,,,,,,,,,,,,,,,,,,,,false,false,,,,,,,,,,,,,,,,,,,,,,,,
,Tienda La Esquina,,Luis Perez,Owner,luis@tiendalaesquina.example.com,Peru,Retail,,,,,,,batch_da647320dc82,generic,,,,,,,,,,,cand_e94e83e9d868,,,tiendalaesquina.example.com,,,,,,,"{""source_provider"": ""generic"", ""raw_data_json"": ""{\""source_provider\"": \""generic\"", \""raw_data_json\"": \""{\\\""source_provider\\\"": \\\""generic\\\"", \\\""raw_data_json\\\"": \\\""{\\\\\\\""lead_id\\\\\\\"": \\\\\\\""lead_weak_001\\\\\\\"", \\\\\\\""source\\\\\\\"": \\\\\\\""manual\\\\\\\"", \\\\\\\""manual_context\\\\\\\"": \\\\\\\""Negocio local B2C sin senales claras de venta consultiva B2B.\\\\\\\"", \\\\\\\""action\\\\\\\"": \\\\\\\""research_and_draft\\\\\\\"", \\\\\\\""status\\\\\\\"": \\\\\\\""new\\\\\\\"", \\\\\\\""approved\\\\\\\"": \\\\\\\""false\\\\\\\""}\\\""}\""}""}",duplicate,,,email:luis@tiendalaesquina.example.com,cand_6c6b32d8d428,,,,,,,,,,,,,,,,,,,,,,,,,,,,,,,,,,,,,,,,,,,,,,false,false,,,,,,,,,,,,,,,,,,,,,,,,
,Nova Cyber Advisors,https://novacyber.example.com,Martin Silva,Sales Director,martin@novacyber.example.com,Colombia,Cybersecurity,,,,,,,batch_da647320dc82,generic,,,,,,,,,,,cand_7c190f3f0b72,,,novacyber.example.com,,,,,,,"{""source_provider"": ""generic"", ""raw_data_json"": ""{\""source_provider\"": \""generic\"", \""raw_data_json\"": \""{\\\""source_provider\\\"": \\\""generic\\\"", \\\""raw_data_json\\\"": \\\""{\\\\\\\""lead_id\\\\\\\"": \\\\\\\""lead_revision_001\\\\\\\"", \\\\\\\""source\\\\\\\"": \\\\\\\""manual\\\\\\\"", \\\\\\\""manual_context\\\\\\\"": \\\\\\\""Firma de ciberseguridad con servicios para empresas medianas. Draft previo demasiado generico.\\\\\\\"", \\\\\\\""action\\\\\\\"": \\\\\\\""revise\\\\\\\"", \\\\\\\""status\\\\\\\"": \\\\\\\""drafted\\\\\\\"", \\\\\\\""approved\\\\\\\"": \\\\\\\""false\\\\\\\"", \\\\\\\""revision_instruction\\\\\\\"": \\\\\\\""Hazlo mas directo y menciona trazabilidad de evidencia.\\\\\\\""}\\\""}\""}""}",duplicate,,,email:martin@novacyber.example.com,cand_fbfa53bb3252,,,,,,,,,,,,,,,,,,,,,,,,,,,,,,,,,,,,,,,,,,,,,,false,false,,,,,,,,,,,,,,,,,,,,,,,,
,Tienda La Esquina,,Luis Perez,Owner,luis@tiendalaesquina.example.com,Peru,Retail,,,,,,,batch_da647320dc82,generic,,,,,,,,,,,cand_35decadb470b,,,tiendalaesquina.example.com,,,,,,,"{""source_provider"": ""generic"", ""raw_data_json"": ""{\""source_provider\"": \""generic\"", \""raw_data_json\"": \""{\\\""source_provider\\\"": \\\""generic\\\"", \\\""raw_data_json\\\"": \\\""{\\\\\\\""source_provider\\\\\\\"": \\\\\\\""generic\\\\\\\"", \\\\\\\""raw_data_json\\\\\\\"": \\\\\\\""{\\\\\\\\\\\\\\\""lead_id\\\\\\\\\\\\\\\"": \\\\\\\\\\\\\\\""lead_weak_001\\\\\\\\\\\\\\\"", \\\\\\\\\\\\\\\""source\\\\\\\\\\\\\\\"": \\\\\\\\\\\\\\\""manual\\\\\\\\\\\\\\\"", \\\\\\\\\\\\\\\""manual_context\\\\\\\\\\\\\\\"": \\\\\\\\\\\\\\\""Negocio local B2C sin senales claras de venta consultiva B2B.\\\\\\\\\\\\\\\"", \\\\\\\\\\\\\\\""action\\\\\\\\\\\\\\\"": \\\\\\\\\\\\\\\""research_and_draft\\\\\\\\\\\\\\\"", \\\\\\\\\\\\\\\""status\\\\\\\\\\\\\\\"": \\\\\\\\\\\\\\\""new\\\\\\\\\\\\\\\"", \\\\\\\\\\\\\\\""approved\\\\\\\\\\\\\\\"": \\\\\\\\\\\\\\\""false\\\\\\\\\\\\\\\""}\\\\\\\""}\\\""}\""}""}",duplicate,,,email:luis@tiendalaesquina.example.com,cand_6c6b32d8d428,,,,,,,,,,,,,,,,,,,,,,,,,,,,,,,,,,,,,,,,,,,,,,false,false,,,,,,,,,,,,,,,,,,,,,,,,
,Nova Cyber Advisors,https://novacyber.example.com,Martin Silva,Sales Director,martin@novacyber.example.com,Colombia,Cybersecurity,,,,,,,batch_da647320dc82,generic,,,,,,,,,,,cand_87e73f1427bf,,,novacyber.example.com,,,,,,,"{""source_provider"": ""generic"", ""raw_data_json"": ""{\""source_provider\"": \""generic\"", \""raw_data_json\"": \""{\\\""source_provider\\\"": \\\""generic\\\"", \\\""raw_data_json\\\"": \\\""{\\\\\\\""source_provider\\\\\\\"": \\\\\\\""generic\\\\\\\"", \\\\\\\""raw_data_json\\\\\\\"": \\\\\\\""{\\\\\\\\\\\\\\\""lead_id\\\\\\\\\\\\\\\"": \\\\\\\\\\\\\\\""lead_revision_001\\\\\\\\\\\\\\\"", \\\\\\\\\\\\\\\""source\\\\\\\\\\\\\\\"": \\\\\\\\\\\\\\\""manual\\\\\\\\\\\\\\\"", \\\\\\\\\\\\\\\""manual_context\\\\\\\\\\\\\\\"": \\\\\\\\\\\\\\\""Firma de ciberseguridad con servicios para empresas medianas. Draft previo demasiado generico.\\\\\\\\\\\\\\\"", \\\\\\\\\\\\\\\""action\\\\\\\\\\\\\\\"": \\\\\\\\\\\\\\\""revise\\\\\\\\\\\\\\\"", \\\\\\\\\\\\\\\""status\\\\\\\\\\\\\\\"": \\\\\\\\\\\\\\\""drafted\\\\\\\\\\\\\\\"", \\\\\\\\\\\\\\\""approved\\\\\\\\\\\\\\\"": \\\\\\\\\\\\\\\""false\\\\\\\\\\\\\\\"", \\\\\\\\\\\\\\\""revision_instruction\\\\\\\\\\\\\\\"": \\\\\\\\\\\\\\\""Hazlo mas directo y menciona trazabilidad de evidencia.\\\\\\\\\\\\\\\""}\\\\\\\""}\\\""}\""}""}",duplicate,,,email:martin@novacyber.example.com,cand_fbfa53bb3252,,,,,,,,,,,,,,,,,,,,,,,,,,,,,,,,,,,,,,,,,,,,,,false,false,,,,,,,,,,,,,,,,,,,,,,,,
,Tienda La Esquina,,Luis Perez,Owner,luis@tiendalaesquina.example.com,Peru,Retail,,,,,,,batch_da647320dc82,generic,,,,,,,,,,,cand_6c6b32d8d428,,,tiendalaesquina.example.com,,,,,,,"{""source_provider"": ""generic"", ""raw_data_json"": ""{\""source_provider\"": \""generic\"", \""raw_data_json\"": \""{\\\""source_provider\\\"": \\\""generic\\\"", \\\""raw_data_json\\\"": \\\""{\\\\\\\""lead_id\\\\\\\"": \\\\\\\""cand_35decadb470b\\\\\\\"", \\\\\\\""source\\\\\\\"": \\\\\\\""generic\\\\\\\"", \\\\\\\""action\\\\\\\"": \\\\\\\""research_and_draft\\\\\\\"", \\\\\\\""status\\\\\\\"": \\\\\\\""discard\\\\\\\"", \\\\\\\""approved\\\\\\\"": \\\\\\\""false\\\\\\\"", \\\\\\\""revision_count\\\\\\\"": \\\\\\\""0\\\\\\\"", \\\\\\\""export_ready\\\\\\\"": \\\\\\\""false\\\\\\\"", \\\\\\\""agent_note\\\\\\\"": \\\\\\\""Enrichment recommended discard. No draft generated.\\\\\\\""}\\\""}\""}""}",duplicate,,,email:luis@tiendalaesquina.example.com,cand_6c6b32d8d428,,,,,,,,,,,,,,,,,,,,,,,,,,,,,,,,,,,,,,,,,,,,,,false,false,,,,,,,,,,,,,,,,,,,,,,,,
,Nova Cyber Advisors,https://novacyber.example.com,Martin Silva,Sales Director,martin@novacyber.example.com,Colombia,Cybersecurity,,,,,,,batch_da647320dc82,generic,,,,,,,,,,,cand_fbfa53bb3252,,,novacyber.example.com,,,,,,,"{""source_provider"": ""generic"", ""raw_data_json"": ""{\""source_provider\"": \""generic\"", \""raw_data_json\"": \""{\\\""source_provider\\\"": \\\""generic\\\"", \\\""raw_data_json\\\"": \\\""{\\\\\\\""lead_id\\\\\\\"": \\\\\\\""cand_87e73f1427bf\\\\\\\"", \\\\\\\""source\\\\\\\"": \\\\\\\""generic\\\\\\\"", \\\\\\\""action\\\\\\\"": \\\\\\\""research_and_draft\\\\\\\"", \\\\\\\""status\\\\\\\"": \\\\\\\""discard\\\\\\\"", \\\\\\\""approved\\\\\\\"": \\\\\\\""false\\\\\\\"", \\\\\\\""revision_count\\\\\\\"": \\\\\\\""0\\\\\\\"", \\\\\\\""export_ready\\\\\\\"": \\\\\\\""false\\\\\\\"", \\\\\\\""agent_note\\\\\\\"": \\\\\\\""Enrichment recommended discard. No draft generated.\\\\\\\""}\\\""}\""}""}",duplicate,,,email:martin@novacyber.example.com,cand_fbfa53bb3252,,,,,,,,,,,,,,,,,,,,,,,,,,,,,,,,,,,,,,,,,,,,,,false,false,,,,,,,,,,,,,,,,,,,,,,,,
,Tienda La Esquina,,Luis Perez,Owner,luis@tiendalaesquina.example.com,Peru,Retail,,,,,,,batch_da647320dc82,generic,,,,,,,,,,,cand_5a65114be3c1,,,tiendalaesquina.example.com,,,,,,,"{""source_provider"": ""generic"", ""raw_data_json"": ""{\""source_provider\"": \""generic\"", \""raw_data_json\"": \""{\\\""lead_id\\\"": \\\""cand_35decadb470b\\\"", \\\""source\\\"": \\\""generic\\\"", \\\""action\\\"": \\\""research_and_draft\\\"", \\\""status\\\"": \\\""insufficient_data\\\"", \\\""approved\\\"": \\\""false\\\"", \\\""revision_count\\\"": \\\""0\\\"", \\\""export_ready\\\"": \\\""false\\\"", \\\""agent_note\\\"": \\\""Enrichment complete. Status: insufficient_data, confidence: 30, recommended_action: discard.\\\""}\""}""}",duplicate,,,email:luis@tiendalaesquina.example.com,cand_6c6b32d8d428,,,,,,,,,,,,,,,,,,,,,,,,,,,,,,,,,,,,,,,,,,,,,,false,false,,,,,,,,,,,,,,,,,,,,,,,,
,Nova Cyber Advisors,https://novacyber.example.com,Martin Silva,Sales Director,martin@novacyber.example.com,Colombia,Cybersecurity,,,,,,,batch_da647320dc82,generic,,,,,,,,,,,cand_49f0cbe78bc8,,,novacyber.example.com,,,,,,,"{""source_provider"": ""generic"", ""raw_data_json"": ""{\""source_provider\"": \""generic\"", \""raw_data_json\"": \""{\\\""lead_id\\\"": \\\""cand_87e73f1427bf\\\"", \\\""source\\\"": \\\""generic\\\"", \\\""action\\\"": \\\""research_and_draft\\\"", \\\""status\\\"": \\\""insufficient_data\\\"", \\\""approved\\\"": \\\""false\\\"", \\\""revision_count\\\"": \\\""0\\\"", \\\""export_ready\\\"": \\\""false\\\"", \\\""agent_note\\\"": \\\""Enrichment complete. Status: insufficient_data, confidence: 30, recommended_action: discard.\\\""}\""}""}",duplicate,,,email:martin@novacyber.example.com,cand_fbfa53bb3252,,,,,,,,,,,,,,,,,,,,,,,,,,,,,,,,,,,,,,,,,,,,,,false,false,,,,,,,,,,,,,,,,,,,,,,,,
,Tienda La Esquina,,Luis Perez,Owner,luis@tiendalaesquina.example.com,Peru,Retail,,,,,,,batch_da647320dc82,generic,,,,,,,,,,,cand_645e73e151c6,,,tiendalaesquina.example.com,,,,,,,"{""source_provider"": ""generic"", ""raw_data_json"": ""{\""source_provider\"": \""generic\"", \""raw_data_json\"": \""{\\\""source_provider\\\"": \\\""generic\\\"", \\\""raw_data_json\\\"": \\\""{\\\\\\\""lead_id\\\\\\\"": \\\\\\\""lead_weak_001\\\\\\\"", \\\\\\\""source\\\\\\\"": \\\\\\\""manual\\\\\\\"", \\\\\\\""manual_context\\\\\\\"": \\\\\\\""Negocio local B2C sin senales claras de venta consultiva B2B.\\\\\\\"", \\\\\\\""action\\\\\\\"": \\\\\\\""research_and_draft\\\\\\\"", \\\\\\\""status\\\\\\\"": \\\\\\\""new\\\\\\\"", \\\\\\\""approved\\\\\\\"": \\\\\\\""false\\\\\\\""}\\\""}\""}""}",duplicate,,,email:luis@tiendalaesquina.example.com,cand_6c6b32d8d428,,,,,,,,,,,,,,,,,,,,,,,,,,,,,,,,,,,,,,,,,,,,,,false,false,,,,,,,,,,,,,,,,,,,,,,,,
,Nova Cyber Advisors,https://novacyber.example.com,Martin Silva,Sales Director,martin@novacyber.example.com,Colombia,Cybersecurity,,,,,,,batch_da647320dc82,generic,,,,,,,,,,,cand_51d2cbd0d029,,,novacyber.example.com,,,,,,,"{""source_provider"": ""generic"", ""raw_data_json"": ""{\""source_provider\"": \""generic\"", \""raw_data_json\"": \""{\\\""source_provider\\\"": \\\""generic\\\"", \\\""raw_data_json\\\"": \\\""{\\\\\\\""lead_id\\\\\\\"": \\\\\\\""lead_revision_001\\\\\\\"", \\\\\\\""source\\\\\\\"": \\\\\\\""manual\\\\\\\"", \\\\\\\""manual_context\\\\\\\"": \\\\\\\""Firma de ciberseguridad con servicios para empresas medianas. Draft previo demasiado generico.\\\\\\\"", \\\\\\\""action\\\\\\\"": \\\\\\\""revise\\\\\\\"", \\\\\\\""status\\\\\\\"": \\\\\\\""drafted\\\\\\\"", \\\\\\\""approved\\\\\\\"": \\\\\\\""false\\\\\\\"", \\\\\\\""revision_instruction\\\\\\\"": \\\\\\\""Hazlo mas directo y menciona trazabilidad de evidencia.\\\\\\\""}\\\""}\""}""}",duplicate,,,email:martin@novacyber.example.com,cand_fbfa53bb3252,,,,,,,,,,,,,,,,,,,,,,,,,,,,,,,,,,,,,,,,,,,,,,false,false,,,,,,,,,,,,,,,,,,,,,,,,
,Tienda La Esquina,,Luis Perez,Owner,luis@tiendalaesquina.example.com,Peru,Retail,,,,,,,batch_da647320dc82,generic,,,,,,,,,,,cand_35decadb470b,,,tiendalaesquina.example.com,,,,,,,"{""source_provider"": ""generic"", ""raw_data_json"": ""{\""source_provider\"": \""generic\"", \""raw_data_json\"": \""{\\\""source_provider\\\"": \\\""generic\\\"", \\\""raw_data_json\\\"": \\\""{\\\\\\\""source_provider\\\\\\\"": \\\\\\\""generic\\\\\\\"", \\\\\\\""raw_data_json\\\\\\\"": \\\\\\\""{\\\\\\\\\\\\\\\""lead_id\\\\\\\\\\\\\\\"": \\\\\\\\\\\\\\\""lead_weak_001\\\\\\\\\\\\\\\"", \\\\\\\\\\\\\\\""source\\\\\\\\\\\\\\\"": \\\\\\\\\\\\\\\""manual\\\\\\\\\\\\\\\"", \\\\\\\\\\\\\\\""manual_context\\\\\\\\\\\\\\\"": \\\\\\\\\\\\\\\""Negocio local B2C sin senales claras de venta consultiva B2B.\\\\\\\\\\\\\\\"", \\\\\\\\\\\\\\\""action\\\\\\\\\\\\\\\"": \\\\\\\\\\\\\\\""research_and_draft\\\\\\\\\\\\\\\"", \\\\\\\\\\\\\\\""status\\\\\\\\\\\\\\\"": \\\\\\\\\\\\\\\""new\\\\\\\\\\\\\\\"", \\\\\\\\\\\\\\\""approved\\\\\\\\\\\\\\\"": \\\\\\\\\\\\\\\""false\\\\\\\\\\\\\\\""}\\\\\\\""}\\\""}\""}""}",duplicate,,,email:luis@tiendalaesquina.example.com,cand_6c6b32d8d428,,,,,,,,,,,,,,,,,,,,,,,,,,,,,,,,,,,,,,,,,,,,,,false,false,,,,,,,,,,,,,,,,,,,,,,,,
,Nova Cyber Advisors,https://novacyber.example.com,Martin Silva,Sales Director,martin@novacyber.example.com,Colombia,Cybersecurity,,,,,,,batch_da647320dc82,generic,,,,,,,,,,,cand_87e73f1427bf,,,novacyber.example.com,,,,,,,"{""source_provider"": ""generic"", ""raw_data_json"": ""{\""source_provider\"": \""generic\"", \""raw_data_json\"": \""{\\\""source_provider\\\"": \\\""generic\\\"", \\\""raw_data_json\\\"": \\\""{\\\\\\\""source_provider\\\\\\\"": \\\\\\\""generic\\\\\\\"", \\\\\\\""raw_data_json\\\\\\\"": \\\\\\\""{\\\\\\\\\\\\\\\""lead_id\\\\\\\\\\\\\\\"": \\\\\\\\\\\\\\\""lead_revision_001\\\\\\\\\\\\\\\"", \\\\\\\\\\\\\\\""source\\\\\\\\\\\\\\\"": \\\\\\\\\\\\\\\""manual\\\\\\\\\\\\\\\"", \\\\\\\\\\\\\\\""manual_context\\\\\\\\\\\\\\\"": \\\\\\\\\\\\\\\""Firma de ciberseguridad con servicios para empresas medianas. Draft previo demasiado generico.\\\\\\\\\\\\\\\"", \\\\\\\\\\\\\\\""action\\\\\\\\\\\\\\\"": \\\\\\\\\\\\\\\""revise\\\\\\\\\\\\\\\"", \\\\\\\\\\\\\\\""status\\\\\\\\\\\\\\\"": \\\\\\\\\\\\\\\""drafted\\\\\\\\\\\\\\\"", \\\\\\\\\\\\\\\""approved\\\\\\\\\\\\\\\"": \\\\\\\\\\\\\\\""false\\\\\\\\\\\\\\\"", \\\\\\\\\\\\\\\""revision_instruction\\\\\\\\\\\\\\\"": \\\\\\\\\\\\\\\""Hazlo mas directo y menciona trazabilidad de evidencia.\\\\\\\\\\\\\\\""}\\\\\\\""}\\\""}\""}""}",duplicate,,,email:martin@novacyber.example.com,cand_fbfa53bb3252,,,,,,,,,,,,,,,,,,,,,,,,,,,,,,,,,,,,,,,,,,,,,,false,false,,,,,,,,,,,,,,,,,,,,,,,,
,Tienda La Esquina,,Luis Perez,Owner,luis@tiendalaesquina.example.com,Peru,Retail,,,,,,,batch_da647320dc82,generic,,,,,,,,,,,cand_3993f593326f,,,tiendalaesquina.example.com,,,,,,,"{""source_provider"": ""generic"", ""raw_data_json"": ""{\""source_provider\"": \""generic\"", \""raw_data_json\"": \""{\\\""source_provider\\\"": \\\""generic\\\"", \\\""raw_data_json\\\"": \\\""{\\\\\\\""lead_id\\\\\\\"": \\\\\\\""cand_35decadb470b\\\\\\\"", \\\\\\\""source\\\\\\\"": \\\\\\\""generic\\\\\\\"", \\\\\\\""action\\\\\\\"": \\\\\\\""research_and_draft\\\\\\\"", \\\\\\\""status\\\\\\\"": \\\\\\\""discard\\\\\\\"", \\\\\\\""approved\\\\\\\"": \\\\\\\""false\\\\\\\"", \\\\\\\""revision_count\\\\\\\"": \\\\\\\""0\\\\\\\"", \\\\\\\""export_ready\\\\\\\"": \\\\\\\""false\\\\\\\"", \\\\\\\""agent_note\\\\\\\"": \\\\\\\""Enrichment recommended discard. No draft generated.\\\\\\\""}\\\""}\""}""}",duplicate,,,email:luis@tiendalaesquina.example.com,cand_6c6b32d8d428,,,,,,,,,,,,,,,,,,,,,,,,,,,,,,,,,,,,,,,,,,,,,,false,false,,,,,,,,,,,,,,,,,,,,,,,,
,Nova Cyber Advisors,https://novacyber.example.com,Martin Silva,Sales Director,martin@novacyber.example.com,Colombia,Cybersecurity,,,,,,,batch_da647320dc82,generic,,,,,,,,,,,cand_014e30539043,,,novacyber.example.com,,,,,,,"{""source_provider"": ""generic"", ""raw_data_json"": ""{\""source_provider\"": \""generic\"", \""raw_data_json\"": \""{\\\""source_provider\\\"": \\\""generic\\\"", \\\""raw_data_json\\\"": \\\""{\\\\\\\""lead_id\\\\\\\"": \\\\\\\""cand_87e73f1427bf\\\\\\\"", \\\\\\\""source\\\\\\\"": \\\\\\\""generic\\\\\\\"", \\\\\\\""action\\\\\\\"": \\\\\\\""research_and_draft\\\\\\\"", \\\\\\\""status\\\\\\\"": \\\\\\\""discard\\\\\\\"", \\\\\\\""approved\\\\\\\"": \\\\\\\""false\\\\\\\"", \\\\\\\""revision_count\\\\\\\"": \\\\\\\""0\\\\\\\"", \\\\\\\""export_ready\\\\\\\"": \\\\\\\""false\\\\\\\"", \\\\\\\""agent_note\\\\\\\"": \\\\\\\""Enrichment recommended discard. No draft generated.\\\\\\\""}\\\""}\""}""}",duplicate,,,email:martin@novacyber.example.com,cand_fbfa53bb3252,,,,,,,,,,,,,,,,,,,,,,,,,,,,,,,,,,,,,,,,,,,,,,false,false,,,,,,,,,,,,,,,,,,,,,,,,
,Tienda La Esquina,,Luis Perez,Owner,luis@tiendalaesquina.example.com,Peru,Retail,,,,,,,batch_da647320dc82,generic,,,,,,,,,,,cand_e94e83e9d868,,,tiendalaesquina.example.com,,,,,,,"{""source_provider"": ""generic"", ""raw_data_json"": ""{\""source_provider\"": \""generic\"", \""raw_data_json\"": \""{\\\""source_provider\\\"": \\\""generic\\\"", \\\""raw_data_json\\\"": \\\""{\\\\\\\""source_provider\\\\\\\"": \\\\\\\""generic\\\\\\\"", \\\\\\\""raw_data_json\\\\\\\"": \\\\\\\""{\\\\\\\\\\\\\\\""lead_id\\\\\\\\\\\\\\\"": \\\\\\\\\\\\\\\""lead_weak_001\\\\\\\\\\\\\\\"", \\\\\\\\\\\\\\\""source\\\\\\\\\\\\\\\"": \\\\\\\\\\\\\\\""manual\\\\\\\\\\\\\\\"", \\\\\\\\\\\\\\\""manual_context\\\\\\\\\\\\\\\"": \\\\\\\\\\\\\\\""Negocio local B2C sin senales claras de venta consultiva B2B.\\\\\\\\\\\\\\\"", \\\\\\\\\\\\\\\""action\\\\\\\\\\\\\\\"": \\\\\\\\\\\\\\\""research_and_draft\\\\\\\\\\\\\\\"", \\\\\\\\\\\\\\\""status\\\\\\\\\\\\\\\"": \\\\\\\\\\\\\\\""new\\\\\\\\\\\\\\\"", \\\\\\\\\\\\\\\""approved\\\\\\\\\\\\\\\"": \\\\\\\\\\\\\\\""false\\\\\\\\\\\\\\\""}\\\\\\\""}\\\""}\""}""}",duplicate,,,email:luis@tiendalaesquina.example.com,cand_6c6b32d8d428,,,,,,,,,,,,,,,,,,,,,,,,,,,,,,,,,,,,,,,,,,,,,,false,false,,,,,,,,,,,,,,,,,,,,,,,,
,Nova Cyber Advisors,https://novacyber.example.com,Martin Silva,Sales Director,martin@novacyber.example.com,Colombia,Cybersecurity,,,,,,,batch_da647320dc82,generic,,,,,,,,,,,cand_7c190f3f0b72,,,novacyber.example.com,,,,,,,"{""source_provider"": ""generic"", ""raw_data_json"": ""{\""source_provider\"": \""generic\"", \""raw_data_json\"": \""{\\\""source_provider\\\"": \\\""generic\\\"", \\\""raw_data_json\\\"": \\\""{\\\\\\\""source_provider\\\\\\\"": \\\\\\\""generic\\\\\\\"", \\\\\\\""raw_data_json\\\\\\\"": \\\\\\\""{\\\\\\\\\\\\\\\""lead_id\\\\\\\\\\\\\\\"": \\\\\\\\\\\\\\\""lead_revision_001\\\\\\\\\\\\\\\"", \\\\\\\\\\\\\\\""source\\\\\\\\\\\\\\\"": \\\\\\\\\\\\\\\""manual\\\\\\\\\\\\\\\"", \\\\\\\\\\\\\\\""manual_context\\\\\\\\\\\\\\\"": \\\\\\\\\\\\\\\""Firma de ciberseguridad con servicios para empresas medianas. Draft previo demasiado generico.\\\\\\\\\\\\\\\"", \\\\\\\\\\\\\\\""action\\\\\\\\\\\\\\\"": \\\\\\\\\\\\\\\""revise\\\\\\\\\\\\\\\"", \\\\\\\\\\\\\\\""status\\\\\\\\\\\\\\\"": \\\\\\\\\\\\\\\""drafted\\\\\\\\\\\\\\\"", \\\\\\\\\\\\\\\""approved\\\\\\\\\\\\\\\"": \\\\\\\\\\\\\\\""false\\\\\\\\\\\\\\\"", \\\\\\\\\\\\\\\""revision_instruction\\\\\\\\\\\\\\\"": \\\\\\\\\\\\\\\""Hazlo mas directo y menciona trazabilidad de evidencia.\\\\\\\\\\\\\\\""}\\\\\\\""}\\\""}\""}""}",duplicate,,,email:martin@novacyber.example.com,cand_fbfa53bb3252,,,,,,,,,,,,,,,,,,,,,,,,,,,,,,,,,,,,,,,,,,,,,,false,false,,,,,,,,,,,,,,,,,,,,,,,,
,Tienda La Esquina,,Luis Perez,Owner,luis@tiendalaesquina.example.com,Peru,Retail,,,,,,,batch_da647320dc82,generic,,,,,,,,,,,cand_35decadb470b,,,tiendalaesquina.example.com,,,,,,,"{""source_provider"": ""generic"", ""raw_data_json"": ""{\""source_provider\"": \""generic\"", \""raw_data_json\"": \""{\\\""source_provider\\\"": \\\""generic\\\"", \\\""raw_data_json\\\"": \\\""{\\\\\\\""source_provider\\\\\\\"": \\\\\\\""generic\\\\\\\"", \\\\\\\""raw_data_json\\\\\\\"": \\\\\\\""{\\\\\\\\\\\\\\\""source_provider\\\\\\\\\\\\\\\"": \\\\\\\\\\\\\\\""generic\\\\\\\\\\\\\\\"", \\\\\\\\\\\\\\\""raw_data_json\\\\\\\\\\\\\\\"": \\\\\\\\\\\\\\\""{\\\\\\\\\\\\\\\\\\\\\\\\\\\\\\\""lead_id\\\\\\\\\\\\\\\\\\\\\\\\\\\\\\\"": \\\\\\\\\\\\\\\\\\\\\\\\\\\\\\\""lead_weak_001\\\\\\\\\\\\\\\\\\\\\\\\\\\\\\\"", \\\\\\\\\\\\\\\\\\\\\\\\\\\\\\\""source\\\\\\\\\\\\\\\\\\\\\\\\\\\\\\\"": \\\\\\\\\\\\\\\\\\\\\\\\\\\\\\\""manual\\\\\\\\\\\\\\\\\\\\\\\\\\\\\\\"", \\\\\\\\\\\\\\\\\\\\\\\\\\\\\\\""manual_context\\\\\\\\\\\\\\\\\\\\\\\\\\\\\\\"": \\\\\\\\\\\\\\\\\\\\\\\\\\\\\\\""Negocio local B2C sin senales claras de venta consultiva B2B.\\\\\\\\\\\\\\\\\\\\\\\\\\\\\\\"", \\\\\\\\\\\\\\\\\\\\\\\\\\\\\\\""action\\\\\\\\\\\\\\\\\\\\\\\\\\\\\\\"": \\\\\\\\\\\\\\\\\\\\\\\\\\\\\\\""research_and_draft\\\\\\\\\\\\\\\\\\\\\\\\\\\\\\\"", \\\\\\\\\\\\\\\\\\\\\\\\\\\\\\\""status\\\\\\\\\\\\\\\\\\\\\\\\\\\\\\\"": \\\\\\\\\\\\\\\\\\\\\\\\\\\\\\\""new\\\\\\\\\\\\\\\\\\\\\\\\\\\\\\\"", \\\\\\\\\\\\\\\\\\\\\\\\\\\\\\\""approved\\\\\\\\\\\\\\\\\\\\\\\\\\\\\\\"": \\\\\\\\\\\\\\\\\\\\\\\\\\\\\\\""false\\\\\\\\\\\\\\\\\\\\\\\\\\\\\\\""}\\\\\\\\\\\\\\\""}\\\\\\\""}\\\""}\""}""}",duplicate,,,email:luis@tiendalaesquina.example.com,cand_6c6b32d8d428,,,,,,,,,,,,,,,,,,,,,,,,,,,,,,,,,,,,,,,,,,,,,,false,false,,,,,,,,,,,,,,,,,,,,,,,,
,Nova Cyber Advisors,https://novacyber.example.com,Martin Silva,Sales Director,martin@novacyber.example.com,Colombia,Cybersecurity,,,,,,,batch_da647320dc82,generic,,,,,,,,,,,cand_87e73f1427bf,,,novacyber.example.com,,,,,,,"{""source_provider"": ""generic"", ""raw_data_json"": ""{\""source_provider\"": \""generic\"", \""raw_data_json\"": \""{\\\""source_provider\\\"": \\\""generic\\\"", \\\""raw_data_json\\\"": \\\""{\\\\\\\""source_provider\\\\\\\"": \\\\\\\""generic\\\\\\\"", \\\\\\\""raw_data_json\\\\\\\"": \\\\\\\""{\\\\\\\\\\\\\\\""source_provider\\\\\\\\\\\\\\\"": \\\\\\\\\\\\\\\""generic\\\\\\\\\\\\\\\"", \\\\\\\\\\\\\\\""raw_data_json\\\\\\\\\\\\\\\"": \\\\\\\\\\\\\\\""{\\\\\\\\\\\\\\\\\\\\\\\\\\\\\\\""lead_id\\\\\\\\\\\\\\\\\\\\\\\\\\\\\\\"": \\\\\\\\\\\\\\\\\\\\\\\\\\\\\\\""lead_revision_001\\\\\\\\\\\\\\\\\\\\\\\\\\\\\\\"", \\\\\\\\\\\\\\\\\\\\\\\\\\\\\\\""source\\\\\\\\\\\\\\\\\\\\\\\\\\\\\\\"": \\\\\\\\\\\\\\\\\\\\\\\\\\\\\\\""manual\\\\\\\\\\\\\\\\\\\\\\\\\\\\\\\"", \\\\\\\\\\\\\\\\\\\\\\\\\\\\\\\""manual_context\\\\\\\\\\\\\\\\\\\\\\\\\\\\\\\"": \\\\\\\\\\\\\\\\\\\\\\\\\\\\\\\""Firma de ciberseguridad con servicios para empresas medianas. Draft previo demasiado generico.\\\\\\\\\\\\\\\\\\\\\\\\\\\\\\\"", \\\\\\\\\\\\\\\\\\\\\\\\\\\\\\\""action\\\\\\\\\\\\\\\\\\\\\\\\\\\\\\\"": \\\\\\\\\\\\\\\\\\\\\\\\\\\\\\\""revise\\\\\\\\\\\\\\\\\\\\\\\\\\\\\\\"", \\\\\\\\\\\\\\\\\\\\\\\\\\\\\\\""status\\\\\\\\\\\\\\\\\\\\\\\\\\\\\\\"": \\\\\\\\\\\\\\\\\\\\\\\\\\\\\\\""drafted\\\\\\\\\\\\\\\\\\\\\\\\\\\\\\\"", \\\\\\\\\\\\\\\\\\\\\\\\\\\\\\\""approved\\\\\\\\\\\\\\\\\\\\\\\\\\\\\\\"": \\\\\\\\\\\\\\\\\\\\\\\\\\\\\\\""false\\\\\\\\\\\\\\\\\\\\\\\\\\\\\\\"", \\\\\\\\\\\\\\\\\\\\\\\\\\\\\\\""revision_instruction\\\\\\\\\\\\\\\\\\\\\\\\\\\\\\\"": \\\\\\\\\\\\\\\\\\\\\\\\\\\\\\\""Hazlo mas directo y menciona trazabilidad de evidencia.\\\\\\\\\\\\\\\\\\\\\\\\\\\\\\\""}\\\\\\\\\\\\\\\""}\\\\\\\""}\\\""}\""}""}",duplicate,,,email:martin@novacyber.example.com,cand_fbfa53bb3252,,,,,,,,,,,,,,,,,,,,,,,,,,,,,,,,,,,,,,,,,,,,,,false,false,,,,,,,,,,,,,,,,,,,,,,,,
,Tienda La Esquina,,Luis Perez,Owner,luis@tiendalaesquina.example.com,Peru,Retail,,,,,,,batch_da647320dc82,generic,,,,,,,,,,,cand_6c6b32d8d428,,,tiendalaesquina.example.com,,,,,,,"{""source_provider"": ""generic"", ""raw_data_json"": ""{\""source_provider\"": \""generic\"", \""raw_data_json\"": \""{\\\""source_provider\\\"": \\\""generic\\\"", \\\""raw_data_json\\\"": \\\""{\\\\\\\""source_provider\\\\\\\"": \\\\\\\""generic\\\\\\\"", \\\\\\\""raw_data_json\\\\\\\"": \\\\\\\""{\\\\\\\\\\\\\\\""lead_id\\\\\\\\\\\\\\\"": \\\\\\\\\\\\\\\""cand_35decadb470b\\\\\\\\\\\\\\\"", \\\\\\\\\\\\\\\""source\\\\\\\\\\\\\\\"": \\\\\\\\\\\\\\\""generic\\\\\\\\\\\\\\\"", \\\\\\\\\\\\\\\""action\\\\\\\\\\\\\\\"": \\\\\\\\\\\\\\\""research_and_draft\\\\\\\\\\\\\\\"", \\\\\\\\\\\\\\\""status\\\\\\\\\\\\\\\"": \\\\\\\\\\\\\\\""discard\\\\\\\\\\\\\\\"", \\\\\\\\\\\\\\\""approved\\\\\\\\\\\\\\\"": \\\\\\\\\\\\\\\""false\\\\\\\\\\\\\\\"", \\\\\\\\\\\\\\\""revision_count\\\\\\\\\\\\\\\"": \\\\\\\\\\\\\\\""0\\\\\\\\\\\\\\\"", \\\\\\\\\\\\\\\""export_ready\\\\\\\\\\\\\\\"": \\\\\\\\\\\\\\\""false\\\\\\\\\\\\\\\"", \\\\\\\\\\\\\\\""agent_note\\\\\\\\\\\\\\\"": \\\\\\\\\\\\\\\""Enrichment recommended discard. No draft generated.\\\\\\\\\\\\\\\""}\\\\\\\""}\\\""}\""}""}",duplicate,,,email:luis@tiendalaesquina.example.com,cand_6c6b32d8d428,,,,,,,,,,,,,,,,,,,,,,,,,,,,,,,,,,,,,,,,,,,,,,false,false,,,,,,,,,,,,,,,,,,,,,,,,
,Nova Cyber Advisors,https://novacyber.example.com,Martin Silva,Sales Director,martin@novacyber.example.com,Colombia,Cybersecurity,,,,,,,batch_da647320dc82,generic,,,,,,,,,,,cand_fbfa53bb3252,,,novacyber.example.com,,,,,,,"{""source_provider"": ""generic"", ""raw_data_json"": ""{\""source_provider\"": \""generic\"", \""raw_data_json\"": \""{\\\""source_provider\\\"": \\\""generic\\\"", \\\""raw_data_json\\\"": \\\""{\\\\\\\""source_provider\\\\\\\"": \\\\\\\""generic\\\\\\\"", \\\\\\\""raw_data_json\\\\\\\"": \\\\\\\""{\\\\\\\\\\\\\\\""lead_id\\\\\\\\\\\\\\\"": \\\\\\\\\\\\\\\""cand_87e73f1427bf\\\\\\\\\\\\\\\"", \\\\\\\\\\\\\\\""source\\\\\\\\\\\\\\\"": \\\\\\\\\\\\\\\""generic\\\\\\\\\\\\\\\"", \\\\\\\\\\\\\\\""action\\\\\\\\\\\\\\\"": \\\\\\\\\\\\\\\""research_and_draft\\\\\\\\\\\\\\\"", \\\\\\\\\\\\\\\""status\\\\\\\\\\\\\\\"": \\\\\\\\\\\\\\\""discard\\\\\\\\\\\\\\\"", \\\\\\\\\\\\\\\""approved\\\\\\\\\\\\\\\"": \\\\\\\\\\\\\\\""false\\\\\\\\\\\\\\\"", \\\\\\\\\\\\\\\""revision_count\\\\\\\\\\\\\\\"": \\\\\\\\\\\\\\\""0\\\\\\\\\\\\\\\"", \\\\\\\\\\\\\\\""export_ready\\\\\\\\\\\\\\\"": \\\\\\\\\\\\\\\""false\\\\\\\\\\\\\\\"", \\\\\\\\\\\\\\\""agent_note\\\\\\\\\\\\\\\"": \\\\\\\\\\\\\\\""Enrichment recommended discard. No draft generated.\\\\\\\\\\\\\\\""}\\\\\\\""}\\\""}\""}""}",duplicate,,,email:martin@novacyber.example.com,cand_fbfa53bb3252,,,,,,,,,,,,,,,,,,,,,,,,,,,,,,,,,,,,,,,,,,,,,,false,false,,,,,,,,,,,,,,,,,,,,,,,,
,Tienda La Esquina,,Luis Perez,Owner,luis@tiendalaesquina.example.com,Peru,Retail,,,,,,,batch_da647320dc82,generic,,,,,,,,,,,cand_55cee65905dd,,,tiendalaesquina.example.com,,,,,,,"{""source_provider"": ""generic"", ""raw_data_json"": ""{\""source_provider\"": \""generic\"", \""raw_data_json\"": \""{\\\""source_provider\\\"": \\\""generic\\\"", \\\""raw_data_json\\\"": \\\""{\\\\\\\""lead_id\\\\\\\"": \\\\\\\""cand_35decadb470b\\\\\\\"", \\\\\\\""source\\\\\\\"": \\\\\\\""generic\\\\\\\"", \\\\\\\""action\\\\\\\"": \\\\\\\""research_and_draft\\\\\\\"", \\\\\\\""status\\\\\\\"": \\\\\\\""insufficient_data\\\\\\\"", \\\\\\\""approved\\\\\\\"": \\\\\\\""false\\\\\\\"", \\\\\\\""revision_count\\\\\\\"": \\\\\\\""0\\\\\\\"", \\\\\\\""export_ready\\\\\\\"": \\\\\\\""false\\\\\\\"", \\\\\\\""agent_note\\\\\\\"": \\\\\\\""Enrichment complete. Status: insufficient_data, confidence: 30, recommended_action: discard.\\\\\\\""}\\\""}\""}""}",duplicate,,,email:luis@tiendalaesquina.example.com,cand_6c6b32d8d428,,,,,,,,,,,,,,,,,,,,,,,,,,,,,,,,,,,,,,,,,,,,,,false,false,,,,,,,,,,,,,,,,,,,,,,,,
,Nova Cyber Advisors,https://novacyber.example.com,Martin Silva,Sales Director,martin@novacyber.example.com,Colombia,Cybersecurity,,,,,,,batch_da647320dc82,generic,,,,,,,,,,,cand_77abcc47aef5,,,novacyber.example.com,,,,,,,"{""source_provider"": ""generic"", ""raw_data_json"": ""{\""source_provider\"": \""generic\"", \""raw_data_json\"": \""{\\\""source_provider\\\"": \\\""generic\\\"", \\\""raw_data_json\\\"": \\\""{\\\\\\\""lead_id\\\\\\\"": \\\\\\\""cand_87e73f1427bf\\\\\\\"", \\\\\\\""source\\\\\\\"": \\\\\\\""generic\\\\\\\"", \\\\\\\""action\\\\\\\"": \\\\\\\""research_and_draft\\\\\\\"", \\\\\\\""status\\\\\\\"": \\\\\\\""insufficient_data\\\\\\\"", \\\\\\\""approved\\\\\\\"": \\\\\\\""false\\\\\\\"", \\\\\\\""revision_count\\\\\\\"": \\\\\\\""0\\\\\\\"", \\\\\\\""export_ready\\\\\\\"": \\\\\\\""false\\\\\\\"", \\\\\\\""agent_note\\\\\\\"": \\\\\\\""Enrichment complete. Status: insufficient_data, confidence: 30, recommended_action: discard.\\\\\\\""}\\\""}\""}""}",duplicate,,,email:martin@novacyber.example.com,cand_fbfa53bb3252,,,,,,,,,,,,,,,,,,,,,,,,,,,,,,,,,,,,,,,,,,,,,,false,false,,,,,,,,,,,,,,,,,,,,,,,,
,Tienda La Esquina,,Luis Perez,Owner,luis@tiendalaesquina.example.com,Peru,Retail,,,,,,,batch_da647320dc82,generic,,,,,,,,,,,cand_c689cf698cdd,,,tiendalaesquina.example.com,,,,,,,"{""source_provider"": ""generic"", ""raw_data_json"": ""{\""source_provider\"": \""generic\"", \""raw_data_json\"": \""{\\\""lead_id\\\"": \\\""cand_35decadb470b\\\"", \\\""source\\\"": \\\""generic\\\"", \\\""action\\\"": \\\""research_and_draft\\\"", \\\""status\\\"": \\\""insufficient_data\\\"", \\\""approved\\\"": \\\""false\\\"", \\\""revision_count\\\"": \\\""0\\\"", \\\""export_ready\\\"": \\\""false\\\"", \\\""agent_note\\\"": \\\""Enrichment complete. Status: insufficient_data, confidence: 30, recommended_action: discard.\\\""}\""}""}",duplicate,,,email:luis@tiendalaesquina.example.com,cand_6c6b32d8d428,,,,,,,,,,,,,,,,,,,,,,,,,,,,,,,,,,,,,,,,,,,,,,false,false,,,,,,,,,,,,,,,,,,,,,,,,
,Nova Cyber Advisors,https://novacyber.example.com,Martin Silva,Sales Director,martin@novacyber.example.com,Colombia,Cybersecurity,,,,,,,batch_da647320dc82,generic,,,,,,,,,,,cand_9f52b4405054,,,novacyber.example.com,,,,,,,"{""source_provider"": ""generic"", ""raw_data_json"": ""{\""source_provider\"": \""generic\"", \""raw_data_json\"": \""{\\\""lead_id\\\"": \\\""cand_87e73f1427bf\\\"", \\\""source\\\"": \\\""generic\\\"", \\\""action\\\"": \\\""research_and_draft\\\"", \\\""status\\\"": \\\""insufficient_data\\\"", \\\""approved\\\"": \\\""false\\\"", \\\""revision_count\\\"": \\\""0\\\"", \\\""export_ready\\\"": \\\""false\\\"", \\\""agent_note\\\"": \\\""Enrichment complete. Status: insufficient_data, confidence: 30, recommended_action: discard.\\\""}\""}""}",duplicate,,,email:martin@novacyber.example.com,cand_fbfa53bb3252,,,,,,,,,,,,,,,,,,,,,,,,,,,,,,,,,,,,,,,,,,,,,,false,false,,,,,,,,,,,,,,,,,,,,,,,,
,Tienda La Esquina,,Luis Perez,Owner,luis@tiendalaesquina.example.com,Peru,Retail,,,,,,,batch_da647320dc82,generic,,,,,,,,,,,cand_1470c800cfef,,,tiendalaesquina.example.com,,,,,,,"{""source_provider"": ""generic"", ""raw_data_json"": ""{\""lead_id\"": \""cand_35decadb470b\"", \""source\"": \""generic\"", \""action\"": \""research_and_draft\"", \""status\"": \""insufficient_data\"", \""approved\"": \""false\"", \""revision_count\"": \""0\"", \""export_ready\"": \""false\"", \""agent_note\"": \""Enrichment complete. Status: insufficient_data, confidence: 30, recommended_action: discard.\""}""}",duplicate,,,email:luis@tiendalaesquina.example.com,cand_6c6b32d8d428,,,,,,,,,,,,,,,,,,,,,,,,,,,,,,,,,,,,,,,,,,,,,,false,false,,,,,,,,,,,,,,,,,,,,,,,,
,Nova Cyber Advisors,https://novacyber.example.com,Martin Silva,Sales Director,martin@novacyber.example.com,Colombia,Cybersecurity,,,,,,,batch_da647320dc82,generic,,,,,,,,,,,cand_11153cac7c2a,,,novacyber.example.com,,,,,,,"{""source_provider"": ""generic"", ""raw_data_json"": ""{\""lead_id\"": \""cand_87e73f1427bf\"", \""source\"": \""generic\"", \""action\"": \""research_and_draft\"", \""status\"": \""insufficient_data\"", \""approved\"": \""false\"", \""revision_count\"": \""0\"", \""export_ready\"": \""false\"", \""agent_note\"": \""Enrichment complete. Status: insufficient_data, confidence: 30, recommended_action: discard.\""}""}",duplicate,,,email:martin@novacyber.example.com,cand_fbfa53bb3252,,,,,,,,,,,,,,,,,,,,,,,,,,,,,,,,,,,,,,,,,,,,,,false,false,,,,,,,,,,,,,,,,,,,,,,,,
,Tienda La Esquina,,Luis Perez,Owner,luis@tiendalaesquina.example.com,Peru,Retail,,,,,,,batch_da647320dc82,generic,,,,,,,,,,,cand_d4d6b19bd384,,,tiendalaesquina.example.com,,,,,,,"{""lead_id"": ""cand_35decadb470b"", ""source"": ""generic"", ""action"": ""research_and_draft"", ""status"": ""insufficient_data"", ""approved"": ""false"", ""revision_count"": ""0"", ""export_ready"": ""false"", ""agent_note"": ""Enrichment complete. Status: insufficient_data, confidence: 30, recommended_action: discard.""}",duplicate,,,email:luis@tiendalaesquina.example.com,cand_6c6b32d8d428,,,,,,,,,,,,,,,,,,,,,,,,,,,,,,,,,,,,,,,,,,,,,,false,false,,,,,,,,,,,,,,,,,,,,,,,,
,Nova Cyber Advisors,https://novacyber.example.com,Martin Silva,Sales Director,martin@novacyber.example.com,Colombia,Cybersecurity,,,,,,,batch_da647320dc82,generic,,,,,,,,,,,cand_167a729b1a76,,,novacyber.example.com,,,,,,,"{""lead_id"": ""cand_87e73f1427bf"", ""source"": ""generic"", ""action"": ""research_and_draft"", ""status"": ""insufficient_data"", ""approved"": ""false"", ""revision_count"": ""0"", ""export_ready"": ""false"", ""agent_note"": ""Enrichment complete. Status: insufficient_data, confidence: 30, recommended_action: discard.""}",duplicate,,,email:martin@novacyber.example.com,cand_fbfa53bb3252,,,,,,,,,,,,,,,,,,,,,,,,,,,,,,,,,,,,,,,,,,,,,,false,false,,,,,,,,,,,,,,,,,,,,,,,,
,Acme Corp,https://acme.com,Juan Perez,CEO,,,,,,,,,,batch_da647320dc82,generic,,,,,,,,,,,apollo_person_1_0,person_1_0,,acme.com,,https://linkedin.com/in/juanperez0,,,,,"{""source_provider"": ""apollo"", ""raw_data_json"": ""{\""id\"": \""person_1_0\"", \""first_name\"": \""Juan\"", \""last_name\"": \""Perez\"", \""name\"": \""Juan Perez\"", \""title\"": \""CEO\"", \""email\"": \""juan0@example.com\"", \""organization\"": {\""id\"": \""org_0\"", \""name\"": \""Acme Corp\"", \""website_url\"": \""https://acme.com\""}, \""phone_numbers\"": [], \""linkedin_url\"": \""https://linkedin.com/in/juanperez0\""}""}",needs_review,,,linkedin:https://linkedin.com/in/juanperez0,apollo_person_1_0,,,,,,,,,,,,,,,,,,,,,,,,,,,,,,,,,,,,,,,,,missing_required_context,"Missing required fields: company_linkedin_url, manual_company_linkedin_text, manual_person_linkedin_text",not_evaluated,0,ICP not evaluated until required LinkedIn URLs and pasted LinkedIn content are present.,false,false,,,,,,,,,,,,,,,,,,,,,,,,
,Acme Corp,https://acme.com,Juan Perez,CEO,,,,,,,,,,batch_da647320dc82,generic,,,,,,,,,,,apollo_person_1_1,person_1_1,,acme.com,,https://linkedin.com/in/juanperez1,,,,,"{""source_provider"": ""apollo"", ""raw_data_json"": ""{\""id\"": \""person_1_1\"", \""first_name\"": \""Juan\"", \""last_name\"": \""Perez\"", \""name\"": \""Juan Perez\"", \""title\"": \""CEO\"", \""email\"": \""juan1@example.com\"", \""organization\"": {\""id\"": \""org_1\"", \""name\"": \""Acme Corp\"", \""website_url\"": \""https://acme.com\""}, \""phone_numbers\"": [], \""linkedin_url\"": \""https://linkedin.com/in/juanperez1\""}""}",needs_review,,,linkedin:https://linkedin.com/in/juanperez1,apollo_person_1_1,,,,,,,,,,,,,,,,,,,,,,,,,,,,,,,,,,,,,,,,,missing_required_context,"Missing required fields: company_linkedin_url, manual_company_linkedin_text, manual_person_linkedin_text",not_evaluated,0,ICP not evaluated until required LinkedIn URLs and pasted LinkedIn content are present.,false,false,,,,,,,,,,,,,,,,,,,,,,,,
,Acme Corp,https://acme.com,Juan Perez,CEO,,,,,,,,,,batch_da647320dc82,generic,,,,,,,,,,,apollo_person_1_2,person_1_2,,acme.com,,https://linkedin.com/in/juanperez2,,,,,"{""source_provider"": ""apollo"", ""raw_data_json"": ""{\""id\"": \""person_1_2\"", \""first_name\"": \""Juan\"", \""last_name\"": \""Perez\"", \""name\"": \""Juan Perez\"", \""title\"": \""CEO\"", \""email\"": \""juan2@example.com\"", \""organization\"": {\""id\"": \""org_2\"", \""name\"": \""Acme Corp\"", \""website_url\"": \""https://acme.com\""}, \""phone_numbers\"": [], \""linkedin_url\"": \""https://linkedin.com/in/juanperez2\""}""}",needs_review,,,linkedin:https://linkedin.com/in/juanperez2,apollo_person_1_2,,,,,,,,,,,,,,,,,,,,,,,,,,,,,,,,,,,,,,,,,missing_required_context,"Missing required fields: company_linkedin_url, manual_company_linkedin_text, manual_person_linkedin_text",not_evaluated,0,ICP not evaluated until required LinkedIn URLs and pasted LinkedIn content are present.,false,false,,,,,,,,,,,,,,,,,,,,,,,,
,Tienda La Esquina,,Luis Perez,Owner,luis@tiendalaesquina.example.com,Peru,Retail,,,,,,,batch_da647320dc82,generic,,,,,,,,,,,cand_3ef888a7529f,,,tiendalaesquina.example.com,,,,,,,"{""source_provider"": ""generic"", ""raw_data_json"": ""{\""lead_id\"": \""lead_weak_001\"", \""source\"": \""manual\"", \""manual_context\"": \""Negocio local B2C sin senales claras de venta consultiva B2B.\"", \""action\"": \""research_and_draft\"", \""status\"": \""new\"", \""approved\"": \""false\""}""}",duplicate,,,email:luis@tiendalaesquina.example.com,cand_6c6b32d8d428,,,,,,,,,,,,,,,,,,,,,,,,,,,,,,,,,,,,,,,,,,,,,,false,false,,,,,,,,,,,,,,,,,,,,,,,,
,Nova Cyber Advisors,https://novacyber.example.com,Martin Silva,Sales Director,martin@novacyber.example.com,Colombia,Cybersecurity,,,,,,,batch_da647320dc82,generic,,,,,,,,,,,cand_190f2bc7e76c,,,novacyber.example.com,,,,,,,"{""source_provider"": ""generic"", ""raw_data_json"": ""{\""lead_id\"": \""lead_revision_001\"", \""source\"": \""manual\"", \""manual_context\"": \""Firma de ciberseguridad con servicios para empresas medianas. Draft previo demasiado generico.\"", \""action\"": \""revise\"", \""status\"": \""drafted\"", \""approved\"": \""false\"", \""revision_instruction\"": \""Hazlo mas directo y menciona trazabilidad de evidencia.\""}""}",duplicate,,,email:martin@novacyber.example.com,cand_fbfa53bb3252,,,,,,,,,,,,,,,,,,,,,,,,,,,,,,,,,,,,,,,,,,,,,,false,false,,,,,,,,,,,,,,,,,,,,,,,,
,Tienda La Esquina,,Luis Perez,Owner,luis@tiendalaesquina.example.com,Peru,Retail,,,,,,,batch_da647320dc82,generic,,,,,,,,,,,cand_35decadb470b,,,tiendalaesquina.example.com,,,,,,,"{""source_provider"": ""generic"", ""raw_data_json"": ""{\""source_provider\"": \""generic\"", \""raw_data_json\"": \""{\\\""lead_id\\\"": \\\""lead_weak_001\\\"", \\\""source\\\"": \\\""manual\\\"", \\\""manual_context\\\"": \\\""Negocio local B2C sin senales claras de venta consultiva B2B.\\\"", \\\""action\\\"": \\\""research_and_draft\\\"", \\\""status\\\"": \\\""new\\\"", \\\""approved\\\"": \\\""false\\\""}\""}""}",duplicate,,,email:luis@tiendalaesquina.example.com,cand_6c6b32d8d428,,,,,,,,,,,,,,,,,,,,,,,,,,,,,,,,,,,,,,,,,,,,,,false,false,,,,,,,,,,,,,,,,,,,,,,,,
,Nova Cyber Advisors,https://novacyber.example.com,Martin Silva,Sales Director,martin@novacyber.example.com,Colombia,Cybersecurity,,,,,,,batch_da647320dc82,generic,,,,,,,,,,,cand_87e73f1427bf,,,novacyber.example.com,,,,,,,"{""source_provider"": ""generic"", ""raw_data_json"": ""{\""source_provider\"": \""generic\"", \""raw_data_json\"": \""{\\\""lead_id\\\"": \\\""lead_revision_001\\\"", \\\""source\\\"": \\\""manual\\\"", \\\""manual_context\\\"": \\\""Firma de ciberseguridad con servicios para empresas medianas. Draft previo demasiado generico.\\\"", \\\""action\\\"": \\\""revise\\\"", \\\""status\\\"": \\\""drafted\\\"", \\\""approved\\\"": \\\""false\\\"", \\\""revision_instruction\\\"": \\\""Hazlo mas directo y menciona trazabilidad de evidencia.\\\""}\""}""}",duplicate,,,email:martin@novacyber.example.com,cand_fbfa53bb3252,,,,,,,,,,,,,,,,,,,,,,,,,,,,,,,,,,,,,,,,,,,,,,false,false,,,,,,,,,,,,,,,,,,,,,,,,
,Tienda La Esquina,,Luis Perez,Owner,luis@tiendalaesquina.example.com,Peru,Retail,,,,,,,batch_da647320dc82,generic,,,,,,,,,,,cand_d94463fe5a1a,,,tiendalaesquina.example.com,,,,,,,"{""source_provider"": ""generic"", ""raw_data_json"": ""{\""lead_id\"": \""cand_35decadb470b\"", \""source\"": \""generic\"", \""action\"": \""research_and_draft\"", \""status\"": \""discard\"", \""approved\"": \""false\"", \""revision_count\"": \""0\"", \""export_ready\"": \""false\"", \""agent_note\"": \""Enrichment recommended discard. No draft generated.\""}""}",duplicate,,,email:luis@tiendalaesquina.example.com,cand_6c6b32d8d428,,,,,,,,,,,,,,,,,,,,,,,,,,,,,,,,,,,,,,,,,,,,,,false,false,,,,,,,,,,,,,,,,,,,,,,,,
,Nova Cyber Advisors,https://novacyber.example.com,Martin Silva,Sales Director,martin@novacyber.example.com,Colombia,Cybersecurity,,,,,,,batch_da647320dc82,generic,,,,,,,,,,,cand_e95e49945c62,,,novacyber.example.com,,,,,,,"{""source_provider"": ""generic"", ""raw_data_json"": ""{\""lead_id\"": \""cand_87e73f1427bf\"", \""source\"": \""generic\"", \""action\"": \""research_and_draft\"", \""status\"": \""discard\"", \""approved\"": \""false\"", \""revision_count\"": \""0\"", \""export_ready\"": \""false\"", \""agent_note\"": \""Enrichment recommended discard. No draft generated.\""}""}",duplicate,,,email:martin@novacyber.example.com,cand_fbfa53bb3252,,,,,,,,,,,,,,,,,,,,,,,,,,,,,,,,,,,,,,,,,,,,,,false,false,,,,,,,,,,,,,,,,,,,,,,,,
,Tienda La Esquina,,Luis Perez,Owner,luis@tiendalaesquina.example.com,Peru,Retail,,,,,,,batch_da647320dc82,generic,,,,,,,,,,,cand_e94e83e9d868,,,tiendalaesquina.example.com,,,,,,,"{""source_provider"": ""generic"", ""raw_data_json"": ""{\""source_provider\"": \""generic\"", \""raw_data_json\"": \""{\\\""lead_id\\\"": \\\""lead_weak_001\\\"", \\\""source\\\"": \\\""manual\\\"", \\\""manual_context\\\"": \\\""Negocio local B2C sin senales claras de venta consultiva B2B.\\\"", \\\""action\\\"": \\\""research_and_draft\\\"", \\\""status\\\"": \\\""new\\\"", \\\""approved\\\"": \\\""false\\\""}\""}""}",duplicate,,,email:luis@tiendalaesquina.example.com,cand_6c6b32d8d428,,,,,,,,,,,,,,,,,,,,,,,,,,,,,,,,,,,,,,,,,,,,,,false,false,,,,,,,,,,,,,,,,,,,,,,,,
,Nova Cyber Advisors,https://novacyber.example.com,Martin Silva,Sales Director,martin@novacyber.example.com,Colombia,Cybersecurity,,,,,,,batch_da647320dc82,generic,,,,,,,,,,,cand_7c190f3f0b72,,,novacyber.example.com,,,,,,,"{""source_provider"": ""generic"", ""raw_data_json"": ""{\""source_provider\"": \""generic\"", \""raw_data_json\"": \""{\\\""lead_id\\\"": \\\""lead_revision_001\\\"", \\\""source\\\"": \\\""manual\\\"", \\\""manual_context\\\"": \\\""Firma de ciberseguridad con servicios para empresas medianas. Draft previo demasiado generico.\\\"", \\\""action\\\"": \\\""revise\\\"", \\\""status\\\"": \\\""drafted\\\"", \\\""approved\\\"": \\\""false\\\"", \\\""revision_instruction\\\"": \\\""Hazlo mas directo y menciona trazabilidad de evidencia.\\\""}\""}""}",duplicate,,,email:martin@novacyber.example.com,cand_fbfa53bb3252,,,,,,,,,,,,,,,,,,,,,,,,,,,,,,,,,,,,,,,,,,,,,,false,false,,,,,,,,,,,,,,,,,,,,,,,,
,Tienda La Esquina,,Luis Perez,Owner,luis@tiendalaesquina.example.com,Peru,Retail,,,,,,,batch_da647320dc82,generic,,,,,,,,,,,cand_35decadb470b,,,tiendalaesquina.example.com,,,,,,,"{""source_provider"": ""generic"", ""raw_data_json"": ""{\""source_provider\"": \""generic\"", \""raw_data_json\"": \""{\\\""source_provider\\\"": \\\""generic\\\"", \\\""raw_data_json\\\"": \\\""{\\\\\\\""lead_id\\\\\\\"": \\\\\\\""lead_weak_001\\\\\\\"", \\\\\\\""source\\\\\\\"": \\\\\\\""manual\\\\\\\"", \\\\\\\""manual_context\\\\\\\"": \\\\\\\""Negocio local B2C sin senales claras de venta consultiva B2B.\\\\\\\"", \\\\\\\""action\\\\\\\"": \\\\\\\""research_and_draft\\\\\\\"", \\\\\\\""status\\\\\\\"": \\\\\\\""new\\\\\\\"", \\\\\\\""approved\\\\\\\"": \\\\\\\""false\\\\\\\""}\\\""}\""}""}",duplicate,,,email:luis@tiendalaesquina.example.com,cand_6c6b32d8d428,,,,,,,,,,,,,,,,,,,,,,,,,,,,,,,,,,,,,,,,,,,,,,false,false,,,,,,,,,,,,,,,,,,,,,,,,
,Nova Cyber Advisors,https://novacyber.example.com,Martin Silva,Sales Director,martin@novacyber.example.com,Colombia,Cybersecurity,,,,,,,batch_da647320dc82,generic,,,,,,,,,,,cand_87e73f1427bf,,,novacyber.example.com,,,,,,,"{""source_provider"": ""generic"", ""raw_data_json"": ""{\""source_provider\"": \""generic\"", \""raw_data_json\"": \""{\\\""source_provider\\\"": \\\""generic\\\"", \\\""raw_data_json\\\"": \\\""{\\\\\\\""lead_id\\\\\\\"": \\\\\\\""lead_revision_001\\\\\\\"", \\\\\\\""source\\\\\\\"": \\\\\\\""manual\\\\\\\"", \\\\\\\""manual_context\\\\\\\"": \\\\\\\""Firma de ciberseguridad con servicios para empresas medianas. Draft previo demasiado generico.\\\\\\\"", \\\\\\\""action\\\\\\\"": \\\\\\\""revise\\\\\\\"", \\\\\\\""status\\\\\\\"": \\\\\\\""drafted\\\\\\\"", \\\\\\\""approved\\\\\\\"": \\\\\\\""false\\\\\\\"", \\\\\\\""revision_instruction\\\\\\\"": \\\\\\\""Hazlo mas directo y menciona trazabilidad de evidencia.\\\\\\\""}\\\""}\""}""}",duplicate,,,email:martin@novacyber.example.com,cand_fbfa53bb3252,,,,,,,,,,,,,,,,,,,,,,,,,,,,,,,,,,,,,,,,,,,,,,false,false,,,,,,,,,,,,,,,,,,,,,,,,
,Tienda La Esquina,,Luis Perez,Owner,luis@tiendalaesquina.example.com,Peru,Retail,,,,,,,batch_da647320dc82,generic,,,,,,,,,,,cand_6c6b32d8d428,,,tiendalaesquina.example.com,,,,,,,"{""source_provider"": ""generic"", ""raw_data_json"": ""{\""source_provider\"": \""generic\"", \""raw_data_json\"": \""{\\\""lead_id\\\"": \\\""cand_35decadb470b\\\"", \\\""source\\\"": \\\""generic\\\"", \\\""action\\\"": \\\""research_and_draft\\\"", \\\""status\\\"": \\\""discard\\\"", \\\""approved\\\"": \\\""false\\\"", \\\""revision_count\\\"": \\\""0\\\"", \\\""export_ready\\\"": \\\""false\\\"", \\\""agent_note\\\"": \\\""Enrichment recommended discard. No draft generated.\\\""}\""}""}",duplicate,,,email:luis@tiendalaesquina.example.com,cand_6c6b32d8d428,,,,,,,,,,,,,,,,,,,,,,,,,,,,,,,,,,,,,,,,,,,,,,false,false,,,,,,,,,,,,,,,,,,,,,,,,
,Nova Cyber Advisors,https://novacyber.example.com,Martin Silva,Sales Director,martin@novacyber.example.com,Colombia,Cybersecurity,,,,,,,batch_da647320dc82,generic,,,,,,,,,,,cand_fbfa53bb3252,,,novacyber.example.com,,,,,,,"{""source_provider"": ""generic"", ""raw_data_json"": ""{\""source_provider\"": \""generic\"", \""raw_data_json\"": \""{\\\""lead_id\\\"": \\\""cand_87e73f1427bf\\\"", \\\""source\\\"": \\\""generic\\\"", \\\""action\\\"": \\\""research_and_draft\\\"", \\\""status\\\"": \\\""discard\\\"", \\\""approved\\\"": \\\""false\\\"", \\\""revision_count\\\"": \\\""0\\\"", \\\""export_ready\\\"": \\\""false\\\"", \\\""agent_note\\\"": \\\""Enrichment recommended discard. No draft generated.\\\""}\""}""}",duplicate,,,email:martin@novacyber.example.com,cand_fbfa53bb3252,,,,,,,,,,,,,,,,,,,,,,,,,,,,,,,,,,,,,,,,,,,,,,false,false,,,,,,,,,,,,,,,,,,,,,,,,
,Tienda La Esquina,,Luis Perez,Owner,luis@tiendalaesquina.example.com,Peru,Retail,,,,,,,batch_da647320dc82,generic,,,,,,,,,,,cand_d85f2b8acc96,,,tiendalaesquina.example.com,,,,,,,"{""source_provider"": ""generic"", ""raw_data_json"": ""{\""lead_id\"": \""cand_35decadb470b\"", \""source\"": \""generic\"", \""action\"": \""research_and_draft\"", \""status\"": \""insufficient_data\"", \""approved\"": \""false\"", \""revision_count\"": \""0\"", \""export_ready\"": \""false\"", \""agent_note\"": \""Enrichment complete. Status: insufficient_data, confidence: 30, recommended_action: discard.\""}""}",duplicate,,,email:luis@tiendalaesquina.example.com,cand_6c6b32d8d428,,,,,,,,,,,,,,,,,,,,,,,,,,,,,,,,,,,,,,,,,,,,,,false,false,,,,,,,,,,,,,,,,,,,,,,,,
,Nova Cyber Advisors,https://novacyber.example.com,Martin Silva,Sales Director,martin@novacyber.example.com,Colombia,Cybersecurity,,,,,,,batch_da647320dc82,generic,,,,,,,,,,,cand_55af66508f78,,,novacyber.example.com,,,,,,,"{""source_provider"": ""generic"", ""raw_data_json"": ""{\""lead_id\"": \""cand_87e73f1427bf\"", \""source\"": \""generic\"", \""action\"": \""research_and_draft\"", \""status\"": \""insufficient_data\"", \""approved\"": \""false\"", \""revision_count\"": \""0\"", \""export_ready\"": \""false\"", \""agent_note\"": \""Enrichment complete. Status: insufficient_data, confidence: 30, recommended_action: discard.\""}""}",duplicate,,,email:martin@novacyber.example.com,cand_fbfa53bb3252,,,,,,,,,,,,,,,,,,,,,,,,,,,,,,,,,,,,,,,,,,,,,,false,false,,,,,,,,,,,,,,,,,,,,,,,,
,Tienda La Esquina,,Luis Perez,Owner,luis@tiendalaesquina.example.com,Peru,Retail,,,,,,,batch_da647320dc82,generic,,,,,,,,,,,cand_645e73e151c6,,,tiendalaesquina.example.com,,,,,,,"{""source_provider"": ""generic"", ""raw_data_json"": ""{\""source_provider\"": \""generic\"", \""raw_data_json\"": \""{\\\""lead_id\\\"": \\\""lead_weak_001\\\"", \\\""source\\\"": \\\""manual\\\"", \\\""manual_context\\\"": \\\""Negocio local B2C sin senales claras de venta consultiva B2B.\\\"", \\\""action\\\"": \\\""research_and_draft\\\"", \\\""status\\\"": \\\""new\\\"", \\\""approved\\\"": \\\""false\\\""}\""}""}",duplicate,,,email:luis@tiendalaesquina.example.com,cand_6c6b32d8d428,,,,,,,,,,,,,,,,,,,,,,,,,,,,,,,,,,,,,,,,,,,,,,false,false,,,,,,,,,,,,,,,,,,,,,,,,
,Nova Cyber Advisors,https://novacyber.example.com,Martin Silva,Sales Director,martin@novacyber.example.com,Colombia,Cybersecurity,,,,,,,batch_da647320dc82,generic,,,,,,,,,,,cand_51d2cbd0d029,,,novacyber.example.com,,,,,,,"{""source_provider"": ""generic"", ""raw_data_json"": ""{\""source_provider\"": \""generic\"", \""raw_data_json\"": \""{\\\""lead_id\\\"": \\\""lead_revision_001\\\"", \\\""source\\\"": \\\""manual\\\"", \\\""manual_context\\\"": \\\""Firma de ciberseguridad con servicios para empresas medianas. Draft previo demasiado generico.\\\"", \\\""action\\\"": \\\""revise\\\"", \\\""status\\\"": \\\""drafted\\\"", \\\""approved\\\"": \\\""false\\\"", \\\""revision_instruction\\\"": \\\""Hazlo mas directo y menciona trazabilidad de evidencia.\\\""}\""}""}",duplicate,,,email:martin@novacyber.example.com,cand_fbfa53bb3252,,,,,,,,,,,,,,,,,,,,,,,,,,,,,,,,,,,,,,,,,,,,,,false,false,,,,,,,,,,,,,,,,,,,,,,,,
,Tienda La Esquina,,Luis Perez,Owner,luis@tiendalaesquina.example.com,Peru,Retail,,,,,,,batch_da647320dc82,generic,,,,,,,,,,,cand_35decadb470b,,,tiendalaesquina.example.com,,,,,,,"{""source_provider"": ""generic"", ""raw_data_json"": ""{\""source_provider\"": \""generic\"", \""raw_data_json\"": \""{\\\""source_provider\\\"": \\\""generic\\\"", \\\""raw_data_json\\\"": \\\""{\\\\\\\""lead_id\\\\\\\"": \\\\\\\""lead_weak_001\\\\\\\"", \\\\\\\""source\\\\\\\"": \\\\\\\""manual\\\\\\\"", \\\\\\\""manual_context\\\\\\\"": \\\\\\\""Negocio local B2C sin senales claras de venta consultiva B2B.\\\\\\\"", \\\\\\\""action\\\\\\\"": \\\\\\\""research_and_draft\\\\\\\"", \\\\\\\""status\\\\\\\"": \\\\\\\""new\\\\\\\"", \\\\\\\""approved\\\\\\\"": \\\\\\\""false\\\\\\\""}\\\""}\""}""}",duplicate,,,email:luis@tiendalaesquina.example.com,cand_6c6b32d8d428,,,,,,,,,,,,,,,,,,,,,,,,,,,,,,,,,,,,,,,,,,,,,,false,false,,,,,,,,,,,,,,,,,,,,,,,,
,Nova Cyber Advisors,https://novacyber.example.com,Martin Silva,Sales Director,martin@novacyber.example.com,Colombia,Cybersecurity,,,,,,,batch_da647320dc82,generic,,,,,,,,,,,cand_87e73f1427bf,,,novacyber.example.com,,,,,,,"{""source_provider"": ""generic"", ""raw_data_json"": ""{\""source_provider\"": \""generic\"", \""raw_data_json\"": \""{\\\""source_provider\\\"": \\\""generic\\\"", \\\""raw_data_json\\\"": \\\""{\\\\\\\""lead_id\\\\\\\"": \\\\\\\""lead_revision_001\\\\\\\"", \\\\\\\""source\\\\\\\"": \\\\\\\""manual\\\\\\\"", \\\\\\\""manual_context\\\\\\\"": \\\\\\\""Firma de ciberseguridad con servicios para empresas medianas. Draft previo demasiado generico.\\\\\\\"", \\\\\\\""action\\\\\\\"": \\\\\\\""revise\\\\\\\"", \\\\\\\""status\\\\\\\"": \\\\\\\""drafted\\\\\\\"", \\\\\\\""approved\\\\\\\"": \\\\\\\""false\\\\\\\"", \\\\\\\""revision_instruction\\\\\\\"": \\\\\\\""Hazlo mas directo y menciona trazabilidad de evidencia.\\\\\\\""}\\\""}\""}""}",duplicate,,,email:martin@novacyber.example.com,cand_fbfa53bb3252,,,,,,,,,,,,,,,,,,,,,,,,,,,,,,,,,,,,,,,,,,,,,,false,false,,,,,,,,,,,,,,,,,,,,,,,,
,Tienda La Esquina,,Luis Perez,Owner,luis@tiendalaesquina.example.com,Peru,Retail,,,,,,,batch_da647320dc82,generic,,,,,,,,,,,cand_3993f593326f,,,tiendalaesquina.example.com,,,,,,,"{""source_provider"": ""generic"", ""raw_data_json"": ""{\""source_provider\"": \""generic\"", \""raw_data_json\"": \""{\\\""lead_id\\\"": \\\""cand_35decadb470b\\\"", \\\""source\\\"": \\\""generic\\\"", \\\""action\\\"": \\\""research_and_draft\\\"", \\\""status\\\"": \\\""discard\\\"", \\\""approved\\\"": \\\""false\\\"", \\\""revision_count\\\"": \\\""0\\\"", \\\""export_ready\\\"": \\\""false\\\"", \\\""agent_note\\\"": \\\""Enrichment recommended discard. No draft generated.\\\""}\""}""}",duplicate,,,email:luis@tiendalaesquina.example.com,cand_6c6b32d8d428,,,,,,,,,,,,,,,,,,,,,,,,,,,,,,,,,,,,,,,,,,,,,,false,false,,,,,,,,,,,,,,,,,,,,,,,,
,Nova Cyber Advisors,https://novacyber.example.com,Martin Silva,Sales Director,martin@novacyber.example.com,Colombia,Cybersecurity,,,,,,,batch_da647320dc82,generic,,,,,,,,,,,cand_014e30539043,,,novacyber.example.com,,,,,,,"{""source_provider"": ""generic"", ""raw_data_json"": ""{\""source_provider\"": \""generic\"", \""raw_data_json\"": \""{\\\""lead_id\\\"": \\\""cand_87e73f1427bf\\\"", \\\""source\\\"": \\\""generic\\\"", \\\""action\\\"": \\\""research_and_draft\\\"", \\\""status\\\"": \\\""discard\\\"", \\\""approved\\\"": \\\""false\\\"", \\\""revision_count\\\"": \\\""0\\\"", \\\""export_ready\\\"": \\\""false\\\"", \\\""agent_note\\\"": \\\""Enrichment recommended discard. No draft generated.\\\""}\""}""}",duplicate,,,email:martin@novacyber.example.com,cand_fbfa53bb3252,,,,,,,,,,,,,,,,,,,,,,,,,,,,,,,,,,,,,,,,,,,,,,false,false,,,,,,,,,,,,,,,,,,,,,,,,
,Tienda La Esquina,,Luis Perez,Owner,luis@tiendalaesquina.example.com,Peru,Retail,,,,,,,batch_da647320dc82,generic,,,,,,,,,,,cand_e94e83e9d868,,,tiendalaesquina.example.com,,,,,,,"{""source_provider"": ""generic"", ""raw_data_json"": ""{\""source_provider\"": \""generic\"", \""raw_data_json\"": \""{\\\""source_provider\\\"": \\\""generic\\\"", \\\""raw_data_json\\\"": \\\""{\\\\\\\""lead_id\\\\\\\"": \\\\\\\""lead_weak_001\\\\\\\"", \\\\\\\""source\\\\\\\"": \\\\\\\""manual\\\\\\\"", \\\\\\\""manual_context\\\\\\\"": \\\\\\\""Negocio local B2C sin senales claras de venta consultiva B2B.\\\\\\\"", \\\\\\\""action\\\\\\\"": \\\\\\\""research_and_draft\\\\\\\"", \\\\\\\""status\\\\\\\"": \\\\\\\""new\\\\\\\"", \\\\\\\""approved\\\\\\\"": \\\\\\\""false\\\\\\\""}\\\""}\""}""}",duplicate,,,email:luis@tiendalaesquina.example.com,cand_6c6b32d8d428,,,,,,,,,,,,,,,,,,,,,,,,,,,,,,,,,,,,,,,,,,,,,,false,false,,,,,,,,,,,,,,,,,,,,,,,,
,Nova Cyber Advisors,https://novacyber.example.com,Martin Silva,Sales Director,martin@novacyber.example.com,Colombia,Cybersecurity,,,,,,,batch_da647320dc82,generic,,,,,,,,,,,cand_7c190f3f0b72,,,novacyber.example.com,,,,,,,"{""source_provider"": ""generic"", ""raw_data_json"": ""{\""source_provider\"": \""generic\"", \""raw_data_json\"": \""{\\\""source_provider\\\"": \\\""generic\\\"", \\\""raw_data_json\\\"": \\\""{\\\\\\\""lead_id\\\\\\\"": \\\\\\\""lead_revision_001\\\\\\\"", \\\\\\\""source\\\\\\\"": \\\\\\\""manual\\\\\\\"", \\\\\\\""manual_context\\\\\\\"": \\\\\\\""Firma de ciberseguridad con servicios para empresas medianas. Draft previo demasiado generico.\\\\\\\"", \\\\\\\""action\\\\\\\"": \\\\\\\""revise\\\\\\\"", \\\\\\\""status\\\\\\\"": \\\\\\\""drafted\\\\\\\"", \\\\\\\""approved\\\\\\\"": \\\\\\\""false\\\\\\\"", \\\\\\\""revision_instruction\\\\\\\"": \\\\\\\""Hazlo mas directo y menciona trazabilidad de evidencia.\\\\\\\""}\\\""}\""}""}",duplicate,,,email:martin@novacyber.example.com,cand_fbfa53bb3252,,,,,,,,,,,,,,,,,,,,,,,,,,,,,,,,,,,,,,,,,,,,,,false,false,,,,,,,,,,,,,,,,,,,,,,,,
,Tienda La Esquina,,Luis Perez,Owner,luis@tiendalaesquina.example.com,Peru,Retail,,,,,,,batch_da647320dc82,generic,,,,,,,,,,,cand_35decadb470b,,,tiendalaesquina.example.com,,,,,,,"{""source_provider"": ""generic"", ""raw_data_json"": ""{\""source_provider\"": \""generic\"", \""raw_data_json\"": \""{\\\""source_provider\\\"": \\\""generic\\\"", \\\""raw_data_json\\\"": \\\""{\\\\\\\""source_provider\\\\\\\"": \\\\\\\""generic\\\\\\\"", \\\\\\\""raw_data_json\\\\\\\"": \\\\\\\""{\\\\\\\\\\\\\\\""lead_id\\\\\\\\\\\\\\\"": \\\\\\\\\\\\\\\""lead_weak_001\\\\\\\\\\\\\\\"", \\\\\\\\\\\\\\\""source\\\\\\\\\\\\\\\"": \\\\\\\\\\\\\\\""manual\\\\\\\\\\\\\\\"", \\\\\\\\\\\\\\\""manual_context\\\\\\\\\\\\\\\"": \\\\\\\\\\\\\\\""Negocio local B2C sin senales claras de venta consultiva B2B.\\\\\\\\\\\\\\\"", \\\\\\\\\\\\\\\""action\\\\\\\\\\\\\\\"": \\\\\\\\\\\\\\\""research_and_draft\\\\\\\\\\\\\\\"", \\\\\\\\\\\\\\\""status\\\\\\\\\\\\\\\"": \\\\\\\\\\\\\\\""new\\\\\\\\\\\\\\\"", \\\\\\\\\\\\\\\""approved\\\\\\\\\\\\\\\"": \\\\\\\\\\\\\\\""false\\\\\\\\\\\\\\\""}\\\\\\\""}\\\""}\""}""}",duplicate,,,email:luis@tiendalaesquina.example.com,cand_6c6b32d8d428,,,,,,,,,,,,,,,,,,,,,,,,,,,,,,,,,,,,,,,,,,,,,,false,false,,,,,,,,,,,,,,,,,,,,,,,,
,Nova Cyber Advisors,https://novacyber.example.com,Martin Silva,Sales Director,martin@novacyber.example.com,Colombia,Cybersecurity,,,,,,,batch_da647320dc82,generic,,,,,,,,,,,cand_87e73f1427bf,,,novacyber.example.com,,,,,,,"{""source_provider"": ""generic"", ""raw_data_json"": ""{\""source_provider\"": \""generic\"", \""raw_data_json\"": \""{\\\""source_provider\\\"": \\\""generic\\\"", \\\""raw_data_json\\\"": \\\""{\\\\\\\""source_provider\\\\\\\"": \\\\\\\""generic\\\\\\\"", \\\\\\\""raw_data_json\\\\\\\"": \\\\\\\""{\\\\\\\\\\\\\\\""lead_id\\\\\\\\\\\\\\\"": \\\\\\\\\\\\\\\""lead_revision_001\\\\\\\\\\\\\\\"", \\\\\\\\\\\\\\\""source\\\\\\\\\\\\\\\"": \\\\\\\\\\\\\\\""manual\\\\\\\\\\\\\\\"", \\\\\\\\\\\\\\\""manual_context\\\\\\\\\\\\\\\"": \\\\\\\\\\\\\\\""Firma de ciberseguridad con servicios para empresas medianas. Draft previo demasiado generico.\\\\\\\\\\\\\\\"", \\\\\\\\\\\\\\\""action\\\\\\\\\\\\\\\"": \\\\\\\\\\\\\\\""revise\\\\\\\\\\\\\\\"", \\\\\\\\\\\\\\\""status\\\\\\\\\\\\\\\"": \\\\\\\\\\\\\\\""drafted\\\\\\\\\\\\\\\"", \\\\\\\\\\\\\\\""approved\\\\\\\\\\\\\\\"": \\\\\\\\\\\\\\\""false\\\\\\\\\\\\\\\"", \\\\\\\\\\\\\\\""revision_instruction\\\\\\\\\\\\\\\"": \\\\\\\\\\\\\\\""Hazlo mas directo y menciona trazabilidad de evidencia.\\\\\\\\\\\\\\\""}\\\\\\\""}\\\""}\""}""}",duplicate,,,email:martin@novacyber.example.com,cand_fbfa53bb3252,,,,,,,,,,,,,,,,,,,,,,,,,,,,,,,,,,,,,,,,,,,,,,false,false,,,,,,,,,,,,,,,,,,,,,,,,
,Tienda La Esquina,,Luis Perez,Owner,luis@tiendalaesquina.example.com,Peru,Retail,,,,,,,batch_da647320dc82,generic,,,,,,,,,,,cand_6c6b32d8d428,,,tiendalaesquina.example.com,,,,,,,"{""source_provider"": ""generic"", ""raw_data_json"": ""{\""source_provider\"": \""generic\"", \""raw_data_json\"": \""{\\\""source_provider\\\"": \\\""generic\\\"", \\\""raw_data_json\\\"": \\\""{\\\\\\\""lead_id\\\\\\\"": \\\\\\\""cand_35decadb470b\\\\\\\"", \\\\\\\""source\\\\\\\"": \\\\\\\""generic\\\\\\\"", \\\\\\\""action\\\\\\\"": \\\\\\\""research_and_draft\\\\\\\"", \\\\\\\""status\\\\\\\"": \\\\\\\""discard\\\\\\\"", \\\\\\\""approved\\\\\\\"": \\\\\\\""false\\\\\\\"", \\\\\\\""revision_count\\\\\\\"": \\\\\\\""0\\\\\\\"", \\\\\\\""export_ready\\\\\\\"": \\\\\\\""false\\\\\\\"", \\\\\\\""agent_note\\\\\\\"": \\\\\\\""Enrichment recommended discard. No draft generated.\\\\\\\""}\\\""}\""}""}",duplicate,,,email:luis@tiendalaesquina.example.com,cand_6c6b32d8d428,,,,,,,,,,,,,,,,,,,,,,,,,,,,,,,,,,,,,,,,,,,,,,false,false,,,,,,,,,,,,,,,,,,,,,,,,
,Nova Cyber Advisors,https://novacyber.example.com,Martin Silva,Sales Director,martin@novacyber.example.com,Colombia,Cybersecurity,,,,,,,batch_da647320dc82,generic,,,,,,,,,,,cand_fbfa53bb3252,,,novacyber.example.com,,,,,,,"{""source_provider"": ""generic"", ""raw_data_json"": ""{\""source_provider\"": \""generic\"", \""raw_data_json\"": \""{\\\""source_provider\\\"": \\\""generic\\\"", \\\""raw_data_json\\\"": \\\""{\\\\\\\""lead_id\\\\\\\"": \\\\\\\""cand_87e73f1427bf\\\\\\\"", \\\\\\\""source\\\\\\\"": \\\\\\\""generic\\\\\\\"", \\\\\\\""action\\\\\\\"": \\\\\\\""research_and_draft\\\\\\\"", \\\\\\\""status\\\\\\\"": \\\\\\\""discard\\\\\\\"", \\\\\\\""approved\\\\\\\"": \\\\\\\""false\\\\\\\"", \\\\\\\""revision_count\\\\\\\"": \\\\\\\""0\\\\\\\"", \\\\\\\""export_ready\\\\\\\"": \\\\\\\""false\\\\\\\"", \\\\\\\""agent_note\\\\\\\"": \\\\\\\""Enrichment recommended discard. No draft generated.\\\\\\\""}\\\""}\""}""}",duplicate,,,email:martin@novacyber.example.com,cand_fbfa53bb3252,,,,,,,,,,,,,,,,,,,,,,,,,,,,,,,,,,,,,,,,,,,,,,false,false,,,,,,,,,,,,,,,,,,,,,,,,
,Tienda La Esquina,,Luis Perez,Owner,luis@tiendalaesquina.example.com,Peru,Retail,,,,,,,batch_da647320dc82,generic,,,,,,,,,,,cand_55cee65905dd,,,tiendalaesquina.example.com,,,,,,,"{""source_provider"": ""generic"", ""raw_data_json"": ""{\""source_provider\"": \""generic\"", \""raw_data_json\"": \""{\\\""lead_id\\\"": \\\""cand_35decadb470b\\\"", \\\""source\\\"": \\\""generic\\\"", \\\""action\\\"": \\\""research_and_draft\\\"", \\\""status\\\"": \\\""insufficient_data\\\"", \\\""approved\\\"": \\\""false\\\"", \\\""revision_count\\\"": \\\""0\\\"", \\\""export_ready\\\"": \\\""false\\\"", \\\""agent_note\\\"": \\\""Enrichment complete. Status: insufficient_data, confidence: 30, recommended_action: discard.\\\""}\""}""}",duplicate,,,email:luis@tiendalaesquina.example.com,cand_6c6b32d8d428,,,,,,,,,,,,,,,,,,,,,,,,,,,,,,,,,,,,,,,,,,,,,,false,false,,,,,,,,,,,,,,,,,,,,,,,,
,Nova Cyber Advisors,https://novacyber.example.com,Martin Silva,Sales Director,martin@novacyber.example.com,Colombia,Cybersecurity,,,,,,,batch_da647320dc82,generic,,,,,,,,,,,cand_77abcc47aef5,,,novacyber.example.com,,,,,,,"{""source_provider"": ""generic"", ""raw_data_json"": ""{\""source_provider\"": \""generic\"", \""raw_data_json\"": \""{\\\""lead_id\\\"": \\\""cand_87e73f1427bf\\\"", \\\""source\\\"": \\\""generic\\\"", \\\""action\\\"": \\\""research_and_draft\\\"", \\\""status\\\"": \\\""insufficient_data\\\"", \\\""approved\\\"": \\\""false\\\"", \\\""revision_count\\\"": \\\""0\\\"", \\\""export_ready\\\"": \\\""false\\\"", \\\""agent_note\\\"": \\\""Enrichment complete. Status: insufficient_data, confidence: 30, recommended_action: discard.\\\""}\""}""}",duplicate,,,email:martin@novacyber.example.com,cand_fbfa53bb3252,,,,,,,,,,,,,,,,,,,,,,,,,,,,,,,,,,,,,,,,,,,,,,false,false,,,,,,,,,,,,,,,,,,,,,,,,
,Tienda La Esquina,,Luis Perez,Owner,luis@tiendalaesquina.example.com,Peru,Retail,,,,,,,batch_da647320dc82,generic,,,,,,,,,,,cand_cdcf40a79092,,,tiendalaesquina.example.com,,,,,,,"{""source_provider"": ""generic"", ""raw_data_json"": ""{\""lead_id\"": \""cand_35decadb470b\"", \""source\"": \""generic\"", \""action\"": \""research_and_draft\"", \""status\"": \""insufficient_data\"", \""approved\"": \""false\"", \""revision_count\"": \""0\"", \""export_ready\"": \""false\"", \""agent_note\"": \""Enrichment complete. Status: insufficient_data, confidence: 30, recommended_action: discard.\""}""}",duplicate,,,email:luis@tiendalaesquina.example.com,cand_6c6b32d8d428,,,,,,,,,,,,,,,,,,,,,,,,,,,,,,,,,,,,,,,,,,,,,,false,false,,,,,,,,,,,,,,,,,,,,,,,,
,Nova Cyber Advisors,https://novacyber.example.com,Martin Silva,Sales Director,martin@novacyber.example.com,Colombia,Cybersecurity,,,,,,,batch_da647320dc82,generic,,,,,,,,,,,cand_be3b19d6bde0,,,novacyber.example.com,,,,,,,"{""source_provider"": ""generic"", ""raw_data_json"": ""{\""lead_id\"": \""cand_87e73f1427bf\"", \""source\"": \""generic\"", \""action\"": \""research_and_draft\"", \""status\"": \""insufficient_data\"", \""approved\"": \""false\"", \""revision_count\"": \""0\"", \""export_ready\"": \""false\"", \""agent_note\"": \""Enrichment complete. Status: insufficient_data, confidence: 30, recommended_action: discard.\""}""}",duplicate,,,email:martin@novacyber.example.com,cand_fbfa53bb3252,,,,,,,,,,,,,,,,,,,,,,,,,,,,,,,,,,,,,,,,,,,,,,false,false,,,,,,,,,,,,,,,,,,,,,,,,
,Tienda La Esquina,,Luis Perez,Owner,luis@tiendalaesquina.example.com,Peru,Retail,,,,,,,batch_da647320dc82,generic,,,,,,,,,,,cand_d488e6938492,,,tiendalaesquina.example.com,,,,,,,"{""source_provider"": ""generic"", ""raw_data_json"": ""{\""source_provider\"": \""generic\"", \""raw_data_json\"": \""{\\\""lead_id\\\"": \\\""lead_weak_001\\\"", \\\""source\\\"": \\\""manual\\\"", \\\""manual_context\\\"": \\\""Negocio local B2C sin senales claras de venta consultiva B2B.\\\"", \\\""action\\\"": \\\""research_and_draft\\\"", \\\""status\\\"": \\\""new\\\"", \\\""approved\\\"": \\\""false\\\""}\""}""}",duplicate,,,email:luis@tiendalaesquina.example.com,cand_6c6b32d8d428,,,,,,,,,,,,,,,,,,,,,,,,,,,,,,,,,,,,,,,,,,,,,,false,false,,,,,,,,,,,,,,,,,,,,,,,,
,Nova Cyber Advisors,https://novacyber.example.com,Martin Silva,Sales Director,martin@novacyber.example.com,Colombia,Cybersecurity,,,,,,,batch_da647320dc82,generic,,,,,,,,,,,cand_e54d225244b6,,,novacyber.example.com,,,,,,,"{""source_provider"": ""generic"", ""raw_data_json"": ""{\""source_provider\"": \""generic\"", \""raw_data_json\"": \""{\\\""lead_id\\\"": \\\""lead_revision_001\\\"", \\\""source\\\"": \\\""manual\\\"", \\\""manual_context\\\"": \\\""Firma de ciberseguridad con servicios para empresas medianas. Draft previo demasiado generico.\\\"", \\\""action\\\"": \\\""revise\\\"", \\\""status\\\"": \\\""drafted\\\"", \\\""approved\\\"": \\\""false\\\"", \\\""revision_instruction\\\"": \\\""Hazlo mas directo y menciona trazabilidad de evidencia.\\\""}\""}""}",duplicate,,,email:martin@novacyber.example.com,cand_fbfa53bb3252,,,,,,,,,,,,,,,,,,,,,,,,,,,,,,,,,,,,,,,,,,,,,,false,false,,,,,,,,,,,,,,,,,,,,,,,,
,Tienda La Esquina,,Luis Perez,Owner,luis@tiendalaesquina.example.com,Peru,Retail,,,,,,,batch_da647320dc82,generic,,,,,,,,,,,cand_35decadb470b,,,tiendalaesquina.example.com,,,,,,,"{""source_provider"": ""generic"", ""raw_data_json"": ""{\""source_provider\"": \""generic\"", \""raw_data_json\"": \""{\\\""source_provider\\\"": \\\""generic\\\"", \\\""raw_data_json\\\"": \\\""{\\\\\\\""lead_id\\\\\\\"": \\\\\\\""lead_weak_001\\\\\\\"", \\\\\\\""source\\\\\\\"": \\\\\\\""manual\\\\\\\"", \\\\\\\""manual_context\\\\\\\"": \\\\\\\""Negocio local B2C sin senales claras de venta consultiva B2B.\\\\\\\"", \\\\\\\""action\\\\\\\"": \\\\\\\""research_and_draft\\\\\\\"", \\\\\\\""status\\\\\\\"": \\\\\\\""new\\\\\\\"", \\\\\\\""approved\\\\\\\"": \\\\\\\""false\\\\\\\""}\\\""}\""}""}",duplicate,,,email:luis@tiendalaesquina.example.com,cand_6c6b32d8d428,,,,,,,,,,,,,,,,,,,,,,,,,,,,,,,,,,,,,,,,,,,,,,false,false,,,,,,,,,,,,,,,,,,,,,,,,
,Nova Cyber Advisors,https://novacyber.example.com,Martin Silva,Sales Director,martin@novacyber.example.com,Colombia,Cybersecurity,,,,,,,batch_da647320dc82,generic,,,,,,,,,,,cand_87e73f1427bf,,,novacyber.example.com,,,,,,,"{""source_provider"": ""generic"", ""raw_data_json"": ""{\""source_provider\"": \""generic\"", \""raw_data_json\"": \""{\\\""source_provider\\\"": \\\""generic\\\"", \\\""raw_data_json\\\"": \\\""{\\\\\\\""lead_id\\\\\\\"": \\\\\\\""lead_revision_001\\\\\\\"", \\\\\\\""source\\\\\\\"": \\\\\\\""manual\\\\\\\"", \\\\\\\""manual_context\\\\\\\"": \\\\\\\""Firma de ciberseguridad con servicios para empresas medianas. Draft previo demasiado generico.\\\\\\\"", \\\\\\\""action\\\\\\\"": \\\\\\\""revise\\\\\\\"", \\\\\\\""status\\\\\\\"": \\\\\\\""drafted\\\\\\\"", \\\\\\\""approved\\\\\\\"": \\\\\\\""false\\\\\\\"", \\\\\\\""revision_instruction\\\\\\\"": \\\\\\\""Hazlo mas directo y menciona trazabilidad de evidencia.\\\\\\\""}\\\""}\""}""}",duplicate,,,email:martin@novacyber.example.com,cand_fbfa53bb3252,,,,,,,,,,,,,,,,,,,,,,,,,,,,,,,,,,,,,,,,,,,,,,false,false,,,,,,,,,,,,,,,,,,,,,,,,
,Tienda La Esquina,,Luis Perez,Owner,luis@tiendalaesquina.example.com,Peru,Retail,,,,,,,batch_da647320dc82,generic,,,,,,,,,,,cand_a109ff4d3d5d,,,tiendalaesquina.example.com,,,,,,,"{""source_provider"": ""generic"", ""raw_data_json"": ""{\""source_provider\"": \""generic\"", \""raw_data_json\"": \""{\\\""lead_id\\\"": \\\""cand_35decadb470b\\\"", \\\""source\\\"": \\\""generic\\\"", \\\""action\\\"": \\\""research_and_draft\\\"", \\\""status\\\"": \\\""discard\\\"", \\\""approved\\\"": \\\""false\\\"", \\\""revision_count\\\"": \\\""0\\\"", \\\""export_ready\\\"": \\\""false\\\"", \\\""agent_note\\\"": \\\""Enrichment recommended discard. No draft generated.\\\""}\""}""}",duplicate,,,email:luis@tiendalaesquina.example.com,cand_6c6b32d8d428,,,,,,,,,,,,,,,,,,,,,,,,,,,,,,,,,,,,,,,,,,,,,,false,false,,,,,,,,,,,,,,,,,,,,,,,,
,Nova Cyber Advisors,https://novacyber.example.com,Martin Silva,Sales Director,martin@novacyber.example.com,Colombia,Cybersecurity,,,,,,,batch_da647320dc82,generic,,,,,,,,,,,cand_45a0690b6cd7,,,novacyber.example.com,,,,,,,"{""source_provider"": ""generic"", ""raw_data_json"": ""{\""source_provider\"": \""generic\"", \""raw_data_json\"": \""{\\\""lead_id\\\"": \\\""cand_87e73f1427bf\\\"", \\\""source\\\"": \\\""generic\\\"", \\\""action\\\"": \\\""research_and_draft\\\"", \\\""status\\\"": \\\""discard\\\"", \\\""approved\\\"": \\\""false\\\"", \\\""revision_count\\\"": \\\""0\\\"", \\\""export_ready\\\"": \\\""false\\\"", \\\""agent_note\\\"": \\\""Enrichment recommended discard. No draft generated.\\\""}\""}""}",duplicate,,,email:martin@novacyber.example.com,cand_fbfa53bb3252,,,,,,,,,,,,,,,,,,,,,,,,,,,,,,,,,,,,,,,,,,,,,,false,false,,,,,,,,,,,,,,,,,,,,,,,,
,Tienda La Esquina,,Luis Perez,Owner,luis@tiendalaesquina.example.com,Peru,Retail,,,,,,,batch_da647320dc82,generic,,,,,,,,,,,cand_e94e83e9d868,,,tiendalaesquina.example.com,,,,,,,"{""source_provider"": ""generic"", ""raw_data_json"": ""{\""source_provider\"": \""generic\"", \""raw_data_json\"": \""{\\\""source_provider\\\"": \\\""generic\\\"", \\\""raw_data_json\\\"": \\\""{\\\\\\\""lead_id\\\\\\\"": \\\\\\\""lead_weak_001\\\\\\\"", \\\\\\\""source\\\\\\\"": \\\\\\\""manual\\\\\\\"", \\\\\\\""manual_context\\\\\\\"": \\\\\\\""Negocio local B2C sin senales claras de venta consultiva B2B.\\\\\\\"", \\\\\\\""action\\\\\\\"": \\\\\\\""research_and_draft\\\\\\\"", \\\\\\\""status\\\\\\\"": \\\\\\\""new\\\\\\\"", \\\\\\\""approved\\\\\\\"": \\\\\\\""false\\\\\\\""}\\\""}\""}""}",duplicate,,,email:luis@tiendalaesquina.example.com,cand_6c6b32d8d428,,,,,,,,,,,,,,,,,,,,,,,,,,,,,,,,,,,,,,,,,,,,,,false,false,,,,,,,,,,,,,,,,,,,,,,,,
,Nova Cyber Advisors,https://novacyber.example.com,Martin Silva,Sales Director,martin@novacyber.example.com,Colombia,Cybersecurity,,,,,,,batch_da647320dc82,generic,,,,,,,,,,,cand_7c190f3f0b72,,,novacyber.example.com,,,,,,,"{""source_provider"": ""generic"", ""raw_data_json"": ""{\""source_provider\"": \""generic\"", \""raw_data_json\"": \""{\\\""source_provider\\\"": \\\""generic\\\"", \\\""raw_data_json\\\"": \\\""{\\\\\\\""lead_id\\\\\\\"": \\\\\\\""lead_revision_001\\\\\\\"", \\\\\\\""source\\\\\\\"": \\\\\\\""manual\\\\\\\"", \\\\\\\""manual_context\\\\\\\"": \\\\\\\""Firma de ciberseguridad con servicios para empresas medianas. Draft previo demasiado generico.\\\\\\\"", \\\\\\\""action\\\\\\\"": \\\\\\\""revise\\\\\\\"", \\\\\\\""status\\\\\\\"": \\\\\\\""drafted\\\\\\\"", \\\\\\\""approved\\\\\\\"": \\\\\\\""false\\\\\\\"", \\\\\\\""revision_instruction\\\\\\\"": \\\\\\\""Hazlo mas directo y menciona trazabilidad de evidencia.\\\\\\\""}\\\""}\""}""}",duplicate,,,email:martin@novacyber.example.com,cand_fbfa53bb3252,,,,,,,,,,,,,,,,,,,,,,,,,,,,,,,,,,,,,,,,,,,,,,false,false,,,,,,,,,,,,,,,,,,,,,,,,
,Tienda La Esquina,,Luis Perez,Owner,luis@tiendalaesquina.example.com,Peru,Retail,,,,,,,batch_da647320dc82,generic,,,,,,,,,,,cand_35decadb470b,,,tiendalaesquina.example.com,,,,,,,"{""source_provider"": ""generic"", ""raw_data_json"": ""{\""source_provider\"": \""generic\"", \""raw_data_json\"": \""{\\\""source_provider\\\"": \\\""generic\\\"", \\\""raw_data_json\\\"": \\\""{\\\\\\\""source_provider\\\\\\\"": \\\\\\\""generic\\\\\\\"", \\\\\\\""raw_data_json\\\\\\\"": \\\\\\\""{\\\\\\\\\\\\\\\""lead_id\\\\\\\\\\\\\\\"": \\\\\\\\\\\\\\\""lead_weak_001\\\\\\\\\\\\\\\"", \\\\\\\\\\\\\\\""source\\\\\\\\\\\\\\\"": \\\\\\\\\\\\\\\""manual\\\\\\\\\\\\\\\"", \\\\\\\\\\\\\\\""manual_context\\\\\\\\\\\\\\\"": \\\\\\\\\\\\\\\""Negocio local B2C sin senales claras de venta consultiva B2B.\\\\\\\\\\\\\\\"", \\\\\\\\\\\\\\\""action\\\\\\\\\\\\\\\"": \\\\\\\\\\\\\\\""research_and_draft\\\\\\\\\\\\\\\"", \\\\\\\\\\\\\\\""status\\\\\\\\\\\\\\\"": \\\\\\\\\\\\\\\""new\\\\\\\\\\\\\\\"", \\\\\\\\\\\\\\\""approved\\\\\\\\\\\\\\\"": \\\\\\\\\\\\\\\""false\\\\\\\\\\\\\\\""}\\\\\\\""}\\\""}\""}""}",duplicate,,,email:luis@tiendalaesquina.example.com,cand_6c6b32d8d428,,,,,,,,,,,,,,,,,,,,,,,,,,,,,,,,,,,,,,,,,,,,,,false,false,,,,,,,,,,,,,,,,,,,,,,,,
,Nova Cyber Advisors,https://novacyber.example.com,Martin Silva,Sales Director,martin@novacyber.example.com,Colombia,Cybersecurity,,,,,,,batch_da647320dc82,generic,,,,,,,,,,,cand_87e73f1427bf,,,novacyber.example.com,,,,,,,"{""source_provider"": ""generic"", ""raw_data_json"": ""{\""source_provider\"": \""generic\"", \""raw_data_json\"": \""{\\\""source_provider\\\"": \\\""generic\\\"", \\\""raw_data_json\\\"": \\\""{\\\\\\\""source_provider\\\\\\\"": \\\\\\\""generic\\\\\\\"", \\\\\\\""raw_data_json\\\\\\\"": \\\\\\\""{\\\\\\\\\\\\\\\""lead_id\\\\\\\\\\\\\\\"": \\\\\\\\\\\\\\\""lead_revision_001\\\\\\\\\\\\\\\"", \\\\\\\\\\\\\\\""source\\\\\\\\\\\\\\\"": \\\\\\\\\\\\\\\""manual\\\\\\\\\\\\\\\"", \\\\\\\\\\\\\\\""manual_context\\\\\\\\\\\\\\\"": \\\\\\\\\\\\\\\""Firma de ciberseguridad con servicios para empresas medianas. Draft previo demasiado generico.\\\\\\\\\\\\\\\"", \\\\\\\\\\\\\\\""action\\\\\\\\\\\\\\\"": \\\\\\\\\\\\\\\""revise\\\\\\\\\\\\\\\"", \\\\\\\\\\\\\\\""status\\\\\\\\\\\\\\\"": \\\\\\\\\\\\\\\""drafted\\\\\\\\\\\\\\\"", \\\\\\\\\\\\\\\""approved\\\\\\\\\\\\\\\"": \\\\\\\\\\\\\\\""false\\\\\\\\\\\\\\\"", \\\\\\\\\\\\\\\""revision_instruction\\\\\\\\\\\\\\\"": \\\\\\\\\\\\\\\""Hazlo mas directo y menciona trazabilidad de evidencia.\\\\\\\\\\\\\\\""}\\\\\\\""}\\\""}\""}""}",duplicate,,,email:martin@novacyber.example.com,cand_fbfa53bb3252,,,,,,,,,,,,,,,,,,,,,,,,,,,,,,,,,,,,,,,,,,,,,,false,false,,,,,,,,,,,,,,,,,,,,,,,,
,Tienda La Esquina,,Luis Perez,Owner,luis@tiendalaesquina.example.com,Peru,Retail,,,,,,,batch_da647320dc82,generic,,,,,,,,,,,cand_6c6b32d8d428,,,tiendalaesquina.example.com,,,,,,,"{""source_provider"": ""generic"", ""raw_data_json"": ""{\""source_provider\"": \""generic\"", \""raw_data_json\"": \""{\\\""source_provider\\\"": \\\""generic\\\"", \\\""raw_data_json\\\"": \\\""{\\\\\\\""lead_id\\\\\\\"": \\\\\\\""cand_35decadb470b\\\\\\\"", \\\\\\\""source\\\\\\\"": \\\\\\\""generic\\\\\\\"", \\\\\\\""action\\\\\\\"": \\\\\\\""research_and_draft\\\\\\\"", \\\\\\\""status\\\\\\\"": \\\\\\\""discard\\\\\\\"", \\\\\\\""approved\\\\\\\"": \\\\\\\""false\\\\\\\"", \\\\\\\""revision_count\\\\\\\"": \\\\\\\""0\\\\\\\"", \\\\\\\""export_ready\\\\\\\"": \\\\\\\""false\\\\\\\"", \\\\\\\""agent_note\\\\\\\"": \\\\\\\""Enrichment recommended discard. No draft generated.\\\\\\\""}\\\""}\""}""}",duplicate,,,email:luis@tiendalaesquina.example.com,cand_6c6b32d8d428,,,,,,,,,,,,,,,,,,,,,,,,,,,,,,,,,,,,,,,,,,,,,,false,false,,,,,,,,,,,,,,,,,,,,,,,,
,Nova Cyber Advisors,https://novacyber.example.com,Martin Silva,Sales Director,martin@novacyber.example.com,Colombia,Cybersecurity,,,,,,,batch_da647320dc82,generic,,,,,,,,,,,cand_fbfa53bb3252,,,novacyber.example.com,,,,,,,"{""source_provider"": ""generic"", ""raw_data_json"": ""{\""source_provider\"": \""generic\"", \""raw_data_json\"": \""{\\\""source_provider\\\"": \\\""generic\\\"", \\\""raw_data_json\\\"": \\\""{\\\\\\\""lead_id\\\\\\\"": \\\\\\\""cand_87e73f1427bf\\\\\\\"", \\\\\\\""source\\\\\\\"": \\\\\\\""generic\\\\\\\"", \\\\\\\""action\\\\\\\"": \\\\\\\""research_and_draft\\\\\\\"", \\\\\\\""status\\\\\\\"": \\\\\\\""discard\\\\\\\"", \\\\\\\""approved\\\\\\\"": \\\\\\\""false\\\\\\\"", \\\\\\\""revision_count\\\\\\\"": \\\\\\\""0\\\\\\\"", \\\\\\\""export_ready\\\\\\\"": \\\\\\\""false\\\\\\\"", \\\\\\\""agent_note\\\\\\\"": \\\\\\\""Enrichment recommended discard. No draft generated.\\\\\\\""}\\\""}\""}""}",duplicate,,,email:martin@novacyber.example.com,cand_fbfa53bb3252,,,,,,,,,,,,,,,,,,,,,,,,,,,,,,,,,,,,,,,,,,,,,,false,false,,,,,,,,,,,,,,,,,,,,,,,,
,Tienda La Esquina,,Luis Perez,Owner,luis@tiendalaesquina.example.com,Peru,Retail,,,,,,,batch_da647320dc82,generic,,,,,,,,,,,cand_5a65114be3c1,,,tiendalaesquina.example.com,,,,,,,"{""source_provider"": ""generic"", ""raw_data_json"": ""{\""source_provider\"": \""generic\"", \""raw_data_json\"": \""{\\\""lead_id\\\"": \\\""cand_35decadb470b\\\"", \\\""source\\\"": \\\""generic\\\"", \\\""action\\\"": \\\""research_and_draft\\\"", \\\""status\\\"": \\\""insufficient_data\\\"", \\\""approved\\\"": \\\""false\\\"", \\\""revision_count\\\"": \\\""0\\\"", \\\""export_ready\\\"": \\\""false\\\"", \\\""agent_note\\\"": \\\""Enrichment complete. Status: insufficient_data, confidence: 30, recommended_action: discard.\\\""}\""}""}",duplicate,,,email:luis@tiendalaesquina.example.com,cand_6c6b32d8d428,,,,,,,,,,,,,,,,,,,,,,,,,,,,,,,,,,,,,,,,,,,,,,false,false,,,,,,,,,,,,,,,,,,,,,,,,
,Nova Cyber Advisors,https://novacyber.example.com,Martin Silva,Sales Director,martin@novacyber.example.com,Colombia,Cybersecurity,,,,,,,batch_da647320dc82,generic,,,,,,,,,,,cand_49f0cbe78bc8,,,novacyber.example.com,,,,,,,"{""source_provider"": ""generic"", ""raw_data_json"": ""{\""source_provider\"": \""generic\"", \""raw_data_json\"": \""{\\\""lead_id\\\"": \\\""cand_87e73f1427bf\\\"", \\\""source\\\"": \\\""generic\\\"", \\\""action\\\"": \\\""research_and_draft\\\"", \\\""status\\\"": \\\""insufficient_data\\\"", \\\""approved\\\"": \\\""false\\\"", \\\""revision_count\\\"": \\\""0\\\"", \\\""export_ready\\\"": \\\""false\\\"", \\\""agent_note\\\"": \\\""Enrichment complete. Status: insufficient_data, confidence: 30, recommended_action: discard.\\\""}\""}""}",duplicate,,,email:martin@novacyber.example.com,cand_fbfa53bb3252,,,,,,,,,,,,,,,,,,,,,,,,,,,,,,,,,,,,,,,,,,,,,,false,false,,,,,,,,,,,,,,,,,,,,,,,,
,Tienda La Esquina,,Luis Perez,Owner,luis@tiendalaesquina.example.com,Peru,Retail,,,,,,,batch_da647320dc82,generic,,,,,,,,,,,cand_645e73e151c6,,,tiendalaesquina.example.com,,,,,,,"{""source_provider"": ""generic"", ""raw_data_json"": ""{\""source_provider\"": \""generic\"", \""raw_data_json\"": \""{\\\""source_provider\\\"": \\\""generic\\\"", \\\""raw_data_json\\\"": \\\""{\\\\\\\""lead_id\\\\\\\"": \\\\\\\""lead_weak_001\\\\\\\"", \\\\\\\""source\\\\\\\"": \\\\\\\""manual\\\\\\\"", \\\\\\\""manual_context\\\\\\\"": \\\\\\\""Negocio local B2C sin senales claras de venta consultiva B2B.\\\\\\\"", \\\\\\\""action\\\\\\\"": \\\\\\\""research_and_draft\\\\\\\"", \\\\\\\""status\\\\\\\"": \\\\\\\""new\\\\\\\"", \\\\\\\""approved\\\\\\\"": \\\\\\\""false\\\\\\\""}\\\""}\""}""}",duplicate,,,email:luis@tiendalaesquina.example.com,cand_6c6b32d8d428,,,,,,,,,,,,,,,,,,,,,,,,,,,,,,,,,,,,,,,,,,,,,,false,false,,,,,,,,,,,,,,,,,,,,,,,,
,Nova Cyber Advisors,https://novacyber.example.com,Martin Silva,Sales Director,martin@novacyber.example.com,Colombia,Cybersecurity,,,,,,,batch_da647320dc82,generic,,,,,,,,,,,cand_51d2cbd0d029,,,novacyber.example.com,,,,,,,"{""source_provider"": ""generic"", ""raw_data_json"": ""{\""source_provider\"": \""generic\"", \""raw_data_json\"": \""{\\\""source_provider\\\"": \\\""generic\\\"", \\\""raw_data_json\\\"": \\\""{\\\\\\\""lead_id\\\\\\\"": \\\\\\\""lead_revision_001\\\\\\\"", \\\\\\\""source\\\\\\\"": \\\\\\\""manual\\\\\\\"", \\\\\\\""manual_context\\\\\\\"": \\\\\\\""Firma de ciberseguridad con servicios para empresas medianas. Draft previo demasiado generico.\\\\\\\"", \\\\\\\""action\\\\\\\"": \\\\\\\""revise\\\\\\\"", \\\\\\\""status\\\\\\\"": \\\\\\\""drafted\\\\\\\"", \\\\\\\""approved\\\\\\\"": \\\\\\\""false\\\\\\\"", \\\\\\\""revision_instruction\\\\\\\"": \\\\\\\""Hazlo mas directo y menciona trazabilidad de evidencia.\\\\\\\""}\\\""}\""}""}",duplicate,,,email:martin@novacyber.example.com,cand_fbfa53bb3252,,,,,,,,,,,,,,,,,,,,,,,,,,,,,,,,,,,,,,,,,,,,,,false,false,,,,,,,,,,,,,,,,,,,,,,,,
,Tienda La Esquina,,Luis Perez,Owner,luis@tiendalaesquina.example.com,Peru,Retail,,,,,,,batch_da647320dc82,generic,,,,,,,,,,,cand_35decadb470b,,,tiendalaesquina.example.com,,,,,,,"{""source_provider"": ""generic"", ""raw_data_json"": ""{\""source_provider\"": \""generic\"", \""raw_data_json\"": \""{\\\""source_provider\\\"": \\\""generic\\\"", \\\""raw_data_json\\\"": \\\""{\\\\\\\""source_provider\\\\\\\"": \\\\\\\""generic\\\\\\\"", \\\\\\\""raw_data_json\\\\\\\"": \\\\\\\""{\\\\\\\\\\\\\\\""lead_id\\\\\\\\\\\\\\\"": \\\\\\\\\\\\\\\""lead_weak_001\\\\\\\\\\\\\\\"", \\\\\\\\\\\\\\\""source\\\\\\\\\\\\\\\"": \\\\\\\\\\\\\\\""manual\\\\\\\\\\\\\\\"", \\\\\\\\\\\\\\\""manual_context\\\\\\\\\\\\\\\"": \\\\\\\\\\\\\\\""Negocio local B2C sin senales claras de venta consultiva B2B.\\\\\\\\\\\\\\\"", \\\\\\\\\\\\\\\""action\\\\\\\\\\\\\\\"": \\\\\\\\\\\\\\\""research_and_draft\\\\\\\\\\\\\\\"", \\\\\\\\\\\\\\\""status\\\\\\\\\\\\\\\"": \\\\\\\\\\\\\\\""new\\\\\\\\\\\\\\\"", \\\\\\\\\\\\\\\""approved\\\\\\\\\\\\\\\"": \\\\\\\\\\\\\\\""false\\\\\\\\\\\\\\\""}\\\\\\\""}\\\""}\""}""}",duplicate,,,email:luis@tiendalaesquina.example.com,cand_6c6b32d8d428,,,,,,,,,,,,,,,,,,,,,,,,,,,,,,,,,,,,,,,,,,,,,,false,false,,,,,,,,,,,,,,,,,,,,,,,,
,Nova Cyber Advisors,https://novacyber.example.com,Martin Silva,Sales Director,martin@novacyber.example.com,Colombia,Cybersecurity,,,,,,,batch_da647320dc82,generic,,,,,,,,,,,cand_87e73f1427bf,,,novacyber.example.com,,,,,,,"{""source_provider"": ""generic"", ""raw_data_json"": ""{\""source_provider\"": \""generic\"", \""raw_data_json\"": \""{\\\""source_provider\\\"": \\\""generic\\\"", \\\""raw_data_json\\\"": \\\""{\\\\\\\""source_provider\\\\\\\"": \\\\\\\""generic\\\\\\\"", \\\\\\\""raw_data_json\\\\\\\"": \\\\\\\""{\\\\\\\\\\\\\\\""lead_id\\\\\\\\\\\\\\\"": \\\\\\\\\\\\\\\""lead_revision_001\\\\\\\\\\\\\\\"", \\\\\\\\\\\\\\\""source\\\\\\\\\\\\\\\"": \\\\\\\\\\\\\\\""manual\\\\\\\\\\\\\\\"", \\\\\\\\\\\\\\\""manual_context\\\\\\\\\\\\\\\"": \\\\\\\\\\\\\\\""Firma de ciberseguridad con servicios para empresas medianas. Draft previo demasiado generico.\\\\\\\\\\\\\\\"", \\\\\\\\\\\\\\\""action\\\\\\\\\\\\\\\"": \\\\\\\\\\\\\\\""revise\\\\\\\\\\\\\\\"", \\\\\\\\\\\\\\\""status\\\\\\\\\\\\\\\"": \\\\\\\\\\\\\\\""drafted\\\\\\\\\\\\\\\"", \\\\\\\\\\\\\\\""approved\\\\\\\\\\\\\\\"": \\\\\\\\\\\\\\\""false\\\\\\\\\\\\\\\"", \\\\\\\\\\\\\\\""revision_instruction\\\\\\\\\\\\\\\"": \\\\\\\\\\\\\\\""Hazlo mas directo y menciona trazabilidad de evidencia.\\\\\\\\\\\\\\\""}\\\\\\\""}\\\""}\""}""}",duplicate,,,email:martin@novacyber.example.com,cand_fbfa53bb3252,,,,,,,,,,,,,,,,,,,,,,,,,,,,,,,,,,,,,,,,,,,,,,false,false,,,,,,,,,,,,,,,,,,,,,,,,
,Tienda La Esquina,,Luis Perez,Owner,luis@tiendalaesquina.example.com,Peru,Retail,,,,,,,batch_da647320dc82,generic,,,,,,,,,,,cand_3993f593326f,,,tiendalaesquina.example.com,,,,,,,"{""source_provider"": ""generic"", ""raw_data_json"": ""{\""source_provider\"": \""generic\"", \""raw_data_json\"": \""{\\\""source_provider\\\"": \\\""generic\\\"", \\\""raw_data_json\\\"": \\\""{\\\\\\\""lead_id\\\\\\\"": \\\\\\\""cand_35decadb470b\\\\\\\"", \\\\\\\""source\\\\\\\"": \\\\\\\""generic\\\\\\\"", \\\\\\\""action\\\\\\\"": \\\\\\\""research_and_draft\\\\\\\"", \\\\\\\""status\\\\\\\"": \\\\\\\""discard\\\\\\\"", \\\\\\\""approved\\\\\\\"": \\\\\\\""false\\\\\\\"", \\\\\\\""revision_count\\\\\\\"": \\\\\\\""0\\\\\\\"", \\\\\\\""export_ready\\\\\\\"": \\\\\\\""false\\\\\\\"", \\\\\\\""agent_note\\\\\\\"": \\\\\\\""Enrichment recommended discard. No draft generated.\\\\\\\""}\\\""}\""}""}",duplicate,,,email:luis@tiendalaesquina.example.com,cand_6c6b32d8d428,,,,,,,,,,,,,,,,,,,,,,,,,,,,,,,,,,,,,,,,,,,,,,false,false,,,,,,,,,,,,,,,,,,,,,,,,
,Nova Cyber Advisors,https://novacyber.example.com,Martin Silva,Sales Director,martin@novacyber.example.com,Colombia,Cybersecurity,,,,,,,batch_da647320dc82,generic,,,,,,,,,,,cand_014e30539043,,,novacyber.example.com,,,,,,,"{""source_provider"": ""generic"", ""raw_data_json"": ""{\""source_provider\"": \""generic\"", \""raw_data_json\"": \""{\\\""source_provider\\\"": \\\""generic\\\"", \\\""raw_data_json\\\"": \\\""{\\\\\\\""lead_id\\\\\\\"": \\\\\\\""cand_87e73f1427bf\\\\\\\"", \\\\\\\""source\\\\\\\"": \\\\\\\""generic\\\\\\\"", \\\\\\\""action\\\\\\\"": \\\\\\\""research_and_draft\\\\\\\"", \\\\\\\""status\\\\\\\"": \\\\\\\""discard\\\\\\\"", \\\\\\\""approved\\\\\\\"": \\\\\\\""false\\\\\\\"", \\\\\\\""revision_count\\\\\\\"": \\\\\\\""0\\\\\\\"", \\\\\\\""export_ready\\\\\\\"": \\\\\\\""false\\\\\\\"", \\\\\\\""agent_note\\\\\\\"": \\\\\\\""Enrichment recommended discard. No draft generated.\\\\\\\""}\\\""}\""}""}",duplicate,,,email:martin@novacyber.example.com,cand_fbfa53bb3252,,,,,,,,,,,,,,,,,,,,,,,,,,,,,,,,,,,,,,,,,,,,,,false,false,,,,,,,,,,,,,,,,,,,,,,,,
,Tienda La Esquina,,Luis Perez,Owner,luis@tiendalaesquina.example.com,Peru,Retail,,,,,,,batch_da647320dc82,generic,,,,,,,,,,,cand_e94e83e9d868,,,tiendalaesquina.example.com,,,,,,,"{""source_provider"": ""generic"", ""raw_data_json"": ""{\""source_provider\"": \""generic\"", \""raw_data_json\"": \""{\\\""source_provider\\\"": \\\""generic\\\"", \\\""raw_data_json\\\"": \\\""{\\\\\\\""source_provider\\\\\\\"": \\\\\\\""generic\\\\\\\"", \\\\\\\""raw_data_json\\\\\\\"": \\\\\\\""{\\\\\\\\\\\\\\\""lead_id\\\\\\\\\\\\\\\"": \\\\\\\\\\\\\\\""lead_weak_001\\\\\\\\\\\\\\\"", \\\\\\\\\\\\\\\""source\\\\\\\\\\\\\\\"": \\\\\\\\\\\\\\\""manual\\\\\\\\\\\\\\\"", \\\\\\\\\\\\\\\""manual_context\\\\\\\\\\\\\\\"": \\\\\\\\\\\\\\\""Negocio local B2C sin senales claras de venta consultiva B2B.\\\\\\\\\\\\\\\"", \\\\\\\\\\\\\\\""action\\\\\\\\\\\\\\\"": \\\\\\\\\\\\\\\""research_and_draft\\\\\\\\\\\\\\\"", \\\\\\\\\\\\\\\""status\\\\\\\\\\\\\\\"": \\\\\\\\\\\\\\\""new\\\\\\\\\\\\\\\"", \\\\\\\\\\\\\\\""approved\\\\\\\\\\\\\\\"": \\\\\\\\\\\\\\\""false\\\\\\\\\\\\\\\""}\\\\\\\""}\\\""}\""}""}",duplicate,,,email:luis@tiendalaesquina.example.com,cand_6c6b32d8d428,,,,,,,,,,,,,,,,,,,,,,,,,,,,,,,,,,,,,,,,,,,,,,false,false,,,,,,,,,,,,,,,,,,,,,,,,
,Nova Cyber Advisors,https://novacyber.example.com,Martin Silva,Sales Director,martin@novacyber.example.com,Colombia,Cybersecurity,,,,,,,batch_da647320dc82,generic,,,,,,,,,,,cand_7c190f3f0b72,,,novacyber.example.com,,,,,,,"{""source_provider"": ""generic"", ""raw_data_json"": ""{\""source_provider\"": \""generic\"", \""raw_data_json\"": \""{\\\""source_provider\\\"": \\\""generic\\\"", \\\""raw_data_json\\\"": \\\""{\\\\\\\""source_provider\\\\\\\"": \\\\\\\""generic\\\\\\\"", \\\\\\\""raw_data_json\\\\\\\"": \\\\\\\""{\\\\\\\\\\\\\\\""lead_id\\\\\\\\\\\\\\\"": \\\\\\\\\\\\\\\""lead_revision_001\\\\\\\\\\\\\\\"", \\\\\\\\\\\\\\\""source\\\\\\\\\\\\\\\"": \\\\\\\\\\\\\\\""manual\\\\\\\\\\\\\\\"", \\\\\\\\\\\\\\\""manual_context\\\\\\\\\\\\\\\"": \\\\\\\\\\\\\\\""Firma de ciberseguridad con servicios para empresas medianas. Draft previo demasiado generico.\\\\\\\\\\\\\\\"", \\\\\\\\\\\\\\\""action\\\\\\\\\\\\\\\"": \\\\\\\\\\\\\\\""revise\\\\\\\\\\\\\\\"", \\\\\\\\\\\\\\\""status\\\\\\\\\\\\\\\"": \\\\\\\\\\\\\\\""drafted\\\\\\\\\\\\\\\"", \\\\\\\\\\\\\\\""approved\\\\\\\\\\\\\\\"": \\\\\\\\\\\\\\\""false\\\\\\\\\\\\\\\"", \\\\\\\\\\\\\\\""revision_instruction\\\\\\\\\\\\\\\"": \\\\\\\\\\\\\\\""Hazlo mas directo y menciona trazabilidad de evidencia.\\\\\\\\\\\\\\\""}\\\\\\\""}\\\""}\""}""}",duplicate,,,email:martin@novacyber.example.com,cand_fbfa53bb3252,,,,,,,,,,,,,,,,,,,,,,,,,,,,,,,,,,,,,,,,,,,,,,false,false,,,,,,,,,,,,,,,,,,,,,,,,
,Tienda La Esquina,,Luis Perez,Owner,luis@tiendalaesquina.example.com,Peru,Retail,,,,,,,batch_da647320dc82,generic,,,,,,,,,,,cand_35decadb470b,,,tiendalaesquina.example.com,,,,,,,"{""source_provider"": ""generic"", ""raw_data_json"": ""{\""source_provider\"": \""generic\"", \""raw_data_json\"": \""{\\\""source_provider\\\"": \\\""generic\\\"", \\\""raw_data_json\\\"": \\\""{\\\\\\\""source_provider\\\\\\\"": \\\\\\\""generic\\\\\\\"", \\\\\\\""raw_data_json\\\\\\\"": \\\\\\\""{\\\\\\\\\\\\\\\""source_provider\\\\\\\\\\\\\\\"": \\\\\\\\\\\\\\\""generic\\\\\\\\\\\\\\\"", \\\\\\\\\\\\\\\""raw_data_json\\\\\\\\\\\\\\\"": \\\\\\\\\\\\\\\""{\\\\\\\\\\\\\\\\\\\\\\\\\\\\\\\""lead_id\\\\\\\\\\\\\\\\\\\\\\\\\\\\\\\"": \\\\\\\\\\\\\\\\\\\\\\\\\\\\\\\""lead_weak_001\\\\\\\\\\\\\\\\\\\\\\\\\\\\\\\"", \\\\\\\\\\\\\\\\\\\\\\\\\\\\\\\""source\\\\\\\\\\\\\\\\\\\\\\\\\\\\\\\"": \\\\\\\\\\\\\\\\\\\\\\\\\\\\\\\""manual\\\\\\\\\\\\\\\\\\\\\\\\\\\\\\\"", \\\\\\\\\\\\\\\\\\\\\\\\\\\\\\\""manual_context\\\\\\\\\\\\\\\\\\\\\\\\\\\\\\\"": \\\\\\\\\\\\\\\\\\\\\\\\\\\\\\\""Negocio local B2C sin senales claras de venta consultiva B2B.\\\\\\\\\\\\\\\\\\\\\\\\\\\\\\\"", \\\\\\\\\\\\\\\\\\\\\\\\\\\\\\\""action\\\\\\\\\\\\\\\\\\\\\\\\\\\\\\\"": \\\\\\\\\\\\\\\\\\\\\\\\\\\\\\\""research_and_draft\\\\\\\\\\\\\\\\\\\\\\\\\\\\\\\"", \\\\\\\\\\\\\\\\\\\\\\\\\\\\\\\""status\\\\\\\\\\\\\\\\\\\\\\\\\\\\\\\"": \\\\\\\\\\\\\\\\\\\\\\\\\\\\\\\""new\\\\\\\\\\\\\\\\\\\\\\\\\\\\\\\"", \\\\\\\\\\\\\\\\\\\\\\\\\\\\\\\""approved\\\\\\\\\\\\\\\\\\\\\\\\\\\\\\\"": \\\\\\\\\\\\\\\\\\\\\\\\\\\\\\\""false\\\\\\\\\\\\\\\\\\\\\\\\\\\\\\\""}\\\\\\\\\\\\\\\""}\\\\\\\""}\\\""}\""}""}",duplicate,,,email:luis@tiendalaesquina.example.com,cand_6c6b32d8d428,,,,,,,,,,,,,,,,,,,,,,,,,,,,,,,,,,,,,,,,,,,,,,false,false,,,,,,,,,,,,,,,,,,,,,,,,
,Nova Cyber Advisors,https://novacyber.example.com,Martin Silva,Sales Director,martin@novacyber.example.com,Colombia,Cybersecurity,,,,,,,batch_da647320dc82,generic,,,,,,,,,,,cand_87e73f1427bf,,,novacyber.example.com,,,,,,,"{""source_provider"": ""generic"", ""raw_data_json"": ""{\""source_provider\"": \""generic\"", \""raw_data_json\"": \""{\\\""source_provider\\\"": \\\""generic\\\"", \\\""raw_data_json\\\"": \\\""{\\\\\\\""source_provider\\\\\\\"": \\\\\\\""generic\\\\\\\"", \\\\\\\""raw_data_json\\\\\\\"": \\\\\\\""{\\\\\\\\\\\\\\\""source_provider\\\\\\\\\\\\\\\"": \\\\\\\\\\\\\\\""generic\\\\\\\\\\\\\\\"", \\\\\\\\\\\\\\\""raw_data_json\\\\\\\\\\\\\\\"": \\\\\\\\\\\\\\\""{\\\\\\\\\\\\\\\\\\\\\\\\\\\\\\\""lead_id\\\\\\\\\\\\\\\\\\\\\\\\\\\\\\\"": \\\\\\\\\\\\\\\\\\\\\\\\\\\\\\\""lead_revision_001\\\\\\\\\\\\\\\\\\\\\\\\\\\\\\\"", \\\\\\\\\\\\\\\\\\\\\\\\\\\\\\\""source\\\\\\\\\\\\\\\\\\\\\\\\\\\\\\\"": \\\\\\\\\\\\\\\\\\\\\\\\\\\\\\\""manual\\\\\\\\\\\\\\\\\\\\\\\\\\\\\\\"", \\\\\\\\\\\\\\\\\\\\\\\\\\\\\\\""manual_context\\\\\\\\\\\\\\\\\\\\\\\\\\\\\\\"": \\\\\\\\\\\\\\\\\\\\\\\\\\\\\\\""Firma de ciberseguridad con servicios para empresas medianas. Draft previo demasiado generico.\\\\\\\\\\\\\\\\\\\\\\\\\\\\\\\"", \\\\\\\\\\\\\\\\\\\\\\\\\\\\\\\""action\\\\\\\\\\\\\\\\\\\\\\\\\\\\\\\"": \\\\\\\\\\\\\\\\\\\\\\\\\\\\\\\""revise\\\\\\\\\\\\\\\\\\\\\\\\\\\\\\\"", \\\\\\\\\\\\\\\\\\\\\\\\\\\\\\\""status\\\\\\\\\\\\\\\\\\\\\\\\\\\\\\\"": \\\\\\\\\\\\\\\\\\\\\\\\\\\\\\\""drafted\\\\\\\\\\\\\\\\\\\\\\\\\\\\\\\"", \\\\\\\\\\\\\\\\\\\\\\\\\\\\\\\""approved\\\\\\\\\\\\\\\\\\\\\\\\\\\\\\\"": \\\\\\\\\\\\\\\\\\\\\\\\\\\\\\\""false\\\\\\\\\\\\\\\\\\\\\\\\\\\\\\\"", \\\\\\\\\\\\\\\\\\\\\\\\\\\\\\\""revision_instruction\\\\\\\\\\\\\\\\\\\\\\\\\\\\\\\"": \\\\\\\\\\\\\\\\\\\\\\\\\\\\\\\""Hazlo mas directo y menciona trazabilidad de evidencia.\\\\\\\\\\\\\\\\\\\\\\\\\\\\\\\""}\\\\\\\\\\\\\\\""}\\\\\\\""}\\\""}\""}""}",duplicate,,,email:martin@novacyber.example.com,cand_fbfa53bb3252,,,,,,,,,,,,,,,,,,,,,,,,,,,,,,,,,,,,,,,,,,,,,,false,false,,,,,,,,,,,,,,,,,,,,,,,,
,Tienda La Esquina,,Luis Perez,Owner,luis@tiendalaesquina.example.com,Peru,Retail,,,,,,,batch_da647320dc82,generic,,,,,,,,,,,cand_6c6b32d8d428,,,tiendalaesquina.example.com,,,,,,,"{""source_provider"": ""generic"", ""raw_data_json"": ""{\""source_provider\"": \""generic\"", \""raw_data_json\"": \""{\\\""source_provider\\\"": \\\""generic\\\"", \\\""raw_data_json\\\"": \\\""{\\\\\\\""source_provider\\\\\\\"": \\\\\\\""generic\\\\\\\"", \\\\\\\""raw_data_json\\\\\\\"": \\\\\\\""{\\\\\\\\\\\\\\\""lead_id\\\\\\\\\\\\\\\"": \\\\\\\\\\\\\\\""cand_35decadb470b\\\\\\\\\\\\\\\"", \\\\\\\\\\\\\\\""source\\\\\\\\\\\\\\\"": \\\\\\\\\\\\\\\""generic\\\\\\\\\\\\\\\"", \\\\\\\\\\\\\\\""action\\\\\\\\\\\\\\\"": \\\\\\\\\\\\\\\""research_and_draft\\\\\\\\\\\\\\\"", \\\\\\\\\\\\\\\""status\\\\\\\\\\\\\\\"": \\\\\\\\\\\\\\\""discard\\\\\\\\\\\\\\\"", \\\\\\\\\\\\\\\""approved\\\\\\\\\\\\\\\"": \\\\\\\\\\\\\\\""false\\\\\\\\\\\\\\\"", \\\\\\\\\\\\\\\""revision_count\\\\\\\\\\\\\\\"": \\\\\\\\\\\\\\\""0\\\\\\\\\\\\\\\"", \\\\\\\\\\\\\\\""export_ready\\\\\\\\\\\\\\\"": \\\\\\\\\\\\\\\""false\\\\\\\\\\\\\\\"", \\\\\\\\\\\\\\\""agent_note\\\\\\\\\\\\\\\"": \\\\\\\\\\\\\\\""Enrichment recommended discard. No draft generated.\\\\\\\\\\\\\\\""}\\\\\\\""}\\\""}\""}""}",duplicate,,,email:luis@tiendalaesquina.example.com,cand_6c6b32d8d428,,,,,,,,,,,,,,,,,,,,,,,,,,,,,,,,,,,,,,,,,,,,,,false,false,,,,,,,,,,,,,,,,,,,,,,,,
,Nova Cyber Advisors,https://novacyber.example.com,Martin Silva,Sales Director,martin@novacyber.example.com,Colombia,Cybersecurity,,,,,,,batch_da647320dc82,generic,,,,,,,,,,,cand_fbfa53bb3252,,,novacyber.example.com,,,,,,,"{""source_provider"": ""generic"", ""raw_data_json"": ""{\""source_provider\"": \""generic\"", \""raw_data_json\"": \""{\\\""source_provider\\\"": \\\""generic\\\"", \\\""raw_data_json\\\"": \\\""{\\\\\\\""source_provider\\\\\\\"": \\\\\\\""generic\\\\\\\"", \\\\\\\""raw_data_json\\\\\\\"": \\\\\\\""{\\\\\\\\\\\\\\\""lead_id\\\\\\\\\\\\\\\"": \\\\\\\\\\\\\\\""cand_87e73f1427bf\\\\\\\\\\\\\\\"", \\\\\\\\\\\\\\\""source\\\\\\\\\\\\\\\"": \\\\\\\\\\\\\\\""generic\\\\\\\\\\\\\\\"", \\\\\\\\\\\\\\\""action\\\\\\\\\\\\\\\"": \\\\\\\\\\\\\\\""research_and_draft\\\\\\\\\\\\\\\"", \\\\\\\\\\\\\\\""status\\\\\\\\\\\\\\\"": \\\\\\\\\\\\\\\""discard\\\\\\\\\\\\\\\"", \\\\\\\\\\\\\\\""approved\\\\\\\\\\\\\\\"": \\\\\\\\\\\\\\\""false\\\\\\\\\\\\\\\"", \\\\\\\\\\\\\\\""revision_count\\\\\\\\\\\\\\\"": \\\\\\\\\\\\\\\""0\\\\\\\\\\\\\\\"", \\\\\\\\\\\\\\\""export_ready\\\\\\\\\\\\\\\"": \\\\\\\\\\\\\\\""false\\\\\\\\\\\\\\\"", \\\\\\\\\\\\\\\""agent_note\\\\\\\\\\\\\\\"": \\\\\\\\\\\\\\\""Enrichment recommended discard. No draft generated.\\\\\\\\\\\\\\\""}\\\\\\\""}\\\""}\""}""}",duplicate,,,email:martin@novacyber.example.com,cand_fbfa53bb3252,,,,,,,,,,,,,,,,,,,,,,,,,,,,,,,,,,,,,,,,,,,,,,false,false,,,,,,,,,,,,,,,,,,,,,,,,
,Tienda La Esquina,,Luis Perez,Owner,luis@tiendalaesquina.example.com,Peru,Retail,,,,,,,batch_da647320dc82,generic,,,,,,,,,,,cand_55cee65905dd,,,tiendalaesquina.example.com,,,,,,,"{""source_provider"": ""generic"", ""raw_data_json"": ""{\""source_provider\"": \""generic\"", \""raw_data_json\"": \""{\\\""source_provider\\\"": \\\""generic\\\"", \\\""raw_data_json\\\"": \\\""{\\\\\\\""lead_id\\\\\\\"": \\\\\\\""cand_35decadb470b\\\\\\\"", \\\\\\\""source\\\\\\\"": \\\\\\\""generic\\\\\\\"", \\\\\\\""action\\\\\\\"": \\\\\\\""research_and_draft\\\\\\\"", \\\\\\\""status\\\\\\\"": \\\\\\\""insufficient_data\\\\\\\"", \\\\\\\""approved\\\\\\\"": \\\\\\\""false\\\\\\\"", \\\\\\\""revision_count\\\\\\\"": \\\\\\\""0\\\\\\\"", \\\\\\\""export_ready\\\\\\\"": \\\\\\\""false\\\\\\\"", \\\\\\\""agent_note\\\\\\\"": \\\\\\\""Enrichment complete. Status: insufficient_data, confidence: 30, recommended_action: discard.\\\\\\\""}\\\""}\""}""}",duplicate,,,email:luis@tiendalaesquina.example.com,cand_6c6b32d8d428,,,,,,,,,,,,,,,,,,,,,,,,,,,,,,,,,,,,,,,,,,,,,,false,false,,,,,,,,,,,,,,,,,,,,,,,,
,Nova Cyber Advisors,https://novacyber.example.com,Martin Silva,Sales Director,martin@novacyber.example.com,Colombia,Cybersecurity,,,,,,,batch_da647320dc82,generic,,,,,,,,,,,cand_77abcc47aef5,,,novacyber.example.com,,,,,,,"{""source_provider"": ""generic"", ""raw_data_json"": ""{\""source_provider\"": \""generic\"", \""raw_data_json\"": \""{\\\""source_provider\\\"": \\\""generic\\\"", \\\""raw_data_json\\\"": \\\""{\\\\\\\""lead_id\\\\\\\"": \\\\\\\""cand_87e73f1427bf\\\\\\\"", \\\\\\\""source\\\\\\\"": \\\\\\\""generic\\\\\\\"", \\\\\\\""action\\\\\\\"": \\\\\\\""research_and_draft\\\\\\\"", \\\\\\\""status\\\\\\\"": \\\\\\\""insufficient_data\\\\\\\"", \\\\\\\""approved\\\\\\\"": \\\\\\\""false\\\\\\\"", \\\\\\\""revision_count\\\\\\\"": \\\\\\\""0\\\\\\\"", \\\\\\\""export_ready\\\\\\\"": \\\\\\\""false\\\\\\\"", \\\\\\\""agent_note\\\\\\\"": \\\\\\\""Enrichment complete. Status: insufficient_data, confidence: 30, recommended_action: discard.\\\\\\\""}\\\""}\""}""}",duplicate,,,email:martin@novacyber.example.com,cand_fbfa53bb3252,,,,,,,,,,,,,,,,,,,,,,,,,,,,,,,,,,,,,,,,,,,,,,false,false,,,,,,,,,,,,,,,,,,,,,,,,
,Tienda La Esquina,,Luis Perez,Owner,luis@tiendalaesquina.example.com,Peru,Retail,,,,,,,batch_da647320dc82,generic,,,,,,,,,,,cand_c689cf698cdd,,,tiendalaesquina.example.com,,,,,,,"{""source_provider"": ""generic"", ""raw_data_json"": ""{\""source_provider\"": \""generic\"", \""raw_data_json\"": \""{\\\""lead_id\\\"": \\\""cand_35decadb470b\\\"", \\\""source\\\"": \\\""generic\\\"", \\\""action\\\"": \\\""research_and_draft\\\"", \\\""status\\\"": \\\""insufficient_data\\\"", \\\""approved\\\"": \\\""false\\\"", \\\""revision_count\\\"": \\\""0\\\"", \\\""export_ready\\\"": \\\""false\\\"", \\\""agent_note\\\"": \\\""Enrichment complete. Status: insufficient_data, confidence: 30, recommended_action: discard.\\\""}\""}""}",duplicate,,,email:luis@tiendalaesquina.example.com,cand_6c6b32d8d428,,,,,,,,,,,,,,,,,,,,,,,,,,,,,,,,,,,,,,,,,,,,,,false,false,,,,,,,,,,,,,,,,,,,,,,,,
,Nova Cyber Advisors,https://novacyber.example.com,Martin Silva,Sales Director,martin@novacyber.example.com,Colombia,Cybersecurity,,,,,,,batch_da647320dc82,generic,,,,,,,,,,,cand_9f52b4405054,,,novacyber.example.com,,,,,,,"{""source_provider"": ""generic"", ""raw_data_json"": ""{\""source_provider\"": \""generic\"", \""raw_data_json\"": \""{\\\""lead_id\\\"": \\\""cand_87e73f1427bf\\\"", \\\""source\\\"": \\\""generic\\\"", \\\""action\\\"": \\\""research_and_draft\\\"", \\\""status\\\"": \\\""insufficient_data\\\"", \\\""approved\\\"": \\\""false\\\"", \\\""revision_count\\\"": \\\""0\\\"", \\\""export_ready\\\"": \\\""false\\\"", \\\""agent_note\\\"": \\\""Enrichment complete. Status: insufficient_data, confidence: 30, recommended_action: discard.\\\""}\""}""}",duplicate,,,email:martin@novacyber.example.com,cand_fbfa53bb3252,,,,,,,,,,,,,,,,,,,,,,,,,,,,,,,,,,,,,,,,,,,,,,false,false,,,,,,,,,,,,,,,,,,,,,,,,
,Tienda La Esquina,,Luis Perez,Owner,luis@tiendalaesquina.example.com,Peru,Retail,,,,,,,batch_da647320dc82,generic,,,,,,,,,,,cand_c8bf633beb00,,,tiendalaesquina.example.com,,,,,,,"{""source_provider"": ""generic"", ""raw_data_json"": ""{\""lead_id\"": \""cand_35decadb470b\"", \""source\"": \""generic\"", \""action\"": \""research_and_draft\"", \""status\"": \""insufficient_data\"", \""approved\"": \""false\"", \""revision_count\"": \""0\"", \""export_ready\"": \""false\"", \""agent_note\"": \""Enrichment complete. Status: insufficient_data, confidence: 30, recommended_action: discard.\""}""}",duplicate,,,email:luis@tiendalaesquina.example.com,cand_6c6b32d8d428,,,,,,,,,,,,,,,,,,,,,,,,,,,,,,,,,,,,,,,,,,,,,,false,false,,,,,,,,,,,,,,,,,,,,,,,,
,Nova Cyber Advisors,https://novacyber.example.com,Martin Silva,Sales Director,martin@novacyber.example.com,Colombia,Cybersecurity,,,,,,,batch_da647320dc82,generic,,,,,,,,,,,cand_d7b719dfe048,,,novacyber.example.com,,,,,,,"{""source_provider"": ""generic"", ""raw_data_json"": ""{\""lead_id\"": \""cand_87e73f1427bf\"", \""source\"": \""generic\"", \""action\"": \""research_and_draft\"", \""status\"": \""insufficient_data\"", \""approved\"": \""false\"", \""revision_count\"": \""0\"", \""export_ready\"": \""false\"", \""agent_note\"": \""Enrichment complete. Status: insufficient_data, confidence: 30, recommended_action: discard.\""}""}",duplicate,,,email:martin@novacyber.example.com,cand_fbfa53bb3252,,,,,,,,,,,,,,,,,,,,,,,,,,,,,,,,,,,,,,,,,,,,,,false,false,,,,,,,,,,,,,,,,,,,,,,,,
,Tienda La Esquina,,Luis Perez,Owner,luis@tiendalaesquina.example.com,Peru,Retail,,,,,,,batch_da647320dc82,generic,,,,,,,,,,,cand_00d34542042e,,,tiendalaesquina.example.com,,,,,,,"{""source_provider"": ""generic"", ""raw_data_json"": ""{\""source_provider\"": \""generic\"", \""raw_data_json\"": \""{\\\""lead_id\\\"": \\\""lead_weak_001\\\"", \\\""source\\\"": \\\""manual\\\"", \\\""manual_context\\\"": \\\""Negocio local B2C sin senales claras de venta consultiva B2B.\\\"", \\\""action\\\"": \\\""research_and_draft\\\"", \\\""status\\\"": \\\""new\\\"", \\\""approved\\\"": \\\""false\\\""}\""}""}",duplicate,,,email:luis@tiendalaesquina.example.com,cand_6c6b32d8d428,,,,,,,,,,,,,,,,,,,,,,,,,,,,,,,,,,,,,,,,,,,,,,false,false,,,,,,,,,,,,,,,,,,,,,,,,
,Nova Cyber Advisors,https://novacyber.example.com,Martin Silva,Sales Director,martin@novacyber.example.com,Colombia,Cybersecurity,,,,,,,batch_da647320dc82,generic,,,,,,,,,,,cand_312e17ffe864,,,novacyber.example.com,,,,,,,"{""source_provider"": ""generic"", ""raw_data_json"": ""{\""source_provider\"": \""generic\"", \""raw_data_json\"": \""{\\\""lead_id\\\"": \\\""lead_revision_001\\\"", \\\""source\\\"": \\\""manual\\\"", \\\""manual_context\\\"": \\\""Firma de ciberseguridad con servicios para empresas medianas. Draft previo demasiado generico.\\\"", \\\""action\\\"": \\\""revise\\\"", \\\""status\\\"": \\\""drafted\\\"", \\\""approved\\\"": \\\""false\\\"", \\\""revision_instruction\\\"": \\\""Hazlo mas directo y menciona trazabilidad de evidencia.\\\""}\""}""}",duplicate,,,email:martin@novacyber.example.com,cand_fbfa53bb3252,,,,,,,,,,,,,,,,,,,,,,,,,,,,,,,,,,,,,,,,,,,,,,false,false,,,,,,,,,,,,,,,,,,,,,,,,
,Tienda La Esquina,,Luis Perez,Owner,luis@tiendalaesquina.example.com,Peru,Retail,,,,,,,batch_da647320dc82,generic,,,,,,,,,,,cand_35decadb470b,,,tiendalaesquina.example.com,,,,,,,"{""source_provider"": ""generic"", ""raw_data_json"": ""{\""source_provider\"": \""generic\"", \""raw_data_json\"": \""{\\\""source_provider\\\"": \\\""generic\\\"", \\\""raw_data_json\\\"": \\\""{\\\\\\\""lead_id\\\\\\\"": \\\\\\\""lead_weak_001\\\\\\\"", \\\\\\\""source\\\\\\\"": \\\\\\\""manual\\\\\\\"", \\\\\\\""manual_context\\\\\\\"": \\\\\\\""Negocio local B2C sin senales claras de venta consultiva B2B.\\\\\\\"", \\\\\\\""action\\\\\\\"": \\\\\\\""research_and_draft\\\\\\\"", \\\\\\\""status\\\\\\\"": \\\\\\\""new\\\\\\\"", \\\\\\\""approved\\\\\\\"": \\\\\\\""false\\\\\\\""}\\\""}\""}""}",duplicate,,,email:luis@tiendalaesquina.example.com,cand_6c6b32d8d428,,,,,,,,,,,,,,,,,,,,,,,,,,,,,,,,,,,,,,,,,,,,,,false,false,,,,,,,,,,,,,,,,,,,,,,,,
,Nova Cyber Advisors,https://novacyber.example.com,Martin Silva,Sales Director,martin@novacyber.example.com,Colombia,Cybersecurity,,,,,,,batch_da647320dc82,generic,,,,,,,,,,,cand_87e73f1427bf,,,novacyber.example.com,,,,,,,"{""source_provider"": ""generic"", ""raw_data_json"": ""{\""source_provider\"": \""generic\"", \""raw_data_json\"": \""{\\\""source_provider\\\"": \\\""generic\\\"", \\\""raw_data_json\\\"": \\\""{\\\\\\\""lead_id\\\\\\\"": \\\\\\\""lead_revision_001\\\\\\\"", \\\\\\\""source\\\\\\\"": \\\\\\\""manual\\\\\\\"", \\\\\\\""manual_context\\\\\\\"": \\\\\\\""Firma de ciberseguridad con servicios para empresas medianas. Draft previo demasiado generico.\\\\\\\"", \\\\\\\""action\\\\\\\"": \\\\\\\""revise\\\\\\\"", \\\\\\\""status\\\\\\\"": \\\\\\\""drafted\\\\\\\"", \\\\\\\""approved\\\\\\\"": \\\\\\\""false\\\\\\\"", \\\\\\\""revision_instruction\\\\\\\"": \\\\\\\""Hazlo mas directo y menciona trazabilidad de evidencia.\\\\\\\""}\\\""}\""}""}",duplicate,,,email:martin@novacyber.example.com,cand_fbfa53bb3252,,,,,,,,,,,,,,,,,,,,,,,,,,,,,,,,,,,,,,,,,,,,,,false,false,,,,,,,,,,,,,,,,,,,,,,,,
,Tienda La Esquina,,Luis Perez,Owner,luis@tiendalaesquina.example.com,Peru,Retail,,,,,,,batch_da647320dc82,generic,,,,,,,,,,,cand_5b8b75a0fffc,,,tiendalaesquina.example.com,,,,,,,"{""source_provider"": ""generic"", ""raw_data_json"": ""{\""source_provider\"": \""generic\"", \""raw_data_json\"": \""{\\\""lead_id\\\"": \\\""cand_35decadb470b\\\"", \\\""source\\\"": \\\""generic\\\"", \\\""action\\\"": \\\""research_and_draft\\\"", \\\""status\\\"": \\\""discard\\\"", \\\""approved\\\"": \\\""false\\\"", \\\""revision_count\\\"": \\\""0\\\"", \\\""export_ready\\\"": \\\""false\\\"", \\\""agent_note\\\"": \\\""Enrichment recommended discard. No draft generated.\\\""}\""}""}",duplicate,,,email:luis@tiendalaesquina.example.com,cand_6c6b32d8d428,,,,,,,,,,,,,,,,,,,,,,,,,,,,,,,,,,,,,,,,,,,,,,false,false,,,,,,,,,,,,,,,,,,,,,,,,
,Nova Cyber Advisors,https://novacyber.example.com,Martin Silva,Sales Director,martin@novacyber.example.com,Colombia,Cybersecurity,,,,,,,batch_da647320dc82,generic,,,,,,,,,,,cand_b13535079bfc,,,novacyber.example.com,,,,,,,"{""source_provider"": ""generic"", ""raw_data_json"": ""{\""source_provider\"": \""generic\"", \""raw_data_json\"": \""{\\\""lead_id\\\"": \\\""cand_87e73f1427bf\\\"", \\\""source\\\"": \\\""generic\\\"", \\\""action\\\"": \\\""research_and_draft\\\"", \\\""status\\\"": \\\""discard\\\"", \\\""approved\\\"": \\\""false\\\"", \\\""revision_count\\\"": \\\""0\\\"", \\\""export_ready\\\"": \\\""false\\\"", \\\""agent_note\\\"": \\\""Enrichment recommended discard. No draft generated.\\\""}\""}""}",duplicate,,,email:martin@novacyber.example.com,cand_fbfa53bb3252,,,,,,,,,,,,,,,,,,,,,,,,,,,,,,,,,,,,,,,,,,,,,,false,false,,,,,,,,,,,,,,,,,,,,,,,,
,Tienda La Esquina,,Luis Perez,Owner,luis@tiendalaesquina.example.com,Peru,Retail,,,,,,,batch_da647320dc82,generic,,,,,,,,,,,cand_e94e83e9d868,,,tiendalaesquina.example.com,,,,,,,"{""source_provider"": ""generic"", ""raw_data_json"": ""{\""source_provider\"": \""generic\"", \""raw_data_json\"": \""{\\\""source_provider\\\"": \\\""generic\\\"", \\\""raw_data_json\\\"": \\\""{\\\\\\\""lead_id\\\\\\\"": \\\\\\\""lead_weak_001\\\\\\\"", \\\\\\\""source\\\\\\\"": \\\\\\\""manual\\\\\\\"", \\\\\\\""manual_context\\\\\\\"": \\\\\\\""Negocio local B2C sin senales claras de venta consultiva B2B.\\\\\\\"", \\\\\\\""action\\\\\\\"": \\\\\\\""research_and_draft\\\\\\\"", \\\\\\\""status\\\\\\\"": \\\\\\\""new\\\\\\\"", \\\\\\\""approved\\\\\\\"": \\\\\\\""false\\\\\\\""}\\\""}\""}""}",duplicate,,,email:luis@tiendalaesquina.example.com,cand_6c6b32d8d428,,,,,,,,,,,,,,,,,,,,,,,,,,,,,,,,,,,,,,,,,,,,,,false,false,,,,,,,,,,,,,,,,,,,,,,,,
,Nova Cyber Advisors,https://novacyber.example.com,Martin Silva,Sales Director,martin@novacyber.example.com,Colombia,Cybersecurity,,,,,,,batch_da647320dc82,generic,,,,,,,,,,,cand_7c190f3f0b72,,,novacyber.example.com,,,,,,,"{""source_provider"": ""generic"", ""raw_data_json"": ""{\""source_provider\"": \""generic\"", \""raw_data_json\"": \""{\\\""source_provider\\\"": \\\""generic\\\"", \\\""raw_data_json\\\"": \\\""{\\\\\\\""lead_id\\\\\\\"": \\\\\\\""lead_revision_001\\\\\\\"", \\\\\\\""source\\\\\\\"": \\\\\\\""manual\\\\\\\"", \\\\\\\""manual_context\\\\\\\"": \\\\\\\""Firma de ciberseguridad con servicios para empresas medianas. Draft previo demasiado generico.\\\\\\\"", \\\\\\\""action\\\\\\\"": \\\\\\\""revise\\\\\\\"", \\\\\\\""status\\\\\\\"": \\\\\\\""drafted\\\\\\\"", \\\\\\\""approved\\\\\\\"": \\\\\\\""false\\\\\\\"", \\\\\\\""revision_instruction\\\\\\\"": \\\\\\\""Hazlo mas directo y menciona trazabilidad de evidencia.\\\\\\\""}\\\""}\""}""}",duplicate,,,email:martin@novacyber.example.com,cand_fbfa53bb3252,,,,,,,,,,,,,,,,,,,,,,,,,,,,,,,,,,,,,,,,,,,,,,false,false,,,,,,,,,,,,,,,,,,,,,,,,
,Tienda La Esquina,,Luis Perez,Owner,luis@tiendalaesquina.example.com,Peru,Retail,,,,,,,batch_da647320dc82,generic,,,,,,,,,,,cand_35decadb470b,,,tiendalaesquina.example.com,,,,,,,"{""source_provider"": ""generic"", ""raw_data_json"": ""{\""source_provider\"": \""generic\"", \""raw_data_json\"": \""{\\\""source_provider\\\"": \\\""generic\\\"", \\\""raw_data_json\\\"": \\\""{\\\\\\\""source_provider\\\\\\\"": \\\\\\\""generic\\\\\\\"", \\\\\\\""raw_data_json\\\\\\\"": \\\\\\\""{\\\\\\\\\\\\\\\""lead_id\\\\\\\\\\\\\\\"": \\\\\\\\\\\\\\\""lead_weak_001\\\\\\\\\\\\\\\"", \\\\\\\\\\\\\\\""source\\\\\\\\\\\\\\\"": \\\\\\\\\\\\\\\""manual\\\\\\\\\\\\\\\"", \\\\\\\\\\\\\\\""manual_context\\\\\\\\\\\\\\\"": \\\\\\\\\\\\\\\""Negocio local B2C sin senales claras de venta consultiva B2B.\\\\\\\\\\\\\\\"", \\\\\\\\\\\\\\\""action\\\\\\\\\\\\\\\"": \\\\\\\\\\\\\\\""research_and_draft\\\\\\\\\\\\\\\"", \\\\\\\\\\\\\\\""status\\\\\\\\\\\\\\\"": \\\\\\\\\\\\\\\""new\\\\\\\\\\\\\\\"", \\\\\\\\\\\\\\\""approved\\\\\\\\\\\\\\\"": \\\\\\\\\\\\\\\""false\\\\\\\\\\\\\\\""}\\\\\\\""}\\\""}\""}""}",duplicate,,,email:luis@tiendalaesquina.example.com,cand_6c6b32d8d428,,,,,,,,,,,,,,,,,,,,,,,,,,,,,,,,,,,,,,,,,,,,,,false,false,,,,,,,,,,,,,,,,,,,,,,,,
,Nova Cyber Advisors,https://novacyber.example.com,Martin Silva,Sales Director,martin@novacyber.example.com,Colombia,Cybersecurity,,,,,,,batch_da647320dc82,generic,,,,,,,,,,,cand_87e73f1427bf,,,novacyber.example.com,,,,,,,"{""source_provider"": ""generic"", ""raw_data_json"": ""{\""source_provider\"": \""generic\"", \""raw_data_json\"": \""{\\\""source_provider\\\"": \\\""generic\\\"", \\\""raw_data_json\\\"": \\\""{\\\\\\\""source_provider\\\\\\\"": \\\\\\\""generic\\\\\\\"", \\\\\\\""raw_data_json\\\\\\\"": \\\\\\\""{\\\\\\\\\\\\\\\""lead_id\\\\\\\\\\\\\\\"": \\\\\\\\\\\\\\\""lead_revision_001\\\\\\\\\\\\\\\"", \\\\\\\\\\\\\\\""source\\\\\\\\\\\\\\\"": \\\\\\\\\\\\\\\""manual\\\\\\\\\\\\\\\"", \\\\\\\\\\\\\\\""manual_context\\\\\\\\\\\\\\\"": \\\\\\\\\\\\\\\""Firma de ciberseguridad con servicios para empresas medianas. Draft previo demasiado generico.\\\\\\\\\\\\\\\"", \\\\\\\\\\\\\\\""action\\\\\\\\\\\\\\\"": \\\\\\\\\\\\\\\""revise\\\\\\\\\\\\\\\"", \\\\\\\\\\\\\\\""status\\\\\\\\\\\\\\\"": \\\\\\\\\\\\\\\""drafted\\\\\\\\\\\\\\\"", \\\\\\\\\\\\\\\""approved\\\\\\\\\\\\\\\"": \\\\\\\\\\\\\\\""false\\\\\\\\\\\\\\\"", \\\\\\\\\\\\\\\""revision_instruction\\\\\\\\\\\\\\\"": \\\\\\\\\\\\\\\""Hazlo mas directo y menciona trazabilidad de evidencia.\\\\\\\\\\\\\\\""}\\\\\\\""}\\\""}\""}""}",duplicate,,,email:martin@novacyber.example.com,cand_fbfa53bb3252,,,,,,,,,,,,,,,,,,,,,,,,,,,,,,,,,,,,,,,,,,,,,,false,false,,,,,,,,,,,,,,,,,,,,,,,,
,Tienda La Esquina,,Luis Perez,Owner,luis@tiendalaesquina.example.com,Peru,Retail,,,,,,,batch_da647320dc82,generic,,,,,,,,,,,cand_6c6b32d8d428,,,tiendalaesquina.example.com,,,,,,,"{""source_provider"": ""generic"", ""raw_data_json"": ""{\""source_provider\"": \""generic\"", \""raw_data_json\"": \""{\\\""source_provider\\\"": \\\""generic\\\"", \\\""raw_data_json\\\"": \\\""{\\\\\\\""lead_id\\\\\\\"": \\\\\\\""cand_35decadb470b\\\\\\\"", \\\\\\\""source\\\\\\\"": \\\\\\\""generic\\\\\\\"", \\\\\\\""action\\\\\\\"": \\\\\\\""research_and_draft\\\\\\\"", \\\\\\\""status\\\\\\\"": \\\\\\\""discard\\\\\\\"", \\\\\\\""approved\\\\\\\"": \\\\\\\""false\\\\\\\"", \\\\\\\""revision_count\\\\\\\"": \\\\\\\""0\\\\\\\"", \\\\\\\""export_ready\\\\\\\"": \\\\\\\""false\\\\\\\"", \\\\\\\""agent_note\\\\\\\"": \\\\\\\""Enrichment recommended discard. No draft generated.\\\\\\\""}\\\""}\""}""}",duplicate,,,email:luis@tiendalaesquina.example.com,cand_6c6b32d8d428,,,,,,,,,,,,,,,,,,,,,,,,,,,,,,,,,,,,,,,,,,,,,,false,false,,,,,,,,,,,,,,,,,,,,,,,,
,Nova Cyber Advisors,https://novacyber.example.com,Martin Silva,Sales Director,martin@novacyber.example.com,Colombia,Cybersecurity,,,,,,,batch_da647320dc82,generic,,,,,,,,,,,cand_fbfa53bb3252,,,novacyber.example.com,,,,,,,"{""source_provider"": ""generic"", ""raw_data_json"": ""{\""source_provider\"": \""generic\"", \""raw_data_json\"": \""{\\\""source_provider\\\"": \\\""generic\\\"", \\\""raw_data_json\\\"": \\\""{\\\\\\\""lead_id\\\\\\\"": \\\\\\\""cand_87e73f1427bf\\\\\\\"", \\\\\\\""source\\\\\\\"": \\\\\\\""generic\\\\\\\"", \\\\\\\""action\\\\\\\"": \\\\\\\""research_and_draft\\\\\\\"", \\\\\\\""status\\\\\\\"": \\\\\\\""discard\\\\\\\"", \\\\\\\""approved\\\\\\\"": \\\\\\\""false\\\\\\\"", \\\\\\\""revision_count\\\\\\\"": \\\\\\\""0\\\\\\\"", \\\\\\\""export_ready\\\\\\\"": \\\\\\\""false\\\\\\\"", \\\\\\\""agent_note\\\\\\\"": \\\\\\\""Enrichment recommended discard. No draft generated.\\\\\\\""}\\\""}\""}""}",duplicate,,,email:martin@novacyber.example.com,cand_fbfa53bb3252,,,,,,,,,,,,,,,,,,,,,,,,,,,,,,,,,,,,,,,,,,,,,,false,false,,,,,,,,,,,,,,,,,,,,,,,,
,Tienda La Esquina,,Luis Perez,Owner,luis@tiendalaesquina.example.com,Peru,Retail,,,,,,,batch_da647320dc82,generic,,,,,,,,,,,cand_7c7c23133b9c,,,tiendalaesquina.example.com,,,,,,,"{""source_provider"": ""generic"", ""raw_data_json"": ""{\""source_provider\"": \""generic\"", \""raw_data_json\"": \""{\\\""lead_id\\\"": \\\""cand_35decadb470b\\\"", \\\""source\\\"": \\\""generic\\\"", \\\""action\\\"": \\\""research_and_draft\\\"", \\\""status\\\"": \\\""insufficient_data\\\"", \\\""approved\\\"": \\\""false\\\"", \\\""revision_count\\\"": \\\""0\\\"", \\\""export_ready\\\"": \\\""false\\\"", \\\""agent_note\\\"": \\\""Enrichment complete. Status: insufficient_data, confidence: 30, recommended_action: discard.\\\""}\""}""}",duplicate,,,email:luis@tiendalaesquina.example.com,cand_6c6b32d8d428,,,,,,,,,,,,,,,,,,,,,,,,,,,,,,,,,,,,,,,,,,,,,,false,false,,,,,,,,,,,,,,,,,,,,,,,,
,Nova Cyber Advisors,https://novacyber.example.com,Martin Silva,Sales Director,martin@novacyber.example.com,Colombia,Cybersecurity,,,,,,,batch_da647320dc82,generic,,,,,,,,,,,cand_4c5bef35d058,,,novacyber.example.com,,,,,,,"{""source_provider"": ""generic"", ""raw_data_json"": ""{\""source_provider\"": \""generic\"", \""raw_data_json\"": \""{\\\""lead_id\\\"": \\\""cand_87e73f1427bf\\\"", \\\""source\\\"": \\\""generic\\\"", \\\""action\\\"": \\\""research_and_draft\\\"", \\\""status\\\"": \\\""insufficient_data\\\"", \\\""approved\\\"": \\\""false\\\"", \\\""revision_count\\\"": \\\""0\\\"", \\\""export_ready\\\"": \\\""false\\\"", \\\""agent_note\\\"": \\\""Enrichment complete. Status: insufficient_data, confidence: 30, recommended_action: discard.\\\""}\""}""}",duplicate,,,email:martin@novacyber.example.com,cand_fbfa53bb3252,,,,,,,,,,,,,,,,,,,,,,,,,,,,,,,,,,,,,,,,,,,,,,false,false,,,,,,,,,,,,,,,,,,,,,,,,
,Tienda La Esquina,,Luis Perez,Owner,luis@tiendalaesquina.example.com,Peru,Retail,,,,,,,batch_da647320dc82,generic,,,,,,,,,,,cand_645e73e151c6,,,tiendalaesquina.example.com,,,,,,,"{""source_provider"": ""generic"", ""raw_data_json"": ""{\""source_provider\"": \""generic\"", \""raw_data_json\"": \""{\\\""source_provider\\\"": \\\""generic\\\"", \\\""raw_data_json\\\"": \\\""{\\\\\\\""lead_id\\\\\\\"": \\\\\\\""lead_weak_001\\\\\\\"", \\\\\\\""source\\\\\\\"": \\\\\\\""manual\\\\\\\"", \\\\\\\""manual_context\\\\\\\"": \\\\\\\""Negocio local B2C sin senales claras de venta consultiva B2B.\\\\\\\"", \\\\\\\""action\\\\\\\"": \\\\\\\""research_and_draft\\\\\\\"", \\\\\\\""status\\\\\\\"": \\\\\\\""new\\\\\\\"", \\\\\\\""approved\\\\\\\"": \\\\\\\""false\\\\\\\""}\\\""}\""}""}",duplicate,,,email:luis@tiendalaesquina.example.com,cand_6c6b32d8d428,,,,,,,,,,,,,,,,,,,,,,,,,,,,,,,,,,,,,,,,,,,,,,false,false,,,,,,,,,,,,,,,,,,,,,,,,
,Nova Cyber Advisors,https://novacyber.example.com,Martin Silva,Sales Director,martin@novacyber.example.com,Colombia,Cybersecurity,,,,,,,batch_da647320dc82,generic,,,,,,,,,,,cand_51d2cbd0d029,,,novacyber.example.com,,,,,,,"{""source_provider"": ""generic"", ""raw_data_json"": ""{\""source_provider\"": \""generic\"", \""raw_data_json\"": \""{\\\""source_provider\\\"": \\\""generic\\\"", \\\""raw_data_json\\\"": \\\""{\\\\\\\""lead_id\\\\\\\"": \\\\\\\""lead_revision_001\\\\\\\"", \\\\\\\""source\\\\\\\"": \\\\\\\""manual\\\\\\\"", \\\\\\\""manual_context\\\\\\\"": \\\\\\\""Firma de ciberseguridad con servicios para empresas medianas. Draft previo demasiado generico.\\\\\\\"", \\\\\\\""action\\\\\\\"": \\\\\\\""revise\\\\\\\"", \\\\\\\""status\\\\\\\"": \\\\\\\""drafted\\\\\\\"", \\\\\\\""approved\\\\\\\"": \\\\\\\""false\\\\\\\"", \\\\\\\""revision_instruction\\\\\\\"": \\\\\\\""Hazlo mas directo y menciona trazabilidad de evidencia.\\\\\\\""}\\\""}\""}""}",duplicate,,,email:martin@novacyber.example.com,cand_fbfa53bb3252,,,,,,,,,,,,,,,,,,,,,,,,,,,,,,,,,,,,,,,,,,,,,,false,false,,,,,,,,,,,,,,,,,,,,,,,,
,Tienda La Esquina,,Luis Perez,Owner,luis@tiendalaesquina.example.com,Peru,Retail,,,,,,,batch_da647320dc82,generic,,,,,,,,,,,cand_35decadb470b,,,tiendalaesquina.example.com,,,,,,,"{""source_provider"": ""generic"", ""raw_data_json"": ""{\""source_provider\"": \""generic\"", \""raw_data_json\"": \""{\\\""source_provider\\\"": \\\""generic\\\"", \\\""raw_data_json\\\"": \\\""{\\\\\\\""source_provider\\\\\\\"": \\\\\\\""generic\\\\\\\"", \\\\\\\""raw_data_json\\\\\\\"": \\\\\\\""{\\\\\\\\\\\\\\\""lead_id\\\\\\\\\\\\\\\"": \\\\\\\\\\\\\\\""lead_weak_001\\\\\\\\\\\\\\\"", \\\\\\\\\\\\\\\""source\\\\\\\\\\\\\\\"": \\\\\\\\\\\\\\\""manual\\\\\\\\\\\\\\\"", \\\\\\\\\\\\\\\""manual_context\\\\\\\\\\\\\\\"": \\\\\\\\\\\\\\\""Negocio local B2C sin senales claras de venta consultiva B2B.\\\\\\\\\\\\\\\"", \\\\\\\\\\\\\\\""action\\\\\\\\\\\\\\\"": \\\\\\\\\\\\\\\""research_and_draft\\\\\\\\\\\\\\\"", \\\\\\\\\\\\\\\""status\\\\\\\\\\\\\\\"": \\\\\\\\\\\\\\\""new\\\\\\\\\\\\\\\"", \\\\\\\\\\\\\\\""approved\\\\\\\\\\\\\\\"": \\\\\\\\\\\\\\\""false\\\\\\\\\\\\\\\""}\\\\\\\""}\\\""}\""}""}",duplicate,,,email:luis@tiendalaesquina.example.com,cand_6c6b32d8d428,,,,,,,,,,,,,,,,,,,,,,,,,,,,,,,,,,,,,,,,,,,,,,false,false,,,,,,,,,,,,,,,,,,,,,,,,
,Nova Cyber Advisors,https://novacyber.example.com,Martin Silva,Sales Director,martin@novacyber.example.com,Colombia,Cybersecurity,,,,,,,batch_da647320dc82,generic,,,,,,,,,,,cand_87e73f1427bf,,,novacyber.example.com,,,,,,,"{""source_provider"": ""generic"", ""raw_data_json"": ""{\""source_provider\"": \""generic\"", \""raw_data_json\"": \""{\\\""source_provider\\\"": \\\""generic\\\"", \\\""raw_data_json\\\"": \\\""{\\\\\\\""source_provider\\\\\\\"": \\\\\\\""generic\\\\\\\"", \\\\\\\""raw_data_json\\\\\\\"": \\\\\\\""{\\\\\\\\\\\\\\\""lead_id\\\\\\\\\\\\\\\"": \\\\\\\\\\\\\\\""lead_revision_001\\\\\\\\\\\\\\\"", \\\\\\\\\\\\\\\""source\\\\\\\\\\\\\\\"": \\\\\\\\\\\\\\\""manual\\\\\\\\\\\\\\\"", \\\\\\\\\\\\\\\""manual_context\\\\\\\\\\\\\\\"": \\\\\\\\\\\\\\\""Firma de ciberseguridad con servicios para empresas medianas. Draft previo demasiado generico.\\\\\\\\\\\\\\\"", \\\\\\\\\\\\\\\""action\\\\\\\\\\\\\\\"": \\\\\\\\\\\\\\\""revise\\\\\\\\\\\\\\\"", \\\\\\\\\\\\\\\""status\\\\\\\\\\\\\\\"": \\\\\\\\\\\\\\\""drafted\\\\\\\\\\\\\\\"", \\\\\\\\\\\\\\\""approved\\\\\\\\\\\\\\\"": \\\\\\\\\\\\\\\""false\\\\\\\\\\\\\\\"", \\\\\\\\\\\\\\\""revision_instruction\\\\\\\\\\\\\\\"": \\\\\\\\\\\\\\\""Hazlo mas directo y menciona trazabilidad de evidencia.\\\\\\\\\\\\\\\""}\\\\\\\""}\\\""}\""}""}",duplicate,,,email:martin@novacyber.example.com,cand_fbfa53bb3252,,,,,,,,,,,,,,,,,,,,,,,,,,,,,,,,,,,,,,,,,,,,,,false,false,,,,,,,,,,,,,,,,,,,,,,,,
,Tienda La Esquina,,Luis Perez,Owner,luis@tiendalaesquina.example.com,Peru,Retail,,,,,,,batch_da647320dc82,generic,,,,,,,,,,,cand_3993f593326f,,,tiendalaesquina.example.com,,,,,,,"{""source_provider"": ""generic"", ""raw_data_json"": ""{\""source_provider\"": \""generic\"", \""raw_data_json\"": \""{\\\""source_provider\\\"": \\\""generic\\\"", \\\""raw_data_json\\\"": \\\""{\\\\\\\""lead_id\\\\\\\"": \\\\\\\""cand_35decadb470b\\\\\\\"", \\\\\\\""source\\\\\\\"": \\\\\\\""generic\\\\\\\"", \\\\\\\""action\\\\\\\"": \\\\\\\""research_and_draft\\\\\\\"", \\\\\\\""status\\\\\\\"": \\\\\\\""discard\\\\\\\"", \\\\\\\""approved\\\\\\\"": \\\\\\\""false\\\\\\\"", \\\\\\\""revision_count\\\\\\\"": \\\\\\\""0\\\\\\\"", \\\\\\\""export_ready\\\\\\\"": \\\\\\\""false\\\\\\\"", \\\\\\\""agent_note\\\\\\\"": \\\\\\\""Enrichment recommended discard. No draft generated.\\\\\\\""}\\\""}\""}""}",duplicate,,,email:luis@tiendalaesquina.example.com,cand_6c6b32d8d428,,,,,,,,,,,,,,,,,,,,,,,,,,,,,,,,,,,,,,,,,,,,,,false,false,,,,,,,,,,,,,,,,,,,,,,,,
,Nova Cyber Advisors,https://novacyber.example.com,Martin Silva,Sales Director,martin@novacyber.example.com,Colombia,Cybersecurity,,,,,,,batch_da647320dc82,generic,,,,,,,,,,,cand_014e30539043,,,novacyber.example.com,,,,,,,"{""source_provider"": ""generic"", ""raw_data_json"": ""{\""source_provider\"": \""generic\"", \""raw_data_json\"": \""{\\\""source_provider\\\"": \\\""generic\\\"", \\\""raw_data_json\\\"": \\\""{\\\\\\\""lead_id\\\\\\\"": \\\\\\\""cand_87e73f1427bf\\\\\\\"", \\\\\\\""source\\\\\\\"": \\\\\\\""generic\\\\\\\"", \\\\\\\""action\\\\\\\"": \\\\\\\""research_and_draft\\\\\\\"", \\\\\\\""status\\\\\\\"": \\\\\\\""discard\\\\\\\"", \\\\\\\""approved\\\\\\\"": \\\\\\\""false\\\\\\\"", \\\\\\\""revision_count\\\\\\\"": \\\\\\\""0\\\\\\\"", \\\\\\\""export_ready\\\\\\\"": \\\\\\\""false\\\\\\\"", \\\\\\\""agent_note\\\\\\\"": \\\\\\\""Enrichment recommended discard. No draft generated.\\\\\\\""}\\\""}\""}""}",duplicate,,,email:martin@novacyber.example.com,cand_fbfa53bb3252,,,,,,,,,,,,,,,,,,,,,,,,,,,,,,,,,,,,,,,,,,,,,,false,false,,,,,,,,,,,,,,,,,,,,,,,,
,Tienda La Esquina,,Luis Perez,Owner,luis@tiendalaesquina.example.com,Peru,Retail,,,,,,,batch_da647320dc82,generic,,,,,,,,,,,cand_e94e83e9d868,,,tiendalaesquina.example.com,,,,,,,"{""source_provider"": ""generic"", ""raw_data_json"": ""{\""source_provider\"": \""generic\"", \""raw_data_json\"": \""{\\\""source_provider\\\"": \\\""generic\\\"", \\\""raw_data_json\\\"": \\\""{\\\\\\\""source_provider\\\\\\\"": \\\\\\\""generic\\\\\\\"", \\\\\\\""raw_data_json\\\\\\\"": \\\\\\\""{\\\\\\\\\\\\\\\""lead_id\\\\\\\\\\\\\\\"": \\\\\\\\\\\\\\\""lead_weak_001\\\\\\\\\\\\\\\"", \\\\\\\\\\\\\\\""source\\\\\\\\\\\\\\\"": \\\\\\\\\\\\\\\""manual\\\\\\\\\\\\\\\"", \\\\\\\\\\\\\\\""manual_context\\\\\\\\\\\\\\\"": \\\\\\\\\\\\\\\""Negocio local B2C sin senales claras de venta consultiva B2B.\\\\\\\\\\\\\\\"", \\\\\\\\\\\\\\\""action\\\\\\\\\\\\\\\"": \\\\\\\\\\\\\\\""research_and_draft\\\\\\\\\\\\\\\"", \\\\\\\\\\\\\\\""status\\\\\\\\\\\\\\\"": \\\\\\\\\\\\\\\""new\\\\\\\\\\\\\\\"", \\\\\\\\\\\\\\\""approved\\\\\\\\\\\\\\\"": \\\\\\\\\\\\\\\""false\\\\\\\\\\\\\\\""}\\\\\\\""}\\\""}\""}""}",duplicate,,,email:luis@tiendalaesquina.example.com,cand_6c6b32d8d428,,,,,,,,,,,,,,,,,,,,,,,,,,,,,,,,,,,,,,,,,,,,,,false,false,,,,,,,,,,,,,,,,,,,,,,,,
,Nova Cyber Advisors,https://novacyber.example.com,Martin Silva,Sales Director,martin@novacyber.example.com,Colombia,Cybersecurity,,,,,,,batch_da647320dc82,generic,,,,,,,,,,,cand_7c190f3f0b72,,,novacyber.example.com,,,,,,,"{""source_provider"": ""generic"", ""raw_data_json"": ""{\""source_provider\"": \""generic\"", \""raw_data_json\"": \""{\\\""source_provider\\\"": \\\""generic\\\"", \\\""raw_data_json\\\"": \\\""{\\\\\\\""source_provider\\\\\\\"": \\\\\\\""generic\\\\\\\"", \\\\\\\""raw_data_json\\\\\\\"": \\\\\\\""{\\\\\\\\\\\\\\\""lead_id\\\\\\\\\\\\\\\"": \\\\\\\\\\\\\\\""lead_revision_001\\\\\\\\\\\\\\\"", \\\\\\\\\\\\\\\""source\\\\\\\\\\\\\\\"": \\\\\\\\\\\\\\\""manual\\\\\\\\\\\\\\\"", \\\\\\\\\\\\\\\""manual_context\\\\\\\\\\\\\\\"": \\\\\\\\\\\\\\\""Firma de ciberseguridad con servicios para empresas medianas. Draft previo demasiado generico.\\\\\\\\\\\\\\\"", \\\\\\\\\\\\\\\""action\\\\\\\\\\\\\\\"": \\\\\\\\\\\\\\\""revise\\\\\\\\\\\\\\\"", \\\\\\\\\\\\\\\""status\\\\\\\\\\\\\\\"": \\\\\\\\\\\\\\\""drafted\\\\\\\\\\\\\\\"", \\\\\\\\\\\\\\\""approved\\\\\\\\\\\\\\\"": \\\\\\\\\\\\\\\""false\\\\\\\\\\\\\\\"", \\\\\\\\\\\\\\\""revision_instruction\\\\\\\\\\\\\\\"": \\\\\\\\\\\\\\\""Hazlo mas directo y menciona trazabilidad de evidencia.\\\\\\\\\\\\\\\""}\\\\\\\""}\\\""}\""}""}",duplicate,,,email:martin@novacyber.example.com,cand_fbfa53bb3252,,,,,,,,,,,,,,,,,,,,,,,,,,,,,,,,,,,,,,,,,,,,,,false,false,,,,,,,,,,,,,,,,,,,,,,,,
,Tienda La Esquina,,Luis Perez,Owner,luis@tiendalaesquina.example.com,Peru,Retail,,,,,,,batch_da647320dc82,generic,,,,,,,,,,,cand_35decadb470b,,,tiendalaesquina.example.com,,,,,,,"{""source_provider"": ""generic"", ""raw_data_json"": ""{\""source_provider\"": \""generic\"", \""raw_data_json\"": \""{\\\""source_provider\\\"": \\\""generic\\\"", \\\""raw_data_json\\\"": \\\""{\\\\\\\""source_provider\\\\\\\"": \\\\\\\""generic\\\\\\\"", \\\\\\\""raw_data_json\\\\\\\"": \\\\\\\""{\\\\\\\\\\\\\\\""source_provider\\\\\\\\\\\\\\\"": \\\\\\\\\\\\\\\""generic\\\\\\\\\\\\\\\"", \\\\\\\\\\\\\\\""raw_data_json\\\\\\\\\\\\\\\"": \\\\\\\\\\\\\\\""{\\\\\\\\\\\\\\\\\\\\\\\\\\\\\\\""lead_id\\\\\\\\\\\\\\\\\\\\\\\\\\\\\\\"": \\\\\\\\\\\\\\\\\\\\\\\\\\\\\\\""lead_weak_001\\\\\\\\\\\\\\\\\\\\\\\\\\\\\\\"", \\\\\\\\\\\\\\\\\\\\\\\\\\\\\\\""source\\\\\\\\\\\\\\\\\\\\\\\\\\\\\\\"": \\\\\\\\\\\\\\\\\\\\\\\\\\\\\\\""manual\\\\\\\\\\\\\\\\\\\\\\\\\\\\\\\"", \\\\\\\\\\\\\\\\\\\\\\\\\\\\\\\""manual_context\\\\\\\\\\\\\\\\\\\\\\\\\\\\\\\"": \\\\\\\\\\\\\\\\\\\\\\\\\\\\\\\""Negocio local B2C sin senales claras de venta consultiva B2B.\\\\\\\\\\\\\\\\\\\\\\\\\\\\\\\"", \\\\\\\\\\\\\\\\\\\\\\\\\\\\\\\""action\\\\\\\\\\\\\\\\\\\\\\\\\\\\\\\"": \\\\\\\\\\\\\\\\\\\\\\\\\\\\\\\""research_and_draft\\\\\\\\\\\\\\\\\\\\\\\\\\\\\\\"", \\\\\\\\\\\\\\\\\\\\\\\\\\\\\\\""status\\\\\\\\\\\\\\\\\\\\\\\\\\\\\\\"": \\\\\\\\\\\\\\\\\\\\\\\\\\\\\\\""new\\\\\\\\\\\\\\\\\\\\\\\\\\\\\\\"", \\\\\\\\\\\\\\\\\\\\\\\\\\\\\\\""approved\\\\\\\\\\\\\\\\\\\\\\\\\\\\\\\"": \\\\\\\\\\\\\\\\\\\\\\\\\\\\\\\""false\\\\\\\\\\\\\\\\\\\\\\\\\\\\\\\""}\\\\\\\\\\\\\\\""}\\\\\\\""}\\\""}\""}""}",needs_review,,,email:luis@tiendalaesquina.example.com,cand_6c6b32d8d428,,,,,,,,,,,,,,,,,,,,,,,,,,,,,,,,,,,,,,,,,missing_required_context,"Missing required fields: company_linkedin_url, prospect_linkedin_url, manual_company_linkedin_text, manual_person_linkedin_text",not_evaluated,0,ICP not evaluated until required LinkedIn URLs and pasted LinkedIn content are present.,false,false,,,,,,,,,,,,,,,,,,,,,,,,
,Nova Cyber Advisors,https://novacyber.example.com,Martin Silva,Sales Director,martin@novacyber.example.com,Colombia,Cybersecurity,,,,,,,batch_da647320dc82,generic,,,,,,,,,,,cand_87e73f1427bf,,,novacyber.example.com,,,,,,,"{""source_provider"": ""generic"", ""raw_data_json"": ""{\""source_provider\"": \""generic\"", \""raw_data_json\"": \""{\\\""source_provider\\\"": \\\""generic\\\"", \\\""raw_data_json\\\"": \\\""{\\\\\\\""source_provider\\\\\\\"": \\\\\\\""generic\\\\\\\"", \\\\\\\""raw_data_json\\\\\\\"": \\\\\\\""{\\\\\\\\\\\\\\\""source_provider\\\\\\\\\\\\\\\"": \\\\\\\\\\\\\\\""generic\\\\\\\\\\\\\\\"", \\\\\\\\\\\\\\\""raw_data_json\\\\\\\\\\\\\\\"": \\\\\\\\\\\\\\\""{\\\\\\\\\\\\\\\\\\\\\\\\\\\\\\\""lead_id\\\\\\\\\\\\\\\\\\\\\\\\\\\\\\\"": \\\\\\\\\\\\\\\\\\\\\\\\\\\\\\\""lead_revision_001\\\\\\\\\\\\\\\\\\\\\\\\\\\\\\\"", \\\\\\\\\\\\\\\\\\\\\\\\\\\\\\\""source\\\\\\\\\\\\\\\\\\\\\\\\\\\\\\\"": \\\\\\\\\\\\\\\\\\\\\\\\\\\\\\\""manual\\\\\\\\\\\\\\\\\\\\\\\\\\\\\\\"", \\\\\\\\\\\\\\\\\\\\\\\\\\\\\\\""manual_context\\\\\\\\\\\\\\\\\\\\\\\\\\\\\\\"": \\\\\\\\\\\\\\\\\\\\\\\\\\\\\\\""Firma de ciberseguridad con servicios para empresas medianas. Draft previo demasiado generico.\\\\\\\\\\\\\\\\\\\\\\\\\\\\\\\"", \\\\\\\\\\\\\\\\\\\\\\\\\\\\\\\""action\\\\\\\\\\\\\\\\\\\\\\\\\\\\\\\"": \\\\\\\\\\\\\\\\\\\\\\\\\\\\\\\""revise\\\\\\\\\\\\\\\\\\\\\\\\\\\\\\\"", \\\\\\\\\\\\\\\\\\\\\\\\\\\\\\\""status\\\\\\\\\\\\\\\\\\\\\\\\\\\\\\\"": \\\\\\\\\\\\\\\\\\\\\\\\\\\\\\\""drafted\\\\\\\\\\\\\\\\\\\\\\\\\\\\\\\"", \\\\\\\\\\\\\\\\\\\\\\\\\\\\\\\""approved\\\\\\\\\\\\\\\\\\\\\\\\\\\\\\\"": \\\\\\\\\\\\\\\\\\\\\\\\\\\\\\\""false\\\\\\\\\\\\\\\\\\\\\\\\\\\\\\\"", \\\\\\\\\\\\\\\\\\\\\\\\\\\\\\\""revision_instruction\\\\\\\\\\\\\\\\\\\\\\\\\\\\\\\"": \\\\\\\\\\\\\\\\\\\\\\\\\\\\\\\""Hazlo mas directo y menciona trazabilidad de evidencia.\\\\\\\\\\\\\\\\\\\\\\\\\\\\\\\""}\\\\\\\\\\\\\\\""}\\\\\\\""}\\\""}\""}""}",needs_review,,,email:martin@novacyber.example.com,cand_fbfa53bb3252,,,,,,,,,,,,,,,,,,,,,,,,,,,,,,,,,,,,,,,,,missing_required_context,"Missing required fields: company_linkedin_url, prospect_linkedin_url, manual_company_linkedin_text, manual_person_linkedin_text",not_evaluated,0,ICP not evaluated until required LinkedIn URLs and pasted LinkedIn content are present.,false,false,,,,,,,,,,,,,,,,,,,,,,,,
,Tienda La Esquina,,Luis Perez,Owner,luis@tiendalaesquina.example.com,Peru,Retail,,,,,,,batch_da647320dc82,generic,,,,,,,,,,,cand_6c6b32d8d428,,,tiendalaesquina.example.com,,,,,,,"{""source_provider"": ""generic"", ""raw_data_json"": ""{\""source_provider\"": \""generic\"", \""raw_data_json\"": \""{\\\""source_provider\\\"": \\\""generic\\\"", \\\""raw_data_json\\\"": \\\""{\\\\\\\""source_provider\\\\\\\"": \\\\\\\""generic\\\\\\\"", \\\\\\\""raw_data_json\\\\\\\"": \\\\\\\""{\\\\\\\\\\\\\\\""lead_id\\\\\\\\\\\\\\\"": \\\\\\\\\\\\\\\""cand_35decadb470b\\\\\\\\\\\\\\\"", \\\\\\\\\\\\\\\""source\\\\\\\\\\\\\\\"": \\\\\\\\\\\\\\\""generic\\\\\\\\\\\\\\\"", \\\\\\\\\\\\\\\""action\\\\\\\\\\\\\\\"": \\\\\\\\\\\\\\\""research_and_draft\\\\\\\\\\\\\\\"", \\\\\\\\\\\\\\\""status\\\\\\\\\\\\\\\"": \\\\\\\\\\\\\\\""discard\\\\\\\\\\\\\\\"", \\\\\\\\\\\\\\\""approved\\\\\\\\\\\\\\\"": \\\\\\\\\\\\\\\""false\\\\\\\\\\\\\\\"", \\\\\\\\\\\\\\\""revision_count\\\\\\\\\\\\\\\"": \\\\\\\\\\\\\\\""0\\\\\\\\\\\\\\\"", \\\\\\\\\\\\\\\""export_ready\\\\\\\\\\\\\\\"": \\\\\\\\\\\\\\\""false\\\\\\\\\\\\\\\"", \\\\\\\\\\\\\\\""agent_note\\\\\\\\\\\\\\\"": \\\\\\\\\\\\\\\""Enrichment recommended discard. No draft generated.\\\\\\\\\\\\\\\""}\\\\\\\""}\\\""}\""}""}",duplicate,,,email:luis@tiendalaesquina.example.com,cand_6c6b32d8d428,,,,,,,,,,,,,,,,,,,,,,,,,,,,,,,,,,,,,,,,,,,,,,false,false,,,,,,,,,,,,,,,,,,,,,,,,
,Nova Cyber Advisors,https://novacyber.example.com,Martin Silva,Sales Director,martin@novacyber.example.com,Colombia,Cybersecurity,,,,,,,batch_da647320dc82,generic,,,,,,,,,,,cand_fbfa53bb3252,,,novacyber.example.com,,,,,,,"{""source_provider"": ""generic"", ""raw_data_json"": ""{\""source_provider\"": \""generic\"", \""raw_data_json\"": \""{\\\""source_provider\\\"": \\\""generic\\\"", \\\""raw_data_json\\\"": \\\""{\\\\\\\""source_provider\\\\\\\"": \\\\\\\""generic\\\\\\\"", \\\\\\\""raw_data_json\\\\\\\"": \\\\\\\""{\\\\\\\\\\\\\\\""lead_id\\\\\\\\\\\\\\\"": \\\\\\\\\\\\\\\""cand_87e73f1427bf\\\\\\\\\\\\\\\"", \\\\\\\\\\\\\\\""source\\\\\\\\\\\\\\\"": \\\\\\\\\\\\\\\""generic\\\\\\\\\\\\\\\"", \\\\\\\\\\\\\\\""action\\\\\\\\\\\\\\\"": \\\\\\\\\\\\\\\""research_and_draft\\\\\\\\\\\\\\\"", \\\\\\\\\\\\\\\""status\\\\\\\\\\\\\\\"": \\\\\\\\\\\\\\\""discard\\\\\\\\\\\\\\\"", \\\\\\\\\\\\\\\""approved\\\\\\\\\\\\\\\"": \\\\\\\\\\\\\\\""false\\\\\\\\\\\\\\\"", \\\\\\\\\\\\\\\""revision_count\\\\\\\\\\\\\\\"": \\\\\\\\\\\\\\\""0\\\\\\\\\\\\\\\"", \\\\\\\\\\\\\\\""export_ready\\\\\\\\\\\\\\\"": \\\\\\\\\\\\\\\""false\\\\\\\\\\\\\\\"", \\\\\\\\\\\\\\\""agent_note\\\\\\\\\\\\\\\"": \\\\\\\\\\\\\\\""Enrichment recommended discard. No draft generated.\\\\\\\\\\\\\\\""}\\\\\\\""}\\\""}\""}""}",duplicate,,,email:martin@novacyber.example.com,cand_fbfa53bb3252,,,,,,,,,,,,,,,,,,,,,,,,,,,,,,,,,,,,,,,,,,,,,,false,false,,,,,,,,,,,,,,,,,,,,,,,,
lead_good_001,Andes ERP Partners,https://andeserp.example.com,Camila Rojas,Founder,,,,,,,,,,,,,,,,,,,,,,,,,,,,,,,,,,,,,,,,,,,,,,,,,,,,,,,,,,,,,,,test-run,,,,,,,,,,,,,,,,,,,,,,enr-lead_good_001,insufficient_data,,,,,,,"[""insufficient_data"", ""insufficient_data"", ""score: 20"", ""baseline interest"", ""B2B fit unknown"", ""country is supported Spanish-speaking ICP"", ""company website present"", ""prospect is tier A buyer"", ""no evidence items"", ""insufficient data risk flag"", ""missing evidence reduces confidence""]",false,,,,,,,,0,,,,30,discard,
lead_weak_001,Tienda La Esquina,,Luis Perez,Owner,,,,,,,,,,,,,,,,,,,,,,,,,,,,,,,,,,,,,,,,,,,,,,,,,,,,,,,,,,,,,,,test-run,,,,,,,,,,,,,,,,,,,,,,enr-lead_weak_001,insufficient_data,,,,,,,"[""insufficient_data"", ""insufficient_data"", ""score: 0"", ""baseline interest"", ""B2B fit unknown"", ""country is supported Spanish-speaking ICP"", ""no company website"", ""no evidence items"", ""insufficient data risk flag"", ""missing evidence reduces confidence""]",false,,,,,,,,0,,,,30,discard,
